h3_index,hour,dow,lat,lon,street_light_coverage,police_station_dist_m,crowd_density,road_quality,cctv_coverage,historical_incident_rate,safety_score
893cf2d598fffff,9,2,22.581061,88.330846,0.684,3016.3,0.6401,0.5657,0.2735,0,0.6953
893cf28b2cbffff,16,3,22.646475,88.364273,0.8137,4177.3,0.4341,0.5446,0.3019,0.5603,0.5596
893cf289267ffff,10,6,22.590113,88.412453,0.8909,2380.3,0.608,0.4229,0.2689,0.2098,0.6743
893cf2c408bffff,5,5,22.518934,88.399638,0.5722,5763.1,0.0483,0.4273,0.2937,0.3334,0.4208
893cf2c2977ffff,17,1,22.519798,88.301728,0.7693,2102.1,0.8249,0.8186,0.1426,0.5714,0.6997
893cf2c2827ffff,12,4,22.517982,88.285416,0.7306,2824.1,0.3856,0.5507,0.2512,0.5364,0.5171
893cf2d5977ffff,23,5,22.571335,88.33773,0.5047,1954.5,0.0562,0.5481,0.3689,0.891,0.4886
893cf2d4ba3ffff,18,2,22.612312,88.367749,0.5443,1684.8,0.7421,0.608,0.3385,0.7286,0.5895
893cf2d4c47ffff,22,1,22.62913,88.324772,0.6849,6093.3,0.1837,0.6304,0.345,0.4361,0.4839
893cf2c2bcfffff,5,6,22.499888,88.283725,0.5099,1428.9,0.1297,0.5091,0.3358,1.0055,0.492
893cf2c705bffff,6,5,22.507515,88.330081,0.658,1395.1,0.2126,0.5774,0.342,0.6213,0.5492
893cf2d4ac7ffff,21,3,22.599146,88.332541,0.6306,3567.3,0.3139,0.5757,0.2679,0.627,0.4846
893cf2890d3ffff,22,5,22.621294,88.398672,0.75,740.2,0,0.7823,0.4663,0.5262,0.6502
893cf2c6477ffff,23,2,22.578325,88.361774,0.6255,842.0,0.1984,0.6756,0.6138,0.4036,0.6449
893cf2c642fffff,19,5,22.580322,88.368645,0.7603,353.6,0.8226,0.5303,0.3977,0.3812,0.7327
893cf2c66b7ffff,10,1,22.570965,88.356629,0.6314,1308.7,0.7188,0.7478,0.3429,0.7394,0.6598
893cf2c4e8bffff,21,1,22.510619,88.441743,0.6915,6738.7,0.3775,0.6609,0.2704,0.771,0.4862
893cf2c5d57ffff,15,0,22.479787,88.436616,0.787,10219.6,0.3304,0.5777,0.28,0.6791,0.5167
893cf2c66afffff,0,2,22.565601,88.358353,0.4917,605.6,0.1677,0.6933,0.2536,2.6582,0.393
893cf28961bffff,8,5,22.610943,88.383216,0.7091,1269.8,0.5649,0.5889,0.3879,0.5269,0.6852
893cf2c618fffff,5,6,22.579761,88.396997,0.7115,2604.6,0.1717,0.74,0.1169,0.6708,0.5921
893cf2d5a63ffff,14,2,22.53889,88.306854,0.6093,2783.7,0.5177,0.5304,0.2767,0.8539,0.5023
893cf2c76bbffff,6,0,22.515249,88.316332,0.7292,1560.4,0.2217,0.5062,0.3268,0.4243,0.585
893cf2c44cbffff,3,6,22.526861,88.376437,0.6788,3097.2,0.1164,0.7652,0.332,0.6078,0.538
893cf2c760bffff,17,3,22.505702,88.313768,0.7972,1671.9,0.6261,0.5386,0.3199,0.6524,0.7004
893cf2c6c3bffff,6,6,22.580193,88.42879,0.7519,1148.1,0.2096,0.4596,0.314,1.4011,0.5647
893cf28945bffff,13,3,22.625845,88.384059,0.5882,2074.3,0.4985,0.5303,0.3311,0,0.6549
893cf2c612fffff,13,4,22.572025,88.410753,0.6903,792.6,0.5243,0.5743,0.402,0,0.7193
893cf2d5903ffff,10,4,22.575699,88.332571,0.8184,2896.4,0.6079,0.471,0.3907,0.5303,0.6271
893cf2c41cbffff,22,1,22.518554,88.418538,0.5954,6073.3,0,0.5985,0.3707,0.4474,0.4138
893cf28b20bffff,17,6,22.646291,88.373725,0.7786,2805.0,0.6725,0.5957,0.1636,0.3538,0.6488
893cf2d49a3ffff,10,1,22.634571,88.373738,0.7942,2897.2,0.6545,0.6352,0.3624,0.4238,0.7229
893cf289693ffff,21,0,22.621667,88.379768,0.7387,2370.1,0.4587,0.614,0.29,0.2503,0.6875
893cf2d5babffff,7,3,22.557611,88.330876,0.8855,1356.7,0.2827,0.4975,0.4676,0.6863,0.6853
893cf2896cbffff,10,2,22.608946,88.376345,0.7668,953.2,0.7183,0.7299,0.3371,0.5928,0.8053
893cf2d49c7ffff,23,1,22.628397,88.362575,0.8011,3494.8,0,0.526,0.2126,1.2056,0.4667
893cf2892c7ffff,18,3,22.597848,88.398697,0.564,1754.5,0.7362,0.7128,0.3259,0,0.6421
893cf289327ffff,23,2,22.604452,88.441658,0.5654,4513.6,0.0877,0.7058,0.2249,0.6107,0.3493
893cf2c4137ffff,12,0,22.524537,88.439153,0.7279,5325.1,0.6011,0.6514,0.2947,0.205,0.5704
893cf2c5c8bffff,11,6,22.481359,88.411703,0.7711,9465.5,0.6287,0.6761,0.2612,0.1421,0.5675
893cf2c610fffff,1,5,22.572214,88.401301,0.6481,1724.8,0.2348,0.4446,0.4339,0.4709,0.6401
893cf289377ffff,4,2,22.599277,88.433928,0.6043,3771.8,0.2561,0.6969,0.2213,0.6457,0.5092
893cf2d4d1bffff,16,4,22.641483,88.347094,0.7888,5765.1,0.6893,0.4337,0.442,0.9418,0.5236
893cf28920fffff,7,5,22.59448,88.407293,0.7724,2893.2,0.1793,0.6015,0.2959,0.3279,0.5751
893cf2890dbffff,7,0,22.618114,88.397816,0.7904,1586.3,0.2657,0.6469,0.4557,0.2522,0.6648
893cf2d5a17ffff,16,5,22.549617,88.303404,0.7463,4002.4,0.5427,0.6135,0.5095,0.7471,0.5863
893cf2c6eafffff,0,6,22.564287,88.424509,0.5805,491.0,0.1238,0.6281,0.2699,1.7261,0.529
893cf2c6387ffff,1,4,22.560675,88.391863,0.6587,2937.2,0.0839,0.5581,0.4853,0.6023,0.547
893cf2d6a73ffff,3,1,22.645391,88.310146,0.7039,8308.4,0.2124,0.5634,0.3263,0.8463,0.5348
893cf2d5b77ffff,21,4,22.549066,88.331746,0.6133,1266.4,0.3506,0.706,0.3507,0.4194,0.6528
893cf2c4c83ffff,22,0,22.536077,88.448594,0.7695,5157.4,0.0645,0.4518,0.3141,0.7783,0.4882
893cf2d4cabffff,21,4,22.639668,88.330772,0.6438,6208.2,0.3338,0.6336,0.2701,0.347,0.5055
893cf2c413bffff,16,2,22.520358,88.434861,0.805,5591.0,0.6074,0.6072,0.3131,0.6993,0.5101
893cf2c63dbffff,10,1,22.551318,88.379845,0.8201,2028.4,0.7634,0.6192,0.2679,0,0.6986
893cf2c449bffff,7,3,22.536407,88.379003,0.8123,2724.2,0.5052,0.5988,0.3202,0.7049,0.6398
893cf28b26bffff,2,2,22.638749,88.37803,0.7577,2665.2,0.0497,0.6778,0.2986,1.037,0.5163
893cf2c6563ffff,18,2,22.582132,88.384966,0.5078,1695.3,0.7203,0.6736,0.3527,0.4683,0.6388
893cf2c5c17ffff,15,5,22.48017,88.417717,0.7499,9275.1,0.3947,0.5125,0.2938,0,0.547
893cf2c73a7ffff,2,6,22.508954,88.365291,0.6862,3926.4,0.0946,0.5426,0.3277,0.3517,0.5155
893cf2c760bffff,11,2,22.505702,88.313768,0.6166,1911.5,0.4395,0.8871,0.1679,0,0.6337
893cf2d5c4fffff,21,5,22.57443,88.287912,0.5965,5843.7,0.3449,0.4047,0.2743,0.5578,0.437
893cf2d450fffff,6,0,22.641573,88.286958,0.6702,9853.7,0.2255,0.6038,0.3057,0.9903,0.5067
893cf2c446fffff,11,5,22.520121,88.393624,0.7304,5136.6,0.3239,0.5554,0.3617,0.1807,0.5039
893cf2c5d0bffff,12,5,22.480784,88.440051,0.9006,9963.3,0.538,0.558,0.2393,0,0.6365
893cf2c4367ffff,19,5,22.492711,88.430591,0.6195,8695.5,0.7464,0.6056,0.211,0.2168,0.516
893cf2c688bffff,16,0,22.57046,88.435674,0.7367,1636.7,0.4593,0.6009,0.346,0.125,0.6544
893cf2c61d3ffff,3,5,22.576768,88.38669,0.6397,1760.7,0.0347,0.5816,0.2775,0.4206,0.569
893cf2d49c7ffff,5,0,22.628397,88.362575,0.5491,3434.3,0.1281,0.6788,0.261,0.0749,0.5034
893cf2c4557ffff,6,0,22.53266,88.406497,0.7485,4469.7,0.3244,0.6966,0.3073,0.6507,0.5487
893cf288267ffff,18,3,22.641615,88.448502,0.6733,4944.2,0.5603,0.6095,0.318,0.6584,0.5625
893cf2c6d63ffff,0,3,22.58081,88.451133,0.6092,3194.2,0.1231,0.601,0.1453,0.7019,0.4703
893cf2c5cd7ffff,19,5,22.480361,88.408268,0.6742,8558.1,0.72,0.4504,0.416,0,0.5199
893cf2c6ab7ffff,1,3,22.554363,88.440844,0.7623,2707.5,0.0778,0.566,0.3441,1.0317,0.5032
893cf2d580bffff,14,0,22.565523,88.307677,0.729,3902.9,0.4265,0.4684,0.2276,0,0.571
893cf2d4e43ffff,21,6,22.605872,88.315353,0.6605,5275.1,0.236,0.5129,0.4143,0.7022,0.5007
893cf2892abffff,8,5,22.600841,88.409005,0.6561,3249.3,0.6021,0.5646,0.3301,0.5319,0.5299
893cf2c4207ffff,15,2,22.493284,88.402242,0.922,7309.8,0.5733,0.6988,0.1671,0,0.6804
893cf2c6893ffff,5,1,22.575825,88.43395,0.6874,1652.1,0,0.544,0.2902,0.9879,0.505
893cf2c64b7ffff,19,4,22.59323,88.362616,0.6143,645.8,0.6585,0.7529,0.3392,0.2534,0.6828
893cf28b277ffff,10,1,22.645108,88.379742,0.8315,2756.1,0.7325,0.6684,0.2655,0,0.704
893cf2c4e4fffff,3,0,22.496699,88.444333,0.759,8660.2,0,0.6478,0.3365,0.5882,0.5222
893cf2c290fffff,15,3,22.521981,88.299149,0.6842,2916.2,0.4315,0.5825,0.1881,0.3603,0.5003
893cf2d4ba7ffff,0,1,22.61331,88.371185,0.6272,1596.2,0.159,0.6439,0.326,0.7079,0.5596
893cf2c714bffff,14,1,22.512323,88.356698,0.766,3056.5,0.5965,0.6807,0.348,0.4338,0.5901
893cf28960bffff,1,3,22.60876,88.385796,0.7216,1303.5,0.1456,0.6187,0.3165,1.0522,0.6267
893cf2c6a43ffff,20,0,22.53646,88.42969,0.497,3703.5,0.8378,0.4546,0.2277,0.728,0.608
893cf2c7417ffff,14,3,22.534341,88.321459,0.7838,1705.9,0.3508,0.586,0.3394,0.3844,0.6457
893cf2d4923ffff,7,6,22.627028,88.378043,0.8358,2336.6,0.3644,0.6909,0.3306,0.0708,0.7034
893cf2c41c7ffff,12,0,22.522734,88.42283,0.6492,4985.4,0.562,0.6244,0.261,0.4691,0.5406
893cf2c6a63ffff,5,5,22.536269,88.439142,0.736,4243.1,0.0703,0.6299,0.3582,0.3061,0.4657
893cf2882c7ffff,18,1,22.649348,88.434741,0.7789,4111.1,0.8665,0.7092,0.4513,0.7805,0.6817
893cf2c6d73ffff,17,2,22.582994,88.448553,0.7044,3292.0,0.5795,0.5431,0.2334,0.2493,0.5958
893cf2d4963ffff,8,6,22.61967,88.372896,0.7204,2113.6,0.6106,0.7105,0.3911,0.8795,0.6285
893cf2c2b37ffff,12,3,22.504886,88.300889,0.6483,455.3,0.4512,0.4188,0.352,0.5196,0.6429
893cf2c6c57ffff,8,0,22.577201,88.418481,0.6204,448.8,0.6312,0.6206,0.2993,0.2961,0.6878
893cf2d5d53ffff,16,4,22.58579,88.306791,0.7497,5434.8,0.4569,0.8104,0.109,1.0022,0.4557
893cf2c71b3ffff,2,3,22.532415,88.365264,0.5608,1807.4,0,0.7084,0.2344,1.0997,0.4615
893cf2d5e37ffff,19,5,22.564706,88.294796,0.6002,5166.4,0.7353,0.5562,0.2174,0.3476,0.5496
893cf2d41a7ffff,8,2,22.636852,88.311017,0.7503,7368.9,0.8262,0.5412,0.3408,1.0107,0.5739
893cf2c756bffff,2,0,22.527422,88.348091,0.6414,1623.6,0.1103,0.6736,0.2863,0.8153,0.5576
893cf2c4e1bffff,22,0,22.505251,88.443466,0.6775,7875.8,0.1308,0.5522,0.2366,0.7933,0.4247
893cf289663ffff,21,6,22.604396,88.390957,0.6858,1179.7,0.281,0.8352,0.3938,0.2688,0.6689
893cf2c2dafffff,20,6,22.544618,88.286237,0.6083,5137.2,0.7508,0.5685,0.3777,0.379,0.6109
893cf2c4e47ffff,0,2,22.499882,88.445189,0.6295,8072.6,0.177,0.6017,0.2127,1.1065,0.4062
893cf2d59d3ffff,14,4,22.578064,88.320543,0.8421,3406.8,0.6124,0.6027,0.267,0.2772,0.6501
893cf2c4367ffff,18,4,22.492711,88.430591,0.6321,8675.2,0.5566,0.5912,0.337,0.3973,0.5064
893cf2c446fffff,10,6,22.520121,88.393624,0.7656,4689.1,0.7275,0.6847,0.2367,0.205,0.5897
893cf2c6883ffff,22,5,22.573641,88.43653,0.6406,1847.0,0.2372,0.5964,0.2961,0.3536,0.5757
893cf2c6c57ffff,10,2,22.577201,88.418481,0.861,669.4,0.6199,0.5688,0.4452,0.2064,0.7885
893cf2c6e03ffff,2,4,22.559111,88.41678,0.3841,1084.8,0.0764,0.553,0.282,0.9678,0.5173
893cf2c458fffff,18,6,22.542206,88.409065,0.7675,3298.8,0.8213,0.5644,0.276,0.4561,0.6526
893cf2896afffff,23,1,22.617116,88.39438,0.7433,1611.4,0.1303,0.7609,0.2793,0.5801,0.6174
893cf2882c7ffff,20,5,22.649348,88.434741,0.6583,4282.9,0.7085,0.7496,0.2298,0.7176,0.5798
893cf2d4807ffff,12,4,22.621223,88.347978,0.791,4120.7,0.6016,0.5219,0.3835,0,0.6518
893cf2c66b3ffff,6,5,22.569966,88.353194,0.7624,1394.7,0.293,0.6634,0.3938,0.3375,0.6776
893cf2d5a3bffff,15,1,22.545253,88.308563,0.6771,3347.7,0.6036,0.4481,0.3574,0.5219,0.5703
893cf28934fffff,7,4,22.594103,88.426199,0.59,2409.0,0.1706,0.6338,0.3122,0.7639,0.515
893cf2d4eabffff,16,4,22.61741,88.324787,0.7746,5020.0,0.4296,0.525,0.3022,0.6846,0.5166
893cf2d4b73ffff,7,4,22.599591,88.364327,0.8671,1034.7,0.2606,0.736,0.2826,0.8925,0.5942
893cf2c6c53ffff,10,1,22.576204,88.415045,0.6846,538.0,0.4806,0.5616,0.2563,0.1817,0.6566
893cf2893b3ffff,18,1,22.613185,88.431337,0.6361,3393.3,0.786,0.6621,0.3037,0.4315,0.6207
893cf2c684fffff,0,3,22.556547,88.438264,0.715,2223.9,0.004,0.5412,0.4369,0.7333,0.5098
893cf2d41d7ffff,17,3,22.631855,88.293843,0.7438,8701.2,0.8117,0.568,0.3477,0.3315,0.5943
893cf2d49a3ffff,0,0,22.634571,88.373738,0.5942,2866.1,0,0.565,0.27,0.4545,0.4286
893cf2c73a7ffff,12,3,22.508954,88.365291,0.7101,3532.3,0.5858,0.651,0.2927,0.6481,0.5539
893cf2d4c6bffff,13,0,22.624769,88.329932,0.787,5458.9,0.4996,0.6056,0.3828,0.3109,0.5674
893cf2c6337ffff,9,0,22.555121,88.403037,0.708,2657.0,0.6474,0.4663,0.315,0.1417,0.6304
893cf2c7063ffff,12,5,22.508329,88.342962,0.7479,1475.5,0.4566,0.7512,0.3305,0,0.7025
893cf2c71b3ffff,16,6,22.532415,88.365264,0.8918,1998.3,0.448,0.6572,0.3284,0.5822,0.6375
893cf2d58a7ffff,5,5,22.577065,88.317109,0.7433,3882.1,0.2183,0.6107,0.271,0.6274,0.5068
893cf2c73c7ffff,15,3,22.501777,88.350699,0.7892,2837.0,0.5979,0.5669,0.3553,0.6942,0.6574
893cf2c6287ffff,13,0,22.553688,88.367816,0.7572,1056.6,0.3237,0.5821,0.3383,1.0174,0.6749
893cf2d4e4fffff,8,2,22.603691,88.317933,0.7662,4882.6,0.6767,0.7311,0.3098,0.3407,0.5199
893cf2d4323ffff,18,4,22.606054,88.305904,0.8312,6445.0,0.7978,0.6896,0.436,0.4823,0.6448
893cf2c5dc3ffff,3,0,22.484159,88.431458,0.606,9615.1,0.0303,0.6381,0.4097,0.5246,0.4109
893cf2c66b3ffff,16,3,22.569966,88.353194,0.6917,1305.7,0.5203,0.6565,0.1901,0.4275,0.628
893cf2d489bffff,19,0,22.626767,88.336802,0.6995,5044.1,0.5931,0.425,0.2417,0.1927,0.5087
893cf2d5ad3ffff,11,5,22.5488,88.290524,0.8054,5180.5,0.4412,0.6939,0.2809,0.2747,0.5222
893cf2894bbffff,10,2,22.640559,88.394355,0.7603,1597.3,0.6838,0.6605,0.577,0.8235,0.7726
893cf2c292fffff,22,4,22.521797,88.308594,0.5119,2140.9,0.1293,0.6142,0.3294,0.7136,0.5672
893cf2c6ddbffff,11,4,22.587552,88.433939,0.6432,2205.2,0.4641,0.5846,0.3342,0.3091,0.6366
893cf289233ffff,2,4,22.598658,88.411586,0.7238,2999.1,0.0818,0.608,0.2234,0.6314,0.5017
893cf2d5e37ffff,1,4,22.564706,88.294796,0.7343,4920.2,0.3205,0.5599,0.4154,0.5918,0.5031
893cf2d5bc3ffff,6,3,22.553614,88.31714,0.8385,2303.2,0.2476,0.6176,0.2846,0.6312,0.6015
893cf2c6e2bffff,3,5,22.55574,88.425376,0.5475,1991.8,0.1206,0.6492,0.3679,0.7828,0.5237
893cf2c639bffff,11,0,22.558679,88.384992,0.827,2206.2,0.4434,0.6527,0.3578,0.1446,0.6594
893cf2c5493ffff,11,0,22.488047,88.343845,0.8643,3759.7,0.3802,0.6798,0.3453,0.7237,0.573
893cf2892c7ffff,11,2,22.597848,88.398697,0.7223,2530.8,0.5666,0.6083,0.3831,0.3487,0.6688
893cf2c6a63ffff,22,1,22.536269,88.439142,0.6949,4085.5,0.1611,0.5875,0.2993,0.3416,0.5083
893cf2c4e73ffff,2,4,22.500879,88.448625,0.7158,8067.3,0.0221,0.6532,0.3307,0.56,0.4457
893cf2c5593ffff,7,0,22.495037,88.367883,0.7898,5058.5,0.2304,0.5774,0.394,0.2003,0.554
893cf2d584bffff,5,6,22.558161,88.302534,0.731,4012.6,0.2463,0.4518,0.3388,0.7059,0.5265
893cf28956bffff,20,2,22.630459,88.420148,0.6532,1867.3,0.7829,0.6132,0.27,0.4147,0.6316
893cf2c0dbbffff,5,5,22.492972,88.31035,0.7153,1256.0,0.1733,0.6934,0.1838,0.9094,0.5659
893cf2d5d37ffff,12,0,22.593967,88.324817,0.7726,4176.5,0.5005,0.6426,0.3138,0.357,0.5791
893cf2d5ccfffff,13,4,22.581973,88.283607,0.7453,6706.7,0.6899,0.6506,0.4266,0.4144,0.5885
893cf28913bffff,5,2,22.624719,88.440781,0.7726,4062.8,0.0279,0.7677,0.3526,0.0919,0.5428
893cf289e53ffff,3,1,22.605449,88.445095,0.6902,5231.9,0,0.6561,0.2435,1.0142,0.4134
893cf2c64b7ffff,14,2,22.59323,88.362616,0.7041,195.0,0.3693,0.3991,0.516,0.1369,0.6783
893cf2c6ebbffff,18,5,22.565474,88.418493,0.6671,417.4,0.7967,0.6699,0.2368,0,0.7432
893cf2c63dbffff,9,0,22.551318,88.379845,0.5607,2425.3,0.6656,0.6175,0.2741,0.3153,0.582
893cf28915bffff,0,1,22.617551,88.426176,0.595,3041.2,0.1594,0.6897,0.2033,0.2998,0.556
893cf2d4867ffff,14,6,22.61368,88.352282,0.8295,3065.8,0.5567,0.696,0.3693,0.0998,0.6482
893cf2c2b37ffff,18,1,22.504886,88.300889,0.4647,597.5,0.5218,0.6077,0.407,0.846,0.589
893cf2c68abffff,18,1,22.570269,88.445127,0.6899,2727.5,0.5547,0.5298,0.2409,0.0505,0.5986
893cf2c7297ffff,19,3,22.504333,88.329227,0.5924,1757.3,0.7258,0.774,0.2875,0.6462,0.6009
893cf289697ffff,15,4,22.622665,88.383203,0.625,1858.9,0.6262,0.5568,0.4186,0.2517,0.6732
893cf2894b7ffff,9,1,22.644736,88.398648,0.7815,1561.7,0.7234,0.555,0.4832,0.5758,0.6635
893cf2d4867ffff,2,1,22.61368,88.352282,0.668,2669.0,0.1719,0.486,0.1697,1.1451,0.4461
893cf2894c3ffff,23,0,22.634386,88.383191,0.7306,1839.9,0.2056,0.6165,0.2987,0.3052,0.5839
893cf2c449bffff,0,6,22.536407,88.379003,0.6223,2906.0,0.3098,0.6667,0.2922,0.9471,0.4796
893cf2d5b77ffff,10,3,22.549066,88.331746,0.7905,1350.6,0.6769,0.6982,0.3114,0.058,0.7062
893cf2d49c7ffff,0,1,22.628397,88.362575,0.5459,3881.7,0.1044,0.6934,0.1891,0.3251,0.4663
893cf2d5bc3ffff,18,2,22.553614,88.31714,0.6809,2201.5,0.6351,0.7154,0.3459,0.4064,0.5933
893cf2c2b67ffff,5,0,22.495339,88.298327,0.5359,360.3,0.0926,0.5692,0.3035,1.3021,0.4938
893cf2c29abffff,3,1,22.528345,88.300857,0.6131,3098.2,0,0.5521,0.2356,0.8994,0.4265
893cf2c66b3ffff,18,3,22.569966,88.353194,0.7373,1209.4,0.8164,0.6233,0.3837,1.2358,0.6837
893cf2c4373ffff,12,4,22.4939,88.424576,0.665,8480.0,0.6596,0.7066,0.2342,1.0536,0.5457
893cf28b20bffff,4,5,22.646291,88.373725,0.7095,3242.5,0,0.5983,0.3324,0.7337,0.4959
893cf2d580bffff,22,5,22.565523,88.307677,0.8687,3979.2,0.0939,0.7105,0.3373,0.9104,0.5066
893cf2c6d73ffff,1,4,22.582994,88.448553,0.6558,3054.5,0.0966,0.4612,0.2825,1.1517,0.4156
893cf2c4047ffff,21,3,22.5082,88.403086,0.57,6276.9,0.4508,0.7179,0.2099,0.6105,0.4056
893cf2d4d0fffff,16,6,22.640301,88.35311,0.6593,5115.3,0.5411,0.633,0.2098,0,0.5396
893cf2c4373ffff,2,3,22.4939,88.424576,0.6964,8296.9,0.0938,0.6366,0.3999,1.3188,0.4502
893cf2d4c67ffff,19,6,22.628948,88.334222,0.7285,5296.6,0.6352,0.5199,0.4599,0.358,0.58
893cf2d5b97ffff,9,5,22.564157,88.323138,0.7137,2004.7,0.7127,0.5494,0.3508,0.199,0.6625
893cf2c4e1bffff,3,6,22.505251,88.443466,0.6428,7293.4,0.0978,0.5737,0.3109,0.8403,0.4353
893cf2d4867ffff,19,5,22.61368,88.352282,0.6419,2838.3,0.7823,0.6575,0.2444,0.6671,0.5721
893cf2c613bffff,3,1,22.573211,88.404737,0.6516,1552.1,0.1469,0.65,0.2387,0.2802,0.6011
893cf2c70cfffff,23,2,22.51388,88.331791,0.5887,495.3,0.1858,0.5921,0.1356,1.4354,0.4964
893cf2d6b4fffff,23,1,22.648207,88.329902,0.62,7593.5,0,0.7205,0.2683,0.7497,0.4676
893cf2d430bffff,7,3,22.603055,88.295601,0.7492,7242.1,0.4364,0.6275,0.3195,0.6151,0.551
893cf2d4a43ffff,18,6,22.590603,88.333411,0.6671,3369.0,0.7532,0.5082,0.1791,0.2535,0.6347
893cf2d5acbffff,22,6,22.543436,88.292249,0.4569,4557.0,0.1847,0.4832,0.1306,0.8172,0.3599
893cf289387ffff,16,6,22.612188,88.4279,0.8552,3344.8,0.5577,0.6538,0.28,0.4647,0.6017
893cf289193ffff,1,4,22.635633,88.427878,0.6171,2999.4,0.0733,0.4889,0.3465,0.6783,0.5243
893cf2c7097ffff,1,3,22.526609,88.33521,0.7048,664.6,0.0377,0.6882,0.1329,0.9918,0.5402
893cf289267ffff,12,5,22.590113,88.412453,0.7266,2403.3,0.3673,0.6177,0.1927,0.4447,0.5732
893cf28b25bffff,7,5,22.641115,88.365997,0.6909,3811.1,0.3623,0.6534,0.2321,0.3007,0.5551
893cf2d5857ffff,13,2,22.564524,88.304243,0.734,3964.9,0.7158,0.5686,0.3319,0.5869,0.628
893cf289667ffff,11,1,22.605393,88.394393,0.7729,1558.6,0.541,0.6324,0.3316,0.5493,0.6561
893cf2c610fffff,19,4,22.572214,88.401301,0.5644,2087.4,0.7327,0.4329,0.2265,0.3064,0.5682
893cf2c282fffff,18,2,22.5148,88.284562,0.6053,2283.3,0.6487,0.5594,0.3833,0,0.7027
893cf2c608fffff,6,1,22.572775,88.372949,0.6777,471.0,0.4025,0.4569,0.2586,2.2629,0.5776
893cf2c663bffff,16,4,22.559239,88.356643,0.4786,487.9,0.5817,0.4501,0.3606,1.551,0.5866
893cf2c4367ffff,14,1,22.492711,88.430591,0.8149,8307.7,0.5103,0.6269,0.3063,0.6892,0.5506
893cf2d4b73ffff,13,2,22.599591,88.364327,0.8403,1324.8,0.5387,0.3935,0.3357,0.0882,0.7317
893cf2d5a4fffff,5,3,22.536891,88.299987,0.6952,3862.2,0,0.4945,0.4345,1.0366,0.5068
893cf2c7073ffff,23,1,22.510512,88.340383,0.533,1964.5,0.0701,0.5313,0.4191,0.8404,0.5398
893cf2c6863ffff,22,3,22.558541,88.445137,0.6049,2416.9,0.0892,0.7988,0.3187,1.0028,0.5588
893cf2c4197ffff,9,5,22.532281,88.425398,0.8767,4372.0,0.9325,0.6267,0.2751,0.1631,0.6933
893cf2c4493ffff,6,4,22.539589,88.379858,0.7384,3231.6,0.1955,0.5137,0.2264,0.3038,0.57
893cf28938fffff,21,1,22.609008,88.427044,0.5898,3368.2,0.1216,0.6205,0.3478,0.279,0.525
893cf2d4ba7ffff,8,2,22.61331,88.371185,0.8326,1660.9,0.8379,0.6465,0.3213,0,0.7101
893cf2d5a0fffff,20,3,22.544253,88.305129,0.6527,3798.9,0.674,0.5623,0.3623,0.2081,0.5861
893cf2d6a73ffff,13,0,22.645391,88.310146,0.7202,8701.5,0.5072,0.4813,0.2094,0.1696,0.5384
893cf2c432bffff,13,3,22.495894,88.431447,0.7895,8385.5,0.4444,0.611,0.172,0.2926,0.5051
893cf2d4a4fffff,13,1,22.588422,88.335991,0.6424,2831.6,0.4177,0.5788,0.2095,0.3185,0.5391
893cf2d4acbffff,14,4,22.594966,88.328252,0.6489,4144.9,0.3966,0.6612,0.2297,0.3428,0.5064
893cf2c705bffff,22,2,22.507515,88.330081,0.6955,1474.0,0.125,0.5611,0.439,0.5696,0.5884
893cf2d5a8bffff,13,5,22.550799,88.297391,0.6226,5124.1,0.4535,0.6179,0.3368,0.0849,0.5479
893cf2d584bffff,0,4,22.558161,88.302534,0.6305,4441.8,0.024,0.6179,0.2242,1.4237,0.4381
893cf2d453bffff,12,2,22.642573,88.290392,0.7104,9706.0,0.3693,0.4616,0.3998,0.3298,0.5613
893cf2c430fffff,16,4,22.497083,88.425432,0.7748,8033.0,0.6066,0.5457,0.3781,0.2161,0.5914
893cf2c292fffff,9,3,22.521797,88.308594,0.8106,2441.3,0.5783,0.5281,0.3516,0.591,0.6145
893cf2c688bffff,17,4,22.57046,88.435674,0.7602,1980.1,0.7382,0.5769,0.4076,0.7824,0.6706
893cf2c7043ffff,12,6,22.508514,88.333515,0.7391,1199.7,0.5547,0.5617,0.3624,0.0807,0.6663
893cf2d5a4fffff,10,4,22.536891,88.299987,0.6414,3558.3,0.8057,0.6468,0.4014,0.3655,0.6211
893cf2d5d53ffff,22,2,22.58579,88.306791,0.5567,5455.2,0,0.6151,0.2741,0.5478,0.4111
893cf2c76bbffff,5,2,22.515249,88.316332,0.7016,1579.8,0.0292,0.6995,0.2116,0.973,0.5606
893cf2c282fffff,7,0,22.5148,88.284562,0.8076,2233.1,0.253,0.5463,0.1876,0.4272,0.6239
893cf2d4ba3ffff,7,2,22.612312,88.367749,0.7291,1902.8,0.0984,0.5894,0.4245,0.2399,0.6064
893cf2c6d73ffff,7,5,22.582994,88.448553,0.6428,3404.5,0.3022,0.6234,0.1996,0.2874,0.5648
893cf28955bffff,6,1,22.632829,88.408114,0.8612,675.7,0.2797,0.7005,0.4549,0.3092,0.7383
893cf2d5903ffff,23,1,22.575699,88.332571,0.565,2669.0,0.2689,0.5546,0.2225,0.7229,0.5262
893cf2c447bffff,8,0,22.521307,88.38761,0.7069,4433.4,0.839,0.6104,0.2818,0.2276,0.6098
893cf2c466fffff,7,2,22.497843,88.387635,0.891,5815.3,0.1019,0.6745,0.3129,0,0.5363
893cf2d4987ffff,17,2,22.635754,88.367722,0.6934,3532.7,0.6192,0.5386,0.3899,0.1733,0.5923
893cf2c6e03ffff,3,6,22.559111,88.41678,0.6622,1308.7,0.171,0.5828,0.2311,0.161,0.6051
893cf2c6c3bffff,3,2,22.580193,88.42879,0.5281,1362.7,0.0973,0.5966,0.3334,0.3532,0.5474
893cf2c61d3ffff,0,6,22.576768,88.38669,0.7427,1603.5,0.138,0.5943,0.2,1.0381,0.5455
893cf2d4ccbffff,18,3,22.632492,88.316177,0.6381,6611.2,0.7168,0.5703,0.3101,0,0.62
893cf2c6213ffff,18,3,22.547325,88.366105,0.605,1468.4,0.7844,0.4944,0.2605,0.6834,0.6672
893cf28961bffff,18,6,22.610943,88.383216,0.6959,1610.8,0.5876,0.6623,0.2921,0,0.6821
893cf2d58a7ffff,10,4,22.577065,88.317109,0.7801,3787.5,0.7039,0.5013,0.225,0.7353,0.6121
893cf2c55a7ffff,9,5,22.493662,88.383345,0.7079,5998.4,0.7429,0.5751,0.3578,0.3272,0.603
893cf28940fffff,8,2,22.632018,88.395224,0.8339,211.3,0.7724,0.9324,0.6045,0.2503,0.8902
893cf2c4283ffff,0,0,22.499839,88.394504,0.552,6228.4,0.2567,0.4814,0.2848,0.8249,0.4429
893cf28940fffff,14,6,22.632018,88.395224,0.8571,726.9,0.5147,0.6593,0.566,1.0923,0.7054
893cf2d5a33ffff,9,3,22.548434,88.309417,0.7018,3358.8,0.6582,0.6505,0.3128,0.4863,0.6192
893cf2d5b03ffff,5,5,22.553431,88.326587,0.5744,1443.1,0.1674,0.643,0.2575,0.5081,0.5292
893cf289267ffff,17,0,22.590113,88.412453,0.678,2560.5,0.5385,0.546,0.2339,0,0.5641
893cf2c6573ffff,19,1,22.584314,88.382386,0.6781,1384.4,0.7875,0.5306,0.2572,0.5342,0.6397
893cf289687ffff,17,3,22.620483,88.385784,0.8075,1939.2,0.7737,0.6378,0.2683,0,0.7272
893cf28921bffff,10,5,22.595665,88.401277,0.6583,2247.9,0.6518,0.7712,0.2497,0.241,0.6407
893cf288257ffff,20,1,22.643987,88.436466,0.6121,3951.4,0.725,0.5679,0.2585,0.7167,0.5326
893cf28b26bffff,17,3,22.638749,88.37803,0.8876,2465.8,0.7247,0.4171,0.2635,0.5096,0.6887
893cf2c6333ffff,16,1,22.554124,88.399602,0.7898,2568.5,0.7191,0.6275,0.2131,0.4848,0.5975
893cf2c4117ffff,8,2,22.524728,88.429701,0.7856,5038.5,0.7658,0.7218,0.1874,0.0036,0.6405
893cf2c6e03ffff,4,1,22.559111,88.41678,0.491,1177.1,0.1511,0.5916,0.5001,1.0654,0.5115
893cf2c5c17ffff,1,1,22.48017,88.417717,0.6002,9389.6,0.2337,0.5484,0.2772,0.6758,0.4272
893cf2d580fffff,19,3,22.566523,88.311111,0.5983,3204.2,0.5592,0.564,0.3095,0.715,0.5665
893cf2d6b4fffff,12,6,22.648207,88.329902,0.7438,7369.7,0.5768,0.4923,0.3498,0.1204,0.6092
893cf2c71c3ffff,11,1,22.523055,88.35325,0.8219,1897.5,0.3855,0.5757,0.2004,0.5331,0.621
893cf2891d7ffff,19,1,22.629274,88.426165,0.5998,2595.1,0.8123,0.604,0.3306,0.7756,0.6292
893cf2d4e8fffff,19,0,22.618592,88.318772,0.811,5661.5,0.7014,0.6411,0.298,0.9092,0.5739
893cf2d41cbffff,12,1,22.625495,88.292134,0.7964,8838.8,0.4322,0.6416,0.3697,0.0596,0.6073
893cf2d4e57ffff,11,3,22.609052,88.316208,0.7432,5418.6,0.3343,0.5873,0.2095,0.3561,0.474
893cf2c464bffff,8,6,22.497034,88.374752,0.8462,5274.4,0.5986,0.6733,0.2872,0.6236,0.504
893cf2c7357ffff,13,3,22.49641,88.352423,0.7823,3477.6,0.6725,0.5124,0.3373,0.6086,0.6009
893cf2c70afffff,12,6,22.521058,88.346381,0.659,1441.2,0.4096,0.6621,0.31,0.4705,0.6793
893cf2d41d7ffff,0,3,22.631855,88.293843,0.6788,8469.8,0,0.6352,0.3396,0.9539,0.4098
893cf289193ffff,13,4,22.635633,88.427878,0.9237,2716.1,0.6832,0.5118,0.2817,0.3557,0.7263
893cf2c6883ffff,19,6,22.573641,88.43653,0.7539,1568.3,0.7846,0.6561,0.2988,0.3482,0.7101
893cf2c63bbffff,16,3,22.558491,88.394442,0.62,2935.8,0.3501,0.5533,0.4015,0.3122,0.535
893cf2c2b87ffff,22,2,22.510435,88.28972,0.6196,1627.6,0.0956,0.6646,0.3275,0.7843,0.578
893cf2d4bc7ffff,9,2,22.606137,88.356587,0.7485,1654.7,0.689,0.6923,0.3284,0.1945,0.6818
893cf2c6183ffff,16,4,22.581944,88.394418,0.8527,2667.4,0.5724,0.6543,0.2729,0.6026,0.6504
893cf2d453bffff,8,3,22.642573,88.290392,0.7623,9694.5,0.8036,0.5269,0.2883,0.1059,0.6095
893cf2c663bffff,18,6,22.559239,88.356643,0.5062,107.8,0.8431,0.4914,0.3191,1.564,0.638
893cf2c426bffff,10,6,22.481549,88.402254,0.7462,8619.2,0.7908,0.7632,0.2328,0.8663,0.5574
893cf2d495bffff,7,5,22.618857,88.360009,0.834,3041.4,0.1995,0.5493,0.3007,0,0.5872
893cf2d4d1bffff,8,3,22.641483,88.347094,0.6767,5705.4,0.7422,0.3907,0.2223,0.5449,0.5529
893cf2c2b47ffff,1,5,22.495522,88.288882,0.6124,854.9,0.133,0.5948,0.4368,1.1229,0.604
893cf289667ffff,22,0,22.605393,88.394393,0.8048,1654.6,0.1054,0.5339,0.2287,0.2845,0.5492
893cf2c45dbffff,12,1,22.536031,88.397902,0.701,4197.7,0.4163,0.4891,0.4589,0.2469,0.5546
893cf2d4eabffff,18,4,22.61741,88.324787,0.7528,5129.0,0.7387,0.6552,0.3479,0.0823,0.6032
893cf2c610fffff,7,2,22.572214,88.401301,0.8067,2000.0,0.2715,0.613,0.2881,0.5322,0.6376
893cf2d4e8fffff,8,2,22.618592,88.318772,0.6274,5649.7,0.6172,0.7248,0.3267,0.0368,0.5403
893cf2c6223ffff,20,0,22.544955,88.378134,0.7129,2225.1,0.7767,0.513,0.3829,0.3194,0.6671
893cf2c40cfffff,18,2,22.512569,88.397927,0.6371,5966.9,0.6952,0.522,0.3317,0.1584,0.5651
893cf2c4e47ffff,12,6,22.499882,88.445189,0.8296,8147.4,0.5169,0.5935,0.3422,0.2792,0.6117
893cf2c7317ffff,15,5,22.503774,88.357567,0.8146,2987.2,0.4483,0.7366,0.3679,0.5832,0.614
893cf2c456bffff,13,6,22.526106,88.414235,0.7315,5020.9,0.4454,0.6116,0.3226,0.2259,0.578
893cf2c2dbbffff,13,6,22.5458,88.280224,0.8388,5541.6,0.4377,0.5135,0.3077,0.7353,0.4801
893cf2d4cb3ffff,19,6,22.645028,88.329047,0.6325,7216.3,0.6894,0.6172,0.183,0.3732,0.5507
893cf2c7417ffff,9,5,22.534341,88.321459,0.7724,1598.3,0.7569,0.5582,0.3216,0.5857,0.6646
893cf2c55d7ffff,10,0,22.488671,88.366173,0.7291,5043.1,0.6564,0.5763,0.3059,0.0973,0.5745
893cf2c6613ffff,21,3,22.562605,88.348049,0.3858,1262.5,0.2543,0.6146,0.2761,0.5098,0.4821
893cf2d598fffff,22,4,22.581061,88.330846,0.8183,3250.3,0.0235,0.6256,0.414,0.0634,0.6259
893cf2d5acbffff,20,5,22.543436,88.292249,0.6113,4785.8,0.7519,0.5865,0.394,0.2561,0.6204
893cf2c70cfffff,11,0,22.51388,88.331791,0.6724,635.3,0.5844,0.5514,0.2638,1.0977,0.6028
893cf2c0d3bffff,14,2,22.485422,88.314654,0.8834,2207.1,0.4851,0.5301,0.2116,0.4543,0.6452
893cf2d4b0fffff,7,2,22.602772,88.365182,0.6704,1492.8,0.3735,0.7226,0.315,0.6005,0.6197
893cf2c2b23ffff,18,6,22.501704,88.300035,0.5427,50,0.9507,0.4388,0.4486,0.994,0.6837
893cf2c66b3ffff,14,6,22.569966,88.353194,0.619,1459.9,0.5171,0.6459,0.3148,0.5003,0.6361
893cf2c4e4fffff,7,4,22.496699,88.444333,0.6707,8446.8,0.4106,0.6785,0.4299,0.1815,0.5317
893cf2c721bffff,9,2,22.492601,88.329242,0.6118,2684.2,0.84,0.4866,0.2378,0.3778,0.6607
893cf2c7367ffff,12,4,22.494039,88.364449,0.8117,4521.8,0.5068,0.7085,0.3322,0,0.5752
893cf2c644bffff,1,3,22.572149,88.350614,0.6167,1995.8,0,0.6069,0.2811,0.2232,0.5444
893cf2c41c7ffff,18,0,22.522734,88.42283,0.6197,5255.8,0.832,0.5182,0.2259,0,0.5424
893cf2c6507ffff,13,5,22.590676,88.384098,0.676,1371.9,0.2432,0.5759,0.4963,0.4379,0.6567
893cf2c6227ffff,4,6,22.545953,88.381569,0.6491,2709.7,0,0.6057,0.2125,0.2722,0.5218
893cf2d4bc7ffff,23,0,22.606137,88.356587,0.6047,1624.3,0,0.5659,0.3632,0.7363,0.5861
893cf2c7323ffff,14,0,22.500404,88.36616,0.6437,4471.4,0.1967,0.597,0.2826,0.363,0.5127
893cf2c65c3ffff,14,6,22.589864,88.371211,0.7991,861.5,0.3443,0.5857,0.316,0.3363,0.6897
893cf2d430bffff,9,2,22.603055,88.295601,0.6054,6716.2,0.5597,0.7397,0.2111,0.4063,0.528
893cf289147ffff,19,5,22.619545,88.43305,0.6847,3724.5,0.7479,0.6181,0.2612,0.4352,0.5961
893cf2c5557ffff,3,1,22.481119,88.370476,0.537,6075.0,0.1742,0.5786,0.3482,1.2611,0.4045
893cf2c55d7ffff,4,6,22.488671,88.366173,0.6565,4888.0,0.1498,0.6819,0.3295,0.7615,0.4391
893cf2d5b93ffff,2,3,22.563158,88.319704,0.7753,2381.9,0.2691,0.532,0.2939,1.1988,0.5483
893cf2d5953ffff,22,5,22.57052,88.324847,0.6789,2414.1,0.277,0.5534,0.3982,0.4155,0.5401
893cf2c4cdbffff,17,2,22.52772,88.440009,0.7933,4720.6,0.5639,0.6126,0.283,0.4075,0.6031
893cf2c4303ffff,20,3,22.499268,88.422853,0.5009,7641.9,0.6954,0.5005,0.3012,0.6537,0.486
893cf2c7083ffff,5,4,22.523427,88.334355,0.5572,984.0,0.1278,0.5754,0.222,1.3232,0.5454
893cf2c7067ffff,16,3,22.509327,88.346396,0.8098,2075.4,0.5136,0.7141,0.2775,0.42,0.6089
893cf2d419bffff,16,0,22.635034,88.294698,0.7515,9003.7,0.4376,0.622,0.2674,0.1678,0.5567
893cf2d5b93ffff,9,5,22.563158,88.319704,0.7249,2519.2,0.7318,0.427,0.2861,0.2107,0.66
893cf2c4687ffff,4,5,22.516129,88.379884,0.5291,3999.7,0.0893,0.5358,0.3833,0.4575,0.4887
893cf2d4353ffff,23,6,22.601056,88.288733,0.5811,7833.7,0.1274,0.7842,0.2128,0.8178,0.4719
893cf2c65c3ffff,16,5,22.589864,88.371211,0.8711,696.9,0.3269,0.4849,0.3548,0.1893,0.7249
893cf2d4807ffff,7,5,22.621223,88.347978,0.7497,4180.3,0.2079,0.6295,0.2792,0.3738,0.5187
893cf2d4d67ffff,9,3,22.635939,88.35827,0.8022,4407.8,0.7478,0.6257,0.2406,0.0915,0.5959
893cf2d41cbffff,4,5,22.625495,88.292134,0.7561,8536.4,0.1462,0.6919,0.3154,0.4342,0.5562
893cf2d5953ffff,20,5,22.57052,88.324847,0.5811,2447.1,0.7538,0.6448,0.4037,0.3583,0.6622
893cf2d5a63ffff,2,2,22.53889,88.306854,0.7096,3378.4,0.108,0.6234,0.1894,0,0.4986
893cf2c70afffff,7,4,22.521058,88.346381,0.7788,1839.6,0.3094,0.6661,0.1756,0.408,0.5865
893cf2c41c7ffff,23,5,22.522734,88.42283,0.5987,5274.0,0.2423,0.6986,0.2773,0.4819,0.4852
893cf2c66afffff,22,2,22.565601,88.358353,0.6102,870.7,0.1297,0.5519,0.2776,1.6192,0.5353
893cf2d4e8fffff,4,4,22.618592,88.318772,0.5766,5929.2,0.2034,0.5519,0.3362,0.3927,0.4516
893cf2c4363ffff,21,0,22.491714,88.427155,0.5623,8932.0,0.0545,0.5783,0.2535,0.5467,0.3857
893cf2c684fffff,17,3,22.556547,88.438264,0.7364,2345.6,0.6841,0.5359,0.3134,0.0188,0.6453
893cf2c63bbffff,6,3,22.558491,88.394442,0.5269,2909.4,0.1972,0.671,0.3711,0.5923,0.5293
893cf2d5acbffff,18,0,22.543436,88.292249,0.5745,4094.6,0.6007,0.6136,0.3878,0.7139,0.5521
893cf2c6dd3ffff,16,3,22.590733,88.434796,0.8692,2696.9,0.5418,0.6428,0.3459,0,0.7163
893cf289693ffff,18,1,22.621667,88.379768,0.7234,2341.9,0.8121,0.5689,0.3152,0.8114,0.6214
893cf2c426fffff,12,0,22.482547,88.405689,0.6512,8574.5,0.4257,0.621,0.2981,0.1319,0.5752
893cf2c611bffff,11,5,22.573399,88.395286,0.6353,2188.2,0.4989,0.5538,0.2392,0.407,0.5975
893cf2c4ec3ffff,16,3,22.50644,88.437451,0.7426,6884.4,0.54,0.6989,0.2977,0,0.5525
893cf2c6483ffff,11,5,22.590235,88.35231,0.7234,949.7,0.5708,0.5833,0.2814,0.183,0.71
893cf2c7153ffff,5,4,22.517689,88.354974,0.5877,2608.1,0,0.6012,0.2351,0.8463,0.4564
893cf2d5cc7ffff,8,1,22.585154,88.284462,0.7166,7368.5,0.8593,0.6228,0.2626,0.271,0.5784
893cf2c458fffff,8,0,22.542206,88.409065,0.6711,3351.0,0.8159,0.6163,0.3047,0.561,0.6744
893cf2c60afffff,8,1,22.572589,88.382399,0.8566,1256.0,0.7687,0.5544,0.2839,0.0841,0.6638
893cf2c2967ffff,1,0,22.517616,88.304307,0.6155,1903.7,0.1143,0.6345,0.384,0.6844,0.5527
893cf2c6c2bffff,17,3,22.578009,88.43137,0.8038,1655.4,0.7779,0.7388,0.3541,0.8003,0.7494
893cf289607ffff,0,4,22.612939,88.390088,0.6627,1958.4,0.0577,0.4446,0.3223,1.2055,0.5212
893cf2c73c7ffff,16,2,22.501777,88.350699,0.7685,3140.5,0.466,0.4057,0.4026,0.6395,0.562
893cf2c54b3ffff,7,1,22.48786,88.353292,0.6795,4293.1,0.286,0.6327,0.3091,0.3252,0.5599
893cf2d598fffff,14,5,22.581061,88.330846,0.6371,3199.1,0.538,0.6574,0.3399,0.4899,0.5383
893cf2d4a53ffff,10,0,22.592785,88.330832,0.6674,3088.4,0.6419,0.6879,0.3527,0,0.678
893cf289157ffff,12,4,22.621728,88.43047,0.7141,3042.5,0.4876,0.6328,0.365,0,0.6048
893cf2c75c3ffff,17,1,22.538337,88.335195,0.7378,1328.8,0.536,0.5553,0.2548,1.1603,0.613
893cf2c0d13ffff,21,1,22.488789,88.306063,0.6373,1394.1,0.2879,0.5125,0.2433,0.6263,0.6183
893cf2c5d57ffff,13,3,22.479787,88.436616,0.8378,10398.4,0.3982,0.5147,0.3604,0,0.6262
893cf2d4e57ffff,16,1,22.609052,88.316208,0.5978,5189.8,0.5112,0.5259,0.2922,0.497,0.466
893cf2c6c8fffff,13,6,22.586744,88.42105,0.7745,2059.9,0.3971,0.5819,0.2491,0.3244,0.6067
893cf2d495bffff,14,1,22.618857,88.360009,0.7107,3053.6,0.444,0.6372,0.3728,0.658,0.5843
893cf2c4437ffff,17,0,22.532849,88.397047,0.7585,4835.1,0.759,0.5929,0.3071,0.173,0.5976
893cf28b257ffff,21,0,22.645293,88.370289,0.5857,3682.7,0.288,0.7065,0.1846,0.3469,0.526
893cf2c6cb3ffff,9,2,22.590922,88.425342,0.8123,2614.8,0.7218,0.684,0.3734,0.1764,0.6738
893cf2d4b13ffff,21,1,22.607135,88.360022,0.6675,2238.1,0.3725,0.4579,0.2873,1.0319,0.5425
893cf2c434bffff,13,2,22.488722,88.41685,0.6612,8978.8,0.461,0.5525,0.3207,0,0.5172
893cf2c4367ffff,22,6,22.492711,88.430591,0.8843,8635.6,0.0692,0.6252,0.2606,1.065,0.5135
893cf2d4a87ffff,3,4,22.606505,88.337686,0.8038,3599.4,0.3038,0.6388,0.3257,0.2698,0.5539
893cf2c708bffff,5,4,22.520245,88.3335,0.4651,303.6,0.1656,0.5077,0.3774,1.9765,0.4862
893cf2c7563ffff,11,4,22.530604,88.348946,0.6727,1397.5,0.4999,0.6753,0.2977,0.1603,0.6688
893cf2c551bffff,2,6,22.484302,88.371331,0.7047,5857.1,0,0.6861,0.4132,0.5886,0.4331
893cf2d5d5bffff,6,2,22.582609,88.305936,0.7043,5008.5,0.332,0.5626,0.2625,1.225,0.4472
893cf2d4bafffff,23,3,22.61013,88.370329,0.5925,1676.4,0,0.566,0.3845,0.61,0.5332
893cf2d4957ffff,8,2,22.623035,88.3643,0.6896,3376.4,0.5049,0.6171,0.3112,0.2625,0.5605
893cf2c7463ffff,10,6,22.523612,88.324908,0.6344,702.3,0.6837,0.6186,0.2724,0.9546,0.6373
893cf2c2dbbffff,10,4,22.5458,88.280224,0.7075,5423.7,0.7364,0.6182,0.3878,0,0.5979
893cf2d584bffff,19,4,22.558161,88.302534,0.5674,4105.5,0.6958,0.3956,0.3088,0.5905,0.4875
893cf2c426bffff,12,0,22.481549,88.402254,0.7415,8336.6,0.464,0.5894,0.275,0.6361,0.5047
893cf2c0d3bffff,9,6,22.485422,88.314654,0.8703,2152.3,0.6417,0.5125,0.2359,0.0771,0.6998
893cf2894bbffff,12,2,22.640559,88.394355,0.827,1595.6,0.5594,0.8938,0.5528,0.7102,0.7713
893cf289e43ffff,20,5,22.603265,88.447676,0.6134,4455.1,0.9574,0.6169,0.3375,0.3508,0.5901
893cf2c75abffff,20,4,22.542332,88.348932,0.5446,250.8,0.7587,0.5386,0.4388,1.5248,0.5479
893cf2c0c87ffff,11,0,22.488157,88.283741,0.6886,1950.2,0.3822,0.5194,0.1645,0.1735,0.5713
893cf2c4c4fffff,10,2,22.518978,88.450327,0.7906,6467.4,0.7647,0.6162,0.2479,0.5447,0.582
893cf2c463bffff,16,4,22.506393,88.386767,0.6709,4644.7,0.5581,0.5944,0.2644,0.1852,0.5502
893cf2d415bffff,14,5,22.620136,88.29386,0.9424,7856.2,0.6346,0.7497,0.2824,0.3874,0.6054
893cf2d6a43ffff,2,1,22.643392,88.303276,0.6616,8230.2,0.134,0.6013,0.2711,0.5559,0.4833
893cf2c4edbffff,23,0,22.505443,88.434015,0.6184,7288.7,0.0635,0.6738,0.3873,1.149,0.4062
893cf2c2b23ffff,6,4,22.501704,88.300035,0.704,50,0.2443,0.5707,0.3877,2.0162,0.5415
893cf2d4bc7ffff,16,6,22.606137,88.356587,0.6819,1692.7,0.6807,0.5837,0.3867,0.3362,0.6939
893cf2c6107ffff,15,1,22.575395,88.402157,0.5848,1959.4,0.3529,0.6612,0.3393,0,0.5825
893cf2d5e37ffff,5,2,22.564706,88.294796,0.7446,5129.0,0.0421,0.7124,0.3085,0.5312,0.463
893cf2c743bffff,1,5,22.529976,88.326617,0.7325,948.2,0.0858,0.5044,0.2128,1.0502,0.5357
893cf2c7457ffff,8,2,22.526978,88.316316,0.7403,1487.2,0.5978,0.6301,0.2776,0,0.6607
893cf2c29abffff,19,6,22.528345,88.300857,0.7119,3286.5,0.5585,0.5329,0.4017,0,0.6268
893cf2d4a53ffff,17,3,22.592785,88.330832,0.67,3525.2,0.6123,0.6722,0.3388,0.4853,0.6272
893cf2c0d0fffff,21,0,22.484422,88.311221,0.6564,2184.5,0.2994,0.5889,0.2438,0.3839,0.5926
893cf2d5857ffff,15,6,22.564524,88.304243,0.7352,4321.3,0.359,0.6328,0.2581,0,0.5866
893cf2c6e03ffff,19,2,22.559111,88.41678,0.6885,1487.4,0.7653,0.5487,0.4075,0.2535,0.6641
893cf2c7513ffff,12,2,22.540335,88.342063,0.8061,729.6,0.6346,0.7161,0.2891,0.5866,0.689
893cf2c660fffff,13,5,22.55824,88.353208,0.6671,573.6,0.5312,0.4132,0.1544,1.6732,0.4831
893cf2c71b3ffff,8,0,22.532415,88.365264,0.7383,1854.5,0.5433,0.613,0.3388,0.056,0.6625
893cf28b21bffff,10,2,22.648472,88.371145,0.7691,3474.2,0.6029,0.5054,0.2993,0.4299,0.5906
893cf2c65c3ffff,10,3,22.589864,88.371211,0.7385,806.8,0.6546,0.7897,0.4023,0.4296,0.7151
893cf2c5c8bffff,7,6,22.481359,88.411703,0.5129,9252.8,0.2853,0.7416,0.3303,0.8257,0.4282
893cf2c2bbbffff,11,4,22.508252,88.292299,0.8053,1222.1,0.5677,0.5621,0.2649,0.2687,0.6325
893cf2c2977ffff,13,2,22.519798,88.301728,0.6129,1961.5,0.6865,0.6026,0.3307,0.6267,0.6278
893cf2c551bffff,1,6,22.484302,88.371331,0.6366,5919.3,0.2027,0.6404,0.3464,0.7176,0.538
893cf289687ffff,13,6,22.620483,88.385784,0.7413,1947.5,0.5689,0.651,0.3618,0,0.6917
893cf2d4ed3ffff,4,0,22.615594,88.308468,0.634,6478.1,0.1611,0.5189,0.2507,0.5514,0.4406
893cf2c610fffff,10,2,22.572214,88.401301,0.7957,2416.5,0.7084,0.5391,0.2877,0.4297,0.624
893cf2c2b67ffff,22,0,22.495339,88.298327,0.5651,555.6,0.1399,0.5668,0.328,1.6652,0.4802
893cf2c2b17ffff,12,6,22.50507,88.291445,0.6326,760.1,0.4077,0.5815,0.2516,0.519,0.6618
893cf2d4ba3ffff,10,2,22.612312,88.367749,0.7278,1771.9,0.6996,0.5956,0.2335,0.6707,0.6068
893cf2c6ebbffff,1,0,22.565474,88.418493,0.7228,113.7,0,0.6107,0.2537,0.4663,0.676
893cf2c4437ffff,10,5,22.532849,88.397047,0.6759,4742.3,1,0.531,0.1706,0.4091,0.5777
893cf2c4e8bffff,7,2,22.510619,88.441743,0.7327,6718.5,0.2973,0.6685,0.2876,0.4653,0.5815
893cf2c4117ffff,22,4,22.524728,88.429701,0.5427,5328.2,0.1233,0.472,0.2906,1.1978,0.3593
893cf2893d7ffff,13,6,22.607013,88.420171,0.8008,3237.5,0.5991,0.5558,0.3247,0.4093,0.6084
893cf2d4a53ffff,9,3,22.592785,88.330832,0.8392,3762.6,0.6947,0.6334,0.4002,0.5727,0.6483
893cf2891c3ffff,7,5,22.626094,88.425309,0.7122,2817.8,0.3945,0.7423,0.2394,0,0.6115
893cf2890d3ffff,10,4,22.621294,88.398672,0.841,1159.0,0.6931,0.8798,0.4877,0.1921,0.7775
893cf2c292fffff,3,1,22.521797,88.308594,0.638,2025.6,0.0358,0.5923,0.3039,0.6317,0.5372
893cf2d4a67ffff,21,5,22.591418,88.346296,0.7014,2019.9,0.3095,0.6848,0.2712,0.6375,0.605
893cf2d5973ffff,3,1,22.570336,88.334296,0.6872,2189.7,0.2421,0.6464,0.3504,0.6222,0.5752
893cf2c72b7ffff,4,2,22.504147,88.338673,0.6519,1834.7,0.1315,0.5447,0.2869,0.6496,0.5167
893cf2d5a77ffff,3,2,22.542071,88.307708,0.6105,3586.6,0.2282,0.7187,0.2225,0.6934,0.4685
893cf2c7367ffff,21,0,22.494039,88.364449,0.5604,4822.5,0.233,0.478,0.1911,0.7916,0.414
893cf2c6303ffff,0,6,22.552128,88.392731,0.6279,3474.4,0.1845,0.5471,0.3169,0.5308,0.5022
893cf2894cfffff,5,1,22.632204,88.385771,0.7772,1447.5,0,0.6039,0.396,0.4036,0.5882
893cf2c0dafffff,22,3,22.491787,88.316362,0.5381,2046.2,0,0.6302,0.403,0.026,0.544
893cf2d4b33ffff,17,5,22.60695,88.369473,0.8494,1274.5,0.6941,0.5872,0.321,0.7091,0.7441
893cf2c60b3ffff,16,4,22.576955,88.37724,0.7036,628.7,0.3797,0.4299,0.4477,0.1078,0.6596
893cf2d4e13ffff,5,4,22.615412,88.317917,0.6543,5965.8,0.0271,0.6257,0.355,0.4399,0.5525
893cf2c2bcfffff,6,3,22.499888,88.283725,0.7228,1812.4,0.4563,0.6989,0.1558,0.6579,0.6088
893cf2c6dbbffff,1,6,22.59472,88.448543,0.6186,4142.0,0,0.5683,0.2612,0.6223,0.4175
893cf28b25bffff,20,0,22.641115,88.365997,0.7311,3669.2,0.9654,0.5911,0.2168,0.9362,0.5534
893cf2d6b67ffff,7,6,22.651204,88.340208,0.7975,6719.7,0.278,0.6068,0.3377,0.8863,0.4804
893cf2d4bafffff,17,3,22.61013,88.370329,0.7428,1624.2,0.5741,0.6244,0.3401,0.28,0.6848
893cf2c4e93ffff,13,0,22.515987,88.44002,0.7482,6081.5,0.524,0.6532,0.3288,0.0581,0.6072
893cf2c6387ffff,0,0,22.560675,88.391863,0.6211,3396.9,0.0789,0.4452,0.2897,0.2772,0.4535
893cf2c6533ffff,17,2,22.591674,88.387533,0.8896,986.5,0.8377,0.7065,0.3309,0,0.7836
893cf28921bffff,20,6,22.595665,88.401277,0.5721,2063.7,0.8166,0.5638,0.4224,0.7368,0.6383
893cf2894b7ffff,23,3,22.644736,88.398648,0.7159,1701.0,0.079,0.6965,0.297,0.4203,0.6228
893cf2d4ad3ffff,23,2,22.600328,88.326527,0.6959,4413.8,0.1466,0.6629,0.3313,0.5451,0.5292
893cf2c2827ffff,17,3,22.517982,88.285416,0.9153,2515.6,0.6328,0.6213,0.2434,0.3721,0.6886
893cf2c428fffff,16,4,22.497654,88.397084,0.7549,6885.7,0.5668,0.5561,0.4246,0.5087,0.5544
893cf2c5593ffff,17,4,22.495037,88.367883,0.8846,4694.0,0.6899,0.6805,0.2834,0.1946,0.6657
893cf2c46cbffff,1,1,22.504585,88.370449,0.7549,4545.5,0.1555,0.7119,0.3039,0.9147,0.4765
893cf2c2917ffff,20,2,22.527345,88.297424,0.5268,3446.1,0.7498,0.5847,0.316,0.5149,0.5522
893cf2d6b67ffff,10,6,22.651204,88.340208,0.7671,6431.7,0.5993,0.5635,0.2608,0.2587,0.555
893cf2c282fffff,8,0,22.5148,88.284562,0.6372,2394.2,0.6802,0.5799,0.2258,0.3819,0.5712
893cf2d4143ffff,9,5,22.621135,88.297294,0.6555,7947.0,0.7285,0.6501,0.2337,0.1874,0.5721
893cf2c7193ffff,10,6,22.532601,88.355815,0.5451,1004.2,0.64,0.4948,0.1953,0.3172,0.6286
893cf2d4b57ffff,17,5,22.600775,88.358312,0.7307,1575.7,0.5707,0.6366,0.3652,0,0.6954
893cf2c4e8bffff,16,3,22.510619,88.441743,0.7657,6966.8,0.4604,0.6589,0.3991,0.144,0.6231
893cf2d4a6bffff,6,4,22.587239,88.342006,0.7759,2045.1,0.5199,0.6098,0.243,0.1514,0.6733
893cf2d4d2fffff,15,6,22.640117,88.362561,0.5647,3682.9,0.4377,0.6555,0.3479,0,0.5644
893cf2d4b53ffff,13,4,22.599776,88.354876,0.624,1122.0,0.3652,0.5467,0.3708,0.0593,0.6082
893cf2c5dc3ffff,1,5,22.484159,88.431458,0.6166,10097.3,0.1758,0.6393,0.2175,0.7112,0.4907
893cf28b2c3ffff,23,3,22.649655,88.365128,0.632,4091.5,0.1717,0.5853,0.2914,0.4065,0.5766
893cf2c7263ffff,4,4,22.48605,88.336978,0.7397,3871.6,0.2584,0.6878,0.3908,0.9489,0.5506
893cf2c6dbbffff,23,5,22.59472,88.448543,0.7929,4030.5,0.259,0.7339,0.3312,0.8313,0.5574
893cf2890afffff,9,3,22.624099,88.418435,0.8164,1736.2,0.7739,0.5096,0.3836,0.5519,0.6904
893cf2c5433ffff,7,6,22.480309,88.357595,0.6574,5467.9,0.1731,0.5075,0.3557,0.3494,0.4459
893cf2c6c5bffff,20,2,22.573023,88.414189,0.7041,908.7,0.8373,0.5559,0.3039,1.25,0.67
893cf2d588bffff,8,0,22.573067,88.303372,0.747,4567.2,0.7751,0.5706,0.3052,0.1779,0.5682
893cf2c0dafffff,4,0,22.491787,88.316362,0.6588,1990.5,0.0431,0.6997,0.3406,0.8445,0.583
893cf28913bffff,4,2,22.624719,88.440781,0.5911,4140.2,0.0614,0.533,0.286,0.4351,0.3886
893cf2d592fffff,11,1,22.573332,88.3446,0.7298,1954.1,0.3253,0.5539,0.3584,0,0.6784
893cf2c659bffff,15,5,22.596225,88.372922,0.7017,384.3,0.571,0.7385,0.524,0,0.7883
893cf2d4a6bffff,18,2,22.587239,88.342006,0.6091,1970.9,0.6828,0.6435,0.3146,0,0.6755
893cf2c4557ffff,4,1,22.53266,88.406497,0.7173,4276.4,0,0.6437,0.26,0.7755,0.5029
893cf2c70cfffff,17,5,22.51388,88.331791,0.5203,535.1,0.639,0.4918,0.2216,0.8353,0.5892
893cf2c708bffff,7,3,22.520245,88.3335,0.5205,503.6,0.2182,0.4522,0.3793,1.6391,0.4869
893cf288257ffff,14,1,22.643987,88.436466,0.8566,4078.3,0.2892,0.6274,0.245,0.0846,0.5834
893cf2c2993ffff,16,3,22.533891,88.289687,0.6598,3904.3,0.4652,0.6272,0.3743,0.3768,0.6172
893cf2895a3ffff,19,1,22.648539,88.421849,0.6386,3197.1,0.8456,0.6115,0.4118,0,0.6219
893cf2d6a43ffff,18,2,22.643392,88.303276,0.6544,8559.6,0.7332,0.6266,0.3527,0.0502,0.6166
893cf2c5d0bffff,21,2,22.480784,88.440051,0.5744,10113.1,0.3085,0.6234,0.3029,0.1992,0.5945
893cf2d5c8bffff,14,4,22.588334,88.285316,0.7389,7041.1,0.3841,0.7613,0.3181,0.6129,0.5436
893cf289203ffff,1,6,22.596663,88.404713,0.7415,2371.3,0.1722,0.6096,0.3282,0.6889,0.5729
893cf2c6c57ffff,21,1,22.577201,88.418481,0.5602,460.6,0.3011,0.5683,0.3851,0.6209,0.5763
893cf2c0da7ffff,19,5,22.49497,88.317217,0.7078,1553.5,0.7075,0.7293,0.1977,0.2422,0.7097
893cf2c6ab7ffff,19,2,22.554363,88.440844,0.6817,2900.5,0.6413,0.6494,0.3876,0.1648,0.6668
893cf2c6563ffff,11,5,22.582132,88.384966,0.7194,1756.4,0.3943,0.6127,0.4015,0.4519,0.6679
893cf2d4bafffff,3,2,22.61013,88.370329,0.6229,1496.5,0.0497,0.5302,0.2843,0.4105,0.5399
893cf2c6ed7ffff,20,3,22.562482,88.408185,0.7185,1527.2,0.6294,0.6146,0.3026,0.2179,0.684
893cf28915bffff,7,1,22.617551,88.426176,0.8224,3202.9,0.2581,0.4739,0.2128,0.3572,0.544
893cf289133ffff,17,6,22.627899,88.441637,0.6673,4520.4,0.7089,0.5851,0.3934,0.3121,0.6135
893cf2d4bd7ffff,14,3,22.608318,88.354007,0.7555,2350.2,0.3493,0.5688,0.3817,0.2327,0.7018
893cf2d4a87ffff,12,4,22.606505,88.337686,0.8525,3416.0,0.5981,0.5769,0.303,0.2793,0.646
893cf2d4843ffff,15,0,22.612865,88.339397,0.8048,3606.0,0.5288,0.7161,0.2704,0.516,0.6177
893cf2d5a3bffff,9,4,22.545253,88.308563,0.6701,3892.0,0.6716,0.5707,0.3256,0.7112,0.5439
893cf2d6a73ffff,1,1,22.645391,88.310146,0.7106,8651.9,0,0.6227,0.3707,0.828,0.4471
893cf2c4083ffff,1,1,22.522116,88.400494,0.6502,5217.6,0.1196,0.5825,0.2585,0.8252,0.424
893cf2d48dbffff,5,2,22.619408,88.331657,0.7423,4425.2,0.0631,0.4116,0.1688,0.4705,0.4238
893cf2d4bcbffff,10,0,22.601958,88.352296,0.7386,1836.5,0.5816,0.6471,0.2843,0.4936,0.6232
893cf2d6b7bffff,15,2,22.649206,88.333337,0.7827,7197.1,0.3555,0.6291,0.3943,0.4095,0.5533
893cf2c65a7ffff,7,3,22.598035,88.389245,0.6606,976.2,0.3803,0.6902,0.4234,0.3559,0.6784
893cf2d6a6fffff,19,4,22.641031,88.315306,0.6075,7567.3,0.8386,0.7674,0.3007,0.5808,0.5921
893cf28901bffff,12,3,22.617927,88.407269,0.7316,1630.8,0.4662,0.6813,0.4736,0,0.6693
893cf2c722fffff,9,5,22.49123,88.3447,0.7637,3568.9,0.7203,0.5041,0.2551,0.2797,0.6278
893cf2c0da7ffff,21,0,22.49497,88.317217,0.5524,1843.9,0.3918,0.5444,0.2277,0.3099,0.5929
893cf2c2b23ffff,15,2,22.501704,88.300035,0.7442,406.2,0.5047,0.554,0.4793,0.8287,0.6666
893cf2c6c53ffff,2,6,22.576204,88.415045,0.679,667.3,0.0624,0.5566,0.2696,1.4025,0.4978
893cf2c45c3ffff,10,5,22.537029,88.401338,0.9221,4089.4,0.6382,0.662,0.284,0.2291,0.6668
893cf289453ffff,13,0,22.629024,88.384915,0.6216,1125.3,0.6814,0.5814,0.3801,0,0.747
893cf2c6233ffff,15,5,22.547138,88.375555,0.7424,2112.2,0.4777,0.7305,0.173,0.5374,0.6377
893cf2c7563ffff,21,5,22.530604,88.348946,0.5558,713.8,0.3413,0.7159,0.3601,0.498,0.6047
893cf2c0c87ffff,16,1,22.488157,88.283741,0.6426,2244.7,0.4502,0.7001,0.2832,0,0.6288
893cf2c4483ffff,4,4,22.537405,88.382438,0.5017,3637.3,0.0461,0.5967,0.3242,0.9037,0.3981
893cf2c2dafffff,4,1,22.544618,88.286237,0.6064,5092.4,0.1432,0.669,0.3106,0.7948,0.4945
893cf2d4e43ffff,17,1,22.605872,88.315353,0.6951,5381.4,0.7157,0.6821,0.2547,0.2853,0.5436
893cf2c611bffff,0,0,22.573399,88.395286,0.6092,2422.4,0.139,0.6178,0.4187,0.6056,0.5036
893cf2d5b17ffff,12,6,22.556612,88.327442,0.8045,1595.9,0.4861,0.5109,0.1832,0.0876,0.6803
893cf2c757bffff,21,4,22.529605,88.345512,0.6044,1217.4,0.2823,0.6653,0.3352,0.6493,0.5545
893cf2d59a7ffff,23,1,22.584058,88.341151,0.625,2718.7,0.0367,0.6496,0.4275,0.5165,0.5568
893cf2d49c7ffff,8,5,22.628397,88.362575,0.7789,3642.0,0.8048,0.5758,0.2993,0.7934,0.5826
893cf2c6647ffff,5,4,22.55406,88.348918,0.5653,513.3,0.039,0.5849,0.1598,1.2344,0.5273
893cf2d4843ffff,10,3,22.612865,88.339397,0.8371,3671.2,0.5929,0.496,0.3583,0.1243,0.6542
893cf2c4c9bffff,4,4,22.535081,88.445158,0.7437,4521.3,0.2775,0.6626,0.2889,0.71,0.5168
893cf2c5c93ffff,19,6,22.486727,88.409979,0.7064,8354.3,0.5213,0.5071,0.1768,0.3459,0.4931
893cf2d4ad7ffff,8,2,22.601327,88.329962,0.695,4032.6,0.5443,0.6408,0.1911,0.3665,0.5178
893cf2d4ddbffff,9,6,22.641666,88.337643,0.8289,6507.9,0.7051,0.5035,0.2943,0.0031,0.5883
893cf2d5b53ffff,11,4,22.548251,88.318864,0.6356,2665.6,0.5448,0.5675,0.33,0.5933,0.578
893cf2d4867ffff,10,6,22.61368,88.352282,0.8116,2735.6,0.7252,0.5797,0.2847,0.1761,0.6697
893cf2c5c17ffff,10,5,22.48017,88.417717,0.7408,9786.4,0.6238,0.5651,0.4232,0.6419,0.5397
893cf2d4bdbffff,11,0,22.60414,88.349716,0.7507,2289.1,0.5453,0.6232,0.3426,0.6627,0.6772
893cf2d480fffff,12,1,22.618043,88.347122,0.893,3309.9,0.5102,0.623,0.2245,0.1481,0.6111
893cf2c63cfffff,14,1,22.550132,88.38586,0.8155,3144.0,0.5792,0.6413,0.2821,0.4016,0.6265
893cf2d41a7ffff,17,0,22.636852,88.311017,0.744,7388.9,0.6348,0.6397,0.431,0.1128,0.6235
893cf28961bffff,17,6,22.610943,88.383216,0.6905,984.2,0.5812,0.7065,0.3767,0.1558,0.6946
893cf2d5c6fffff,11,4,22.574249,88.297359,0.6609,5679.1,0.649,0.6809,0.433,0,0.6075
893cf2d6acbffff,2,2,22.647751,88.298116,0.818,9207.5,0.2966,0.587,0.3943,0.4331,0.5398
893cf2c4c4fffff,9,3,22.518978,88.450327,0.6987,6129.9,0.6191,0.5527,0.2874,0.1176,0.6013
893cf2c70cfffff,19,5,22.51388,88.331791,0.7127,829.1,0.7998,0.5599,0.2423,0.7458,0.6763
893cf2894bbffff,17,3,22.640559,88.394355,0.8274,1393.0,0.667,0.8407,0.3875,0.2616,0.6605
893cf2c60afffff,9,5,22.572589,88.382399,0.7259,1411.4,0.6656,0.7192,0.3502,0,0.7221
893cf289e5bffff,22,5,22.602268,88.444239,0.7087,4343.8,0.3174,0.6924,0.2643,0.2184,0.5806
893cf2d5b17ffff,10,0,22.556612,88.327442,0.919,1636.7,0.6361,0.5955,0.2966,0.8515,0.6508
893cf288257ffff,7,1,22.643987,88.436466,0.7552,4490.5,0.3452,0.5932,0.1888,0.2477,0.5457
893cf2d48a7ffff,5,0,22.628581,88.353124,0.819,3969.7,0.1433,0.6752,0.3367,0.4565,0.5736
893cf2d5977ffff,15,1,22.571335,88.33773,0.7581,1841.0,0.4274,0.7071,0.224,0.5595,0.6276
893cf2d4957ffff,13,4,22.623035,88.3643,0.6569,2929.0,0.4342,0.4431,0.3384,0,0.6158
893cf2c7317ffff,6,3,22.503774,88.357567,0.6642,3236.3,0.3235,0.4725,0.2939,0.1154,0.5244
893cf2c6863ffff,20,2,22.558541,88.445137,0.5722,3155.4,0.8042,0.5797,0.232,0.9219,0.5904
893cf289387ffff,11,0,22.612188,88.4279,0.693,3216.8,0.4456,0.7146,0.2166,0,0.6005
893cf2c6227ffff,0,6,22.545953,88.381569,0.6383,2614.8,0.0586,0.4911,0.3876,0.2749,0.572
893cf2d58a7ffff,13,0,22.577065,88.317109,0.8838,3499.0,0.5022,0.6639,0.2787,0.6853,0.5714
893cf2d4c2fffff,6,3,22.633126,88.338512,0.741,5454.1,0.222,0.573,0.2362,0.0868,0.5162
893cf2c4117ffff,18,1,22.524728,88.429701,0.6566,4914.7,0.7388,0.6867,0.3094,0.3985,0.5977
893cf2c7617ffff,9,2,22.512067,88.315477,0.7956,1449.4,0.6859,0.4834,0.3691,0.3641,0.7181
893cf2c70d7ffff,11,3,22.519246,88.330066,0.4927,193.3,0.5403,0.5618,0.4948,1.2535,0.5683
893cf2d5c93ffff,15,5,22.593695,88.283591,0.769,7889.6,0.5443,0.631,0.1728,0.6942,0.4755
893cf2c71c3ffff,23,4,22.523055,88.35325,0.5937,2168.0,0.1249,0.633,0.4068,0.6001,0.5517
893cf289157ffff,5,1,22.621728,88.43047,0.6912,3351.2,0.0832,0.6665,0.2897,0.5935,0.5156
893cf2d5c97ffff,18,5,22.594695,88.287024,0.6894,7245.1,0.7054,0.8062,0.4009,0.138,0.6302
893cf2c4513ffff,13,2,22.539024,88.408209,0.6863,3832.2,0.4641,0.6097,0.2647,0.1853,0.5923
893cf2c65cfffff,18,0,22.587682,88.373791,0.6011,1108.6,0.7707,0.6582,0.2299,0.3566,0.6674
893cf2c61a7ffff,18,6,22.582754,88.407305,0.8062,1784.6,0.8201,0.4511,0.3031,0.2877,0.6877
893cf2d40afffff,8,5,22.626675,88.28612,0.6626,9059.1,0.8726,0.6051,0.3817,0.3314,0.5959
893cf2d59a7ffff,8,4,22.584058,88.341151,0.6805,2385.8,0.8056,0.532,0.3092,0.2555,0.6679
893cf2894bbffff,4,0,22.640559,88.394355,0.7817,1109.6,0,0.7611,0.4004,0.5486,0.6315
893cf2c2967ffff,6,4,22.517616,88.304307,0.7032,2214.1,0.4216,0.5853,0.2885,0.3154,0.6496
893cf2c7577ffff,14,1,22.533786,88.349801,0.7803,668.9,0.6004,0.5544,0.2726,0.5428,0.6482
893cf2d5c4fffff,10,2,22.57443,88.287912,0.7054,6184.0,0.7136,0.6076,0.168,0.1566,0.5374
893cf2c714bffff,20,2,22.512323,88.356698,0.6328,2748.6,0.5984,0.6843,0.3409,0.2301,0.6084
893cf2c5c8bffff,20,1,22.481359,88.411703,0.7308,9263.8,0.8304,0.5327,0.1907,0.3451,0.5425
893cf289267ffff,11,0,22.590113,88.412453,0.8292,2183.7,0.6734,0.5443,0.3233,0.5434,0.6696
893cf2c5c8bffff,22,2,22.481359,88.411703,0.5063,9366.0,0.2989,0.7212,0.3577,0,0.4866
893cf2c2977ffff,19,5,22.519798,88.301728,0.7038,2279.0,0.5875,0.5747,0.2939,0.0754,0.6617
893cf2c60d3ffff,21,3,22.569781,88.362643,0.5164,1182.0,0.3001,0.4485,0.3583,1.1767,0.5268
893cf2c6c2bffff,20,1,22.578009,88.43137,0.6573,1515.8,0.6376,0.5383,0.2023,0.5373,0.6138
893cf28b2cbffff,18,3,22.646475,88.364273,0.7475,3876.1,0.7545,0.4125,0.2623,0.7031,0.5397
893cf2d5a97ffff,15,1,22.557162,88.2991,0.6081,4434.3,0.4689,0.637,0.3218,0.1601,0.4756
893cf2c711bffff,8,2,22.52187,88.359264,0.7128,2165.4,0.5862,0.6255,0.2244,0,0.6424
893cf2d5d07ffff,10,6,22.591969,88.317948,0.7673,5210.2,0.5193,0.6656,0.3549,0.7901,0.5403
893cf2c434fffff,15,5,22.48972,88.420285,0.6663,8804.2,0.6226,0.6416,0.3126,0.3458,0.5323
893cf2d4c87ffff,23,1,22.644029,88.325612,0.7891,7226.9,0.0344,0.6109,0.3361,0.3019,0.5096
893cf2d4a47ffff,19,6,22.591602,88.336846,0.5763,2702.9,0.7359,0.6802,0.3889,0.4239,0.6524
893cf2d5c3bffff,3,4,22.582791,88.296488,0.6035,5558.6,0.1484,0.6194,0.2627,0.3459,0.4744
893cf2c608fffff,9,3,22.572775,88.372949,0.7621,1150.4,0.8083,0.6104,0.2801,1.7767,0.6411
893cf2d4ac7ffff,8,6,22.599146,88.332541,0.8174,3105.5,0.7131,0.5676,0.2463,0.374,0.6018
893cf2d5b67ffff,21,5,22.546883,88.334325,0.7807,1153.8,0.3584,0.6128,0.2738,0.8561,0.6606
893cf2c688bffff,15,5,22.57046,88.435674,0.7641,1453.4,0.6662,0.6543,0.3463,0.5652,0.706
893cf2c6477ffff,4,1,22.578325,88.361774,0.7467,739.7,0.038,0.6062,0.462,1.0072,0.5867
893cf2d4a8bffff,9,3,22.602326,88.333396,0.8821,3591.9,0.6649,0.5413,0.1586,0.4305,0.6651
893cf2c65cfffff,13,4,22.587682,88.373791,0.8853,1193.0,0.5177,0.7114,0.274,0.7377,0.6723
893cf2d5b6fffff,2,2,22.543702,88.333471,0.712,1264.8,0.0674,0.499,0.2986,0.8472,0.5533
893cf2c6533ffff,23,4,22.591674,88.387533,0.7374,1164.8,0,0.5855,0.4775,0.8257,0.6461
893cf2c644bffff,11,5,22.572149,88.350614,0.7304,1551.9,0.4196,0.5447,0.3752,0.0301,0.6501
893cf2d5a17ffff,6,4,22.549617,88.303404,0.6277,4272.3,0.2408,0.5031,0.3317,0.7497,0.4567
893cf289357ffff,2,4,22.599467,88.424475,0.6306,3123.5,0.1131,0.6563,0.2457,0.1973,0.566
893cf2d4ba7ffff,20,4,22.61331,88.371185,0.6342,1802.2,0.6017,0.6344,0.2825,0.6084,0.6243
893cf2c731bffff,7,3,22.499593,88.353278,0.5979,3204.4,0.2349,0.5817,0.425,0.3422,0.5831
893cf2d5b77ffff,6,2,22.549066,88.331746,0.776,1122.9,0.1278,0.6028,0.2304,0.5036,0.5725
893cf2c447bffff,13,4,22.521307,88.38761,0.6641,4530.5,0.431,0.5919,0.3414,0.6322,0.5114
893cf2d5a8bffff,20,3,22.550799,88.297391,0.5547,4752.2,0.7019,0.7033,0.2476,1.2447,0.4822
893cf2d4e77ffff,1,6,22.608869,88.325657,0.6724,4617.2,0.2013,0.6214,0.3982,0.8129,0.5019
893cf2c6893ffff,19,1,22.575825,88.43395,0.5457,1821.2,0.6067,0.5621,0.273,0.4297,0.6256
893cf2d6b4fffff,21,1,22.648207,88.329902,0.6802,7575.6,0.3805,0.5434,0.3782,0,0.5211
893cf2d596fffff,20,3,22.565971,88.339455,0.6225,1490.6,0.7965,0.561,0.3176,0.8142,0.6474
893cf2d5d67ffff,4,1,22.584425,88.322253,0.6251,3779.5,0.0113,0.5837,0.3757,0.9455,0.4703
893cf2c7067ffff,18,5,22.509327,88.346396,0.6611,1743.5,0.8562,0.5023,0.3386,0.1583,0.6511
893cf2893c3ffff,13,0,22.603833,88.419314,0.7366,3165.8,0.6884,0.6346,0.3104,0.0661,0.6688
893cf2c09b3ffff,19,0,22.480869,88.329256,0.7019,3765.4,0.698,0.5636,0.224,0.2637,0.5846
893cf2c7063ffff,22,6,22.508329,88.342962,0.6505,1808.1,0.1182,0.5658,0.3776,0.1667,0.6136
893cf2d5857ffff,7,2,22.564524,88.304243,0.774,4211.7,0.3014,0.5997,0.2445,0.4385,0.5096
893cf2c5433ffff,9,6,22.480309,88.357595,0.7329,5140.1,0.7741,0.5515,0.2467,0,0.56
893cf2d4a6bffff,22,5,22.587239,88.342006,0.6197,2342.7,0.158,0.5439,0.2252,0.4439,0.5569
893cf2c6ed7ffff,15,2,22.562482,88.408185,0.7028,1794.3,0.4224,0.5821,0.1984,0.1047,0.6385
893cf2c5493ffff,10,4,22.488047,88.343845,0.7381,4028.5,0.5519,0.6455,0.3731,0.5588,0.5844
893cf2d4b73ffff,11,6,22.599591,88.364327,0.7605,747.4,0.5737,0.5381,0.0843,0.4356,0.6319
893cf2d430bffff,4,2,22.603055,88.295601,0.5793,7110.4,0,0.702,0.4184,1.577,0.3891
893cf2d5d2bffff,0,4,22.587606,88.323107,0.7286,3942.4,0.0283,0.6598,0.3236,0.8894,0.5598
893cf28901bffff,7,0,22.617927,88.407269,0.8097,1538.0,0.2275,0.576,0.4251,0.0642,0.681
893cf289607ffff,2,1,22.612939,88.390088,0.4454,1952.4,0.2064,0.7188,0.2841,0.8095,0.5352
893cf2c6233ffff,10,0,22.547138,88.375555,0.8057,2326.3,0.7088,0.6234,0.3909,0.338,0.6754
893cf2c6a27ffff,5,6,22.544626,88.447727,0.6136,3812.9,0,0.5912,0.2886,0.6369,0.4315
893cf2c4c4fffff,1,3,22.518978,88.450327,0.5878,6317.5,0.0903,0.5689,0.2487,0.5093,0.4151
893cf2c2b93ffff,18,6,22.511617,88.283708,0.7567,2172.4,0.6099,0.5803,0.2074,0.0677,0.6452
893cf2d4ba7ffff,9,4,22.61331,88.371185,0.5937,1624.7,0.7705,0.4923,0.2664,0.7956,0.6096
893cf2c2993ffff,9,1,22.533891,88.289687,0.7481,4221.7,0.6585,0.5056,0.2558,0.2995,0.6215
893cf2c62a7ffff,3,3,22.553501,88.377266,0.7004,1628.2,0.0669,0.4427,0.3397,0.8953,0.4886
893cf2c4207ffff,19,4,22.493284,88.402242,0.7194,7647.9,0.713,0.5859,0.2698,0.7599,0.5879
893cf2c653bffff,21,0,22.588493,88.386678,0.5484,1498.9,0.3614,0.5068,0.281,0.6742,0.5235
893cf2d5a2fffff,23,0,22.54407,88.314576,0.6486,3060.7,0.1791,0.585,0.2066,0.4077,0.5698
893cf2d4c67ffff,7,4,22.628948,88.334222,0.7837,5621.5,0.1714,0.4902,0.2511,0.7502,0.4626
893cf28b257ffff,3,0,22.645293,88.370289,0.713,3463.3,0.1624,0.6363,0.321,0.2761,0.5403
893cf2c656fffff,16,0,22.579949,88.387546,0.7812,1970.4,0.5456,0.578,0.2918,0.2564,0.7245
893cf2c464bffff,13,6,22.497034,88.374752,0.7724,5136.7,0.4596,0.5476,0.3076,0.2567,0.5237
893cf2d5ccfffff,21,2,22.581973,88.283607,0.633,6882.3,0.3933,0.5891,0.3249,0.9159,0.4866
893cf2d4073ffff,11,5,22.616136,88.280123,0.7001,8806.9,0.4714,0.7319,0.3582,0.3802,0.5547
893cf289357ffff,21,1,22.599467,88.424475,0.6155,3338.0,0.2335,0.6581,0.3578,0.1814,0.4794
893cf2d5d5bffff,9,4,22.582609,88.305936,0.7179,5266.7,0.668,0.5584,0.2029,0.4653,0.5609
893cf28918bffff,20,2,22.630271,88.429602,0.6829,3067.2,0.7147,0.5574,0.2601,0.8268,0.5467
893cf2d4d67ffff,1,5,22.635939,88.35827,0.6632,4483.0,0.1239,0.5695,0.2982,0.4547,0.4544
893cf2c4543ffff,20,2,22.529478,88.405641,0.6458,4587.9,0.6167,0.6669,0.2231,0.7407,0.52
893cf2c4607ffff,5,0,22.508578,88.384187,0.7469,4708.9,0.0512,0.6417,0.3208,0.3512,0.4897
893cf2d59a7ffff,18,2,22.584058,88.341151,0.6645,2453.4,0.7139,0.5531,0.2807,0.4756,0.6274
893cf2d6a73ffff,14,1,22.645391,88.310146,0.6563,8361.1,0.4988,0.6689,0.284,0.1903,0.5035
893cf28920fffff,16,6,22.59448,88.407293,0.6719,2834.7,0.4122,0.5585,0.2375,0.4056,0.5745
893cf2c4367ffff,11,2,22.492711,88.430591,0.8408,8553.4,0.4165,0.6561,0.3663,0.6016,0.5481
893cf289147ffff,10,4,22.619545,88.43305,0.8379,3724.7,0.7457,0.6207,0.356,0.6164,0.6175
893cf2c6c97ffff,4,2,22.592108,88.419326,0.7598,2631.2,0.1107,0.6717,0.2489,1.2784,0.5055
893cf2d5b93ffff,7,0,22.563158,88.319704,0.7246,2558.7,0.43,0.6193,0.2777,0,0.6577
893cf2d4933ffff,15,3,22.62921,88.375463,0.7255,2501.1,0.527,0.5539,0.3001,0.4923,0.6159
893cf2c711bffff,13,2,22.52187,88.359264,0.7085,2470.9,0.5767,0.6677,0.2884,0.6736,0.6348
893cf2c71c3ffff,15,0,22.523055,88.35325,0.6739,1622.5,0.5564,0.6184,0.3095,0.4493,0.6525
893cf2c738fffff,12,1,22.505958,88.354988,0.7097,3071.8,0.7274,0.6278,0.3335,0,0.624
893cf2d49d3ffff,14,1,22.629579,88.356559,0.6138,3826.6,0.5796,0.5597,0.3636,0.2389,0.6557
893cf2d4a6bffff,8,1,22.587239,88.342006,0.6841,2046.0,0.6629,0.6224,0.1971,0.3164,0.6511
893cf2d49d3ffff,16,0,22.629579,88.356559,0.7072,4012.8,0.461,0.5126,0.4009,0.6169,0.5107
893cf2d41cbffff,6,6,22.625495,88.292134,0.7968,8192.6,0.2931,0.4713,0.3078,0.5992,0.4547
893cf289143ffff,4,2,22.618548,88.429613,0.6217,3396.9,0.0084,0.652,0.2665,0.9344,0.4829
893cf2d4e43ffff,15,3,22.605872,88.315353,0.7432,5310.8,0.5353,0.4922,0.3116,0.5567,0.5293
893cf2896c3ffff,21,5,22.612127,88.3772,0.7767,1593.0,0.1813,0.6796,0.3695,0,0.687
893cf2c4e1bffff,20,1,22.505251,88.443466,0.5436,7550.8,0.6365,0.5344,0.3071,0.8747,0.5107
893cf2c2b67ffff,20,3,22.495339,88.298327,0.5627,694.0,0.9064,0.4392,0.1753,1.7814,0.5767
893cf2d4ed3ffff,18,4,22.615594,88.308468,0.7823,6522.3,0.6283,0.6868,0.323,0.2274,0.5978
893cf2c66b7ffff,16,3,22.570965,88.356629,0.7076,1634.0,0.5093,0.582,0.2696,0.3292,0.5985
893cf2c6cabffff,2,0,22.585558,88.427066,0.7081,2107.9,0.0229,0.5985,0.1779,0.1842,0.5355
893cf2c6c3bffff,16,4,22.580193,88.42879,0.6592,1092.8,0.4981,0.5082,0.3038,0,0.6434
893cf2c4037ffff,3,4,22.517557,88.415103,0.7273,5692.0,0.043,0.5308,0.2695,0.8901,0.4491
893cf2c6d43ffff,0,2,22.581,88.44168,0.4953,2277.4,0,0.6327,0.2257,0.9666,0.4379
893cf2c7263ffff,10,0,22.48605,88.336978,0.819,3999.9,0.7429,0.5759,0.1657,0.0093,0.6017
893cf2c6613ffff,12,5,22.562605,88.348049,0.6687,1361.6,0.6118,0.5539,0.2504,0.3531,0.6636
893cf2c653bffff,6,6,22.588493,88.386678,0.7896,1361.3,0.3852,0.5982,0.385,0.9844,0.6396
893cf2c55c3ffff,23,4,22.485488,88.365318,0.439,5203.0,0,0.566,0.2047,0.8083,0.3515
893cf2c4303ffff,7,3,22.499268,88.422853,0.7441,8102.4,0.4343,0.7047,0.2974,0.4677,0.5149
893cf2c663bffff,0,3,22.559239,88.356643,0.5618,404.6,0.2621,0.5801,0.4148,2.9537,0.4862
893cf2c5c93ffff,22,4,22.486727,88.409979,0.5768,8443.6,0.0093,0.4457,0.3482,0.4233,0.4641
893cf2c760bffff,18,1,22.505702,88.313768,0.6314,1569.6,0.7621,0.7116,0.2408,0.7364,0.6608
893cf2c64b3ffff,15,0,22.592232,88.359181,0.9237,720.3,0.5335,0.502,0.357,0.4804,0.7202
893cf2c701bffff,10,0,22.514879,88.335224,0.6703,900.0,0.7872,0.6365,0.4156,0.7394,0.6804
893cf28934bffff,23,0,22.593105,88.422762,0.6033,2723.1,0.0609,0.7164,0.3197,0.9496,0.4971
893cf2c72b7ffff,9,2,22.504147,88.338673,0.8254,1911.8,0.7042,0.5027,0.3584,0.3422,0.5927
893cf2c463bffff,3,4,22.506393,88.386767,0.4825,4990.2,0.3135,0.6559,0.3059,0.4572,0.4551
893cf2c44b7ffff,1,3,22.540399,88.392743,0.5516,3981.9,0.115,0.7012,0.2964,0.2316,0.4522
893cf2d4343ffff,22,3,22.598875,88.291313,0.6825,6857.4,0.1288,0.6404,0.3557,0.7699,0.4945
893cf2d4a67ffff,11,1,22.591418,88.346296,0.8202,1929.3,0.4047,0.529,0.3448,0,0.6263
893cf289537ffff,10,0,22.644175,88.427011,0.7125,3043.2,0.6236,0.5676,0.348,0.1605,0.6398
893cf2d5dc7ffff,0,1,22.592151,88.3085,0.7375,5686.7,0.0544,0.6249,0.3717,0.1148,0.5123
893cf2c76abffff,14,0,22.513066,88.318911,0.7042,1231.6,0.5594,0.5986,0.3425,0.0726,0.6843
893cf2c4ec3ffff,21,0,22.50644,88.437451,0.6606,7414.8,0.2408,0.6813,0.279,0.0608,0.4794
893cf2d4567ffff,19,1,22.637214,88.292118,0.6242,8981.7,0.4609,0.5964,0.3453,0.4744,0.4789
893cf2c6213ffff,0,0,22.547325,88.366105,0.6197,1711.2,0.0206,0.4757,0.394,0.8854,0.471
893cf2c72dbffff,12,6,22.492787,88.319796,0.7959,2148.1,0.5155,0.6509,0.3273,0.3546,0.6501
893cf2c6203ffff,5,0,22.545142,88.368685,0.6004,1671.6,0.2419,0.6674,0.2603,0.7149,0.545
893cf2d59d3ffff,20,5,22.578064,88.320543,0.7182,3316.3,0.6788,0.3506,0.1955,0.2862,0.5897
893cf2c446fffff,1,5,22.520121,88.393624,0.6022,5343.9,0.0675,0.5414,0.2321,0,0.4998
893cf2d439bffff,16,3,22.612776,88.288717,0.8029,8127.4,0.5618,0.614,0.2173,0,0.5786
893cf2c463bffff,13,5,22.506393,88.386767,0.6951,5567.3,0.5166,0.7855,0.1814,0.1819,0.5991
893cf2c653bffff,10,6,22.588493,88.386678,0.8226,1412.0,0.7144,0.5041,0.2704,0.1625,0.7368
893cf2c0c87ffff,2,4,22.488157,88.283741,0.7619,2054.2,0,0.4992,0.3744,0.6637,0.5436
893cf2c656fffff,12,2,22.579949,88.387546,0.6663,1648.1,0.44,0.6284,0.3322,0.3792,0.5851
893cf2d4567ffff,9,1,22.637214,88.292118,0.7221,9362.0,0.8503,0.6318,0.344,0.6028,0.6058
893cf2c4473ffff,0,0,22.524489,88.388465,0.5363,4180.9,0.1868,0.6598,0.2858,0.5938,0.4557
893cf28b25bffff,17,6,22.641115,88.365997,0.7232,3734.0,0.6248,0.4669,0.437,0.694,0.5692
893cf2c41b3ffff,18,1,22.531093,88.431414,0.7792,4779.7,0.5917,0.6552,0.225,0.0215,0.577
893cf2d5b03ffff,20,0,22.553431,88.326587,0.5328,1813.4,0.828,0.5683,0.3512,0.4603,0.6433
893cf2c76abffff,8,2,22.513066,88.318911,0.8477,1594.6,0.7464,0.6111,0.2837,0.295,0.7535
893cf2d4d1bffff,0,1,22.641483,88.347094,0.6797,5436.8,0.1856,0.5334,0.3394,0.9634,0.447
893cf2d5b2fffff,20,3,22.551064,88.338615,0.6325,822.1,0.7624,0.5063,0.2476,0.6403,0.6616
893cf2c5dc3ffff,18,5,22.484159,88.431458,0.6419,9635.0,0.8521,0.6645,0.2399,0.4876,0.5806
893cf2c728bffff,22,2,22.497968,88.327517,0.6661,2725.2,0,0.5754,0.2468,0.381,0.522
893cf28945bffff,11,0,22.625845,88.384059,0.8003,1813.4,0.6159,0.5895,0.2761,0.5949,0.7038
893cf2c432bffff,18,1,22.495894,88.431447,0.69,8284.9,0.6738,0.7042,0.298,0.3201,0.5525
893cf2c7193ffff,18,5,22.532601,88.355815,0.7836,915.9,0.7154,0.6484,0.3038,0.0848,0.7227
893cf2c7473ffff,14,3,22.525794,88.322329,0.7119,1021.7,0.4246,0.6145,0.2919,0.573,0.6159
893cf2d5b93ffff,14,1,22.563158,88.319704,0.8614,2826.2,0.4835,0.6628,0.2702,0,0.6811
893cf2c43dbffff,20,2,22.498462,88.409968,0.5965,7768.1,0.6776,0.6397,0.2635,0.5326,0.5196
893cf2d598fffff,16,2,22.581061,88.330846,0.7159,2970.4,0.4327,0.5786,0.3118,0,0.5725
893cf2d4eabffff,4,4,22.61741,88.324787,0.5527,5259.9,0.0887,0.5389,0.3905,0.6172,0.4729
893cf289143ffff,20,3,22.618548,88.429613,0.6737,3167.9,0.6392,0.6659,0.3003,0.41,0.5895
893cf2d4e77ffff,2,5,22.608869,88.325657,0.5359,4434.5,0.0671,0.5335,0.2307,0.8699,0.3878
893cf2c654bffff,19,6,22.579137,88.37466,0.6491,636.3,0.7671,0.5303,0.4506,0.3199,0.6678
893cf2d5dc3ffff,16,4,22.591152,88.305065,0.7807,5506.3,0.2343,0.7379,0.2038,0.2688,0.54
893cf2c728bffff,13,4,22.497968,88.327517,0.8653,2589.1,0.357,0.6795,0.2103,0.2804,0.6559
893cf2c2b87ffff,9,1,22.510435,88.28972,0.6047,1671.5,0.747,0.548,0.2889,0.246,0.6712
893cf2d450fffff,14,3,22.641573,88.286958,0.7798,9778.1,0.5114,0.6816,0.3827,0.6317,0.534
893cf2d5c4fffff,13,2,22.57443,88.287912,0.8648,5824.1,0.4278,0.6047,0.3561,0.2265,0.5765
893cf2d5973ffff,23,4,22.570336,88.334296,0.6574,1616.5,0.1991,0.5686,0.4397,0.4078,0.572
893cf2c606bffff,14,1,22.556683,88.378121,0.7945,1788.3,0.5292,0.6628,0.3946,0,0.7116
893cf2d4b53ffff,22,5,22.599776,88.354876,0.3971,1513.3,0.1072,0.4729,0.2845,0.6922,0.453
893cf2c644bffff,22,3,22.572149,88.350614,0.638,1559.1,0.1157,0.5797,0.3363,0.378,0.5517
893cf2c6223ffff,10,4,22.544955,88.378134,0.7042,2648.5,0.7311,0.6391,0.3104,0,0.7026
893cf2c432bffff,8,3,22.495894,88.431447,0.8847,8676.2,0.6331,0.5343,0.1767,0.0897,0.6214
893cf2c5c8bffff,23,0,22.481359,88.411703,0.75,9152.5,0.2847,0.6012,0.3406,0.7686,0.5027
893cf2c456fffff,14,6,22.527104,88.417671,0.9034,4843.6,0.4907,0.4996,0.3113,0.2047,0.6296
893cf2d5a63ffff,3,1,22.53889,88.306854,0.6879,3343.6,0.1544,0.6519,0.2747,0.7226,0.4863
893cf2c5d1bffff,10,3,22.48297,88.437472,0.726,9585.0,0.6746,0.7398,0.2562,0.0756,0.551
893cf2c64b3ffff,7,3,22.592232,88.359181,0.8281,332.5,0.2326,0.5199,0.322,0.4689,0.618
893cf2c6223ffff,2,3,22.544955,88.378134,0.7091,2647.4,0.1353,0.5085,0.3671,0.6864,0.5644
893cf2d48dbffff,16,3,22.619408,88.331657,0.8269,4741.8,0.4085,0.5733,0.2418,0.1171,0.5706
893cf2d4ab7ffff,13,6,22.608503,88.344557,0.9091,3242.7,0.5532,0.6969,0.2191,0,0.644
893cf28b2c3ffff,22,1,22.649655,88.365128,0.7475,4188.9,0.1038,0.6629,0.2037,0.75,0.4731
893cf2c425bffff,20,3,22.483924,88.390227,0.7351,7487.3,0.7142,0.6338,0.4792,0.3914,0.6194
893cf2c4283ffff,7,2,22.499839,88.394504,0.6881,6581.7,0.2841,0.5913,0.1614,0.4241,0.4877
893cf28b34bffff,16,1,22.64592,88.392631,0.7871,1839.1,0.6071,0.6189,0.3197,0,0.7038
893cf2d4073ffff,14,3,22.616136,88.280123,0.654,9430.2,0.5122,0.5875,0.3068,0.2684,0.4951
893cf2c6d63ffff,6,5,22.58081,88.451133,0.8222,3301.6,0.2698,0.4341,0.2774,0.9654,0.504
893cf2c6aa3ffff,20,2,22.551181,88.439988,0.6209,3249.7,0.7311,0.6473,0.3073,0.3713,0.5767
893cf2c2b23ffff,3,4,22.501704,88.300035,0.6755,301.0,0.2204,0.5861,0.3394,2.473,0.5612
893cf2c61a7ffff,16,5,22.582754,88.407305,0.6093,1759.0,0.524,0.546,0.3357,0.0654,0.6439
893cf2c73c7ffff,11,1,22.501777,88.350699,0.6992,2643.9,0.3567,0.7172,0.2193,0.8213,0.5881
893cf2c737bffff,4,6,22.492042,88.357581,0.647,4455.7,0.0783,0.5729,0.3652,1.1027,0.4424
893cf2c63cfffff,11,5,22.550132,88.38586,0.8343,2907.3,0.472,0.6448,0.2103,0,0.6217
893cf2d456fffff,2,5,22.634034,88.291263,0.5677,8939.7,0.1,0.5496,0.3168,0.2129,0.4325
893cf2c76d3ffff,13,6,22.511251,88.302598,0.7019,1259.5,0.452,0.3876,0.279,1.1717,0.5179
893cf2d5ea3ffff,0,2,22.569068,88.289637,0.7109,5588.0,0.1142,0.5972,0.3753,0.3435,0.4907
893cf2c6287ffff,22,5,22.553688,88.367816,0.6047,998.3,0,0.6426,0.3426,1.431,0.5543
893cf289667ffff,9,0,22.605393,88.394393,0.8774,1593.7,0.531,0.578,0.3122,0.2353,0.7364
893cf2c2927ffff,15,0,22.524979,88.309449,0.7792,2337.4,0.4114,0.6642,0.1774,0.3226,0.5874
893cf2c7563ffff,7,1,22.530604,88.348946,0.5319,1100.1,0.4069,0.5609,0.2246,0.4595,0.5797
893cf2c66a7ffff,1,2,22.568782,88.359208,0.558,1051.7,0.1322,0.5832,0.2908,2.0317,0.4478
893cf2d4c6bffff,11,1,22.624769,88.329932,0.7642,4965.3,0.4027,0.7056,0.3571,0.2863,0.5604
893cf289e43ffff,23,5,22.603265,88.447676,0.6707,4713.2,0.0382,0.6947,0.3295,0.5238,0.4697
893cf2c5593ffff,15,1,22.495037,88.367883,0.8172,4572.0,0.6331,0.6373,0.2364,0.1995,0.5972
893cf2c2963ffff,18,1,22.516616,88.300873,0.6871,2105.4,0.7905,0.7558,0.3365,0.7938,0.7155
893cf2d4b73ffff,3,4,22.599591,88.364327,0.6559,827.2,0.0813,0.6134,0.4321,1.0021,0.5911
893cf2c46cfffff,23,3,22.505583,88.373884,0.5305,4643.4,0.1368,0.4852,0.313,0.7244,0.4131
893cf2c76d3ffff,6,6,22.511251,88.302598,0.6227,1373.0,0.3731,0.5814,0.274,0.9514,0.5575
893cf2896abffff,9,0,22.616119,88.390944,0.8571,1926.6,0.754,0.6438,0.3341,0.1984,0.7223
893cf2c6563ffff,12,3,22.582132,88.384966,0.8728,1637.6,0.6469,0.6472,0.2969,0.5601,0.6716
893cf2c5cd7ffff,18,3,22.480361,88.408268,0.618,8905.1,0.7144,0.6458,0.3235,0.8696,0.585
893cf2d49d3ffff,7,4,22.629579,88.356559,0.7766,4341.4,0.2971,0.862,0.3348,0.4473,0.5711
893cf2d4a8bffff,7,6,22.602326,88.333396,0.7062,3772.1,0.4601,0.536,0.3237,0.177,0.5611
893cf2d4d2fffff,18,4,22.640117,88.362561,0.6216,3723.3,0.7252,0.5827,0.133,0.2543,0.5632
893cf2c55d7ffff,22,2,22.488671,88.366173,0.7239,4955.6,0.1166,0.5235,0.2182,0.7278,0.4572
893cf28b34bffff,5,5,22.64592,88.392631,0.6642,1881.1,0.2434,0.6294,0.4674,0.114,0.6352
893cf2c2d3bffff,0,2,22.538255,88.284529,0.7054,4857.7,0.1026,0.6125,0.2087,0.4702,0.4558
893cf2d456fffff,0,5,22.634034,88.291263,0.6126,9078.3,0.0084,0.5922,0.2906,0.7813,0.3858
893cf28913bffff,0,0,22.624719,88.440781,0.7657,4358.2,0,0.6314,0.2368,0.4172,0.4714
893cf2d58a7ffff,6,2,22.577065,88.317109,0.7254,3802.4,0.1915,0.5676,0.3614,0.6109,0.4973
893cf2c616bffff,5,6,22.563668,88.402169,0.621,2171.0,0.075,0.5417,0.2941,0.5389,0.4953
893cf2c66b7ffff,17,5,22.570965,88.356629,0.5798,1271.6,0.6855,0.6202,0.3056,0.5001,0.5919
893cf289607ffff,16,1,22.612939,88.390088,0.575,1473.2,0.5958,0.6218,0.1009,0.9253,0.5221
893cf2c5593ffff,18,2,22.495037,88.367883,0.6719,5124.1,0.941,0.493,0.2838,0.4274,0.5823
893cf289577ffff,11,6,22.636818,88.421861,0.716,2610.4,0.536,0.615,0.2953,0.2704,0.6196
893cf289017ffff,6,0,22.622105,88.411562,0.7562,1596.2,0.1139,0.7812,0.2873,0.753,0.5906
893cf2c4373ffff,0,2,22.4939,88.424576,0.5691,8726.5,0.2508,0.6987,0.3368,0.6788,0.4744
893cf2d4143ffff,4,0,22.621135,88.297294,0.5665,7596.5,0.0574,0.6704,0.2134,0.3299,0.4349
893cf2c65a3ffff,17,6,22.597037,88.385809,0.9015,677.6,0.6238,0.7631,0.574,0.2693,0.768
893cf2d5c6fffff,7,6,22.574249,88.297359,0.7444,5452.6,0.3005,0.636,0.3104,0.086,0.5274
893cf2c613bffff,21,3,22.573211,88.404737,0.6808,1643.8,0.3306,0.6068,0.1973,0.1902,0.551
893cf2d4ccbffff,3,0,22.632492,88.316177,0.5937,6675.3,0.1914,0.652,0.4208,0.6378,0.4397
893cf289233ffff,17,3,22.598658,88.411586,0.7023,3379.1,0.6516,0.6456,0.2765,0.5139,0.6327
893cf2c6a87ffff,5,5,22.552369,88.433972,0.6681,2312.2,0.1065,0.6139,0.2922,0.4596,0.5578
893cf2d5a77ffff,5,3,22.542071,88.307708,0.5819,3600.6,0.1229,0.5965,0.333,0.3913,0.4986
893cf2d5a0fffff,7,2,22.544253,88.305129,0.5978,3742.2,0.3047,0.663,0.3346,1.2189,0.5168
893cf2c4cdbffff,5,4,22.52772,88.440009,0.6481,5156.6,0,0.6536,0.3687,0.5054,0.4405
893cf2c45a3ffff,2,6,22.544201,88.415936,0.6617,2659.2,0.064,0.8124,0.3088,0.53,0.5732
893cf2c734fffff,11,0,22.491043,88.354147,0.8718,3957.0,0.4518,0.5583,0.3168,0.7601,0.5476
893cf2892abffff,9,0,22.600841,88.409005,0.9246,2982.5,0.6049,0.6746,0.2614,0.5306,0.7109
893cf2d5b03ffff,13,3,22.553431,88.326587,0.8315,1478.6,0.5461,0.61,0.3529,0,0.7203
893cf2d4e03ffff,17,0,22.613231,88.320497,0.7334,5292.6,0.7144,0.7586,0.3807,0.7266,0.5673
893cf289147ffff,15,1,22.619545,88.43305,0.9018,3512.9,0.4898,0.72,0.2955,0.0743,0.6345
893cf2d5e7bffff,12,3,22.553163,88.285366,0.6734,5681.6,0.5307,0.562,0.2925,0.2396,0.5498
893cf289167ffff,19,5,22.619356,88.442504,0.7396,4321.1,0.707,0.671,0.2615,0,0.6124
893cf2c5d1bffff,1,3,22.48297,88.437472,0.5941,9740.2,0.2071,0.5871,0.2453,0.6137,0.4563
893cf2d5a63ffff,0,0,22.53889,88.306854,0.6835,3373.9,0.0036,0.5724,0.3645,0.731,0.5293
893cf2c6a27ffff,10,0,22.544626,88.447727,0.794,4177.7,0.7889,0.6351,0.2699,0.3457,0.5862
893cf2c2d3bffff,21,5,22.538255,88.284529,0.8669,4835.4,0.2729,0.5896,0.2217,0.4631,0.5191
893cf2d4bc7ffff,0,2,22.606137,88.356587,0.572,1831.2,0.0318,0.6347,0.4263,1.1621,0.519
893cf2c639bffff,9,4,22.558679,88.384992,0.7266,2587.1,0.6331,0.5006,0.2747,0.5586,0.5963
893cf2c728bffff,8,0,22.497968,88.327517,0.659,2622.0,0.6573,0.5265,0.1859,0.709,0.5763
893cf2c0c87ffff,13,1,22.488157,88.283741,0.7161,1963.4,0.3397,0.5688,0.2135,0,0.5762
893cf2d48a7ffff,8,0,22.628581,88.353124,0.6128,4365.6,0.7381,0.6128,0.3819,0.6663,0.5991
893cf289273ffff,3,1,22.591299,88.406437,0.6978,2792.1,0.0396,0.7065,0.2309,1.5808,0.4701
893cf2c63cfffff,20,3,22.550132,88.38586,0.6629,2471.6,0.7048,0.627,0.2937,0.4552,0.6024
893cf2c616bffff,7,0,22.563668,88.402169,0.8541,2017.7,0.2674,0.7199,0.2864,0.7993,0.6034
893cf2c5d57ffff,2,0,22.479787,88.436616,0.6211,10268.8,0.1087,0.607,0.2664,1.0306,0.4498
893cf2c660fffff,22,2,22.55824,88.353208,0.4434,533.8,0.0716,0.4708,0.2399,1.4165,0.4478
893cf2c446fffff,17,6,22.520121,88.393624,0.7174,5249.3,0.6767,0.5916,0.4235,1.0175,0.5915
893cf2c7473ffff,12,2,22.525794,88.322329,0.769,684.4,0.4754,0.6294,0.3344,0.0181,0.6952
893cf2c743bffff,19,4,22.529976,88.326617,0.605,1129.6,0.8777,0.5354,0.3504,0.5838,0.664
893cf2c4037ffff,17,6,22.517557,88.415103,0.7839,5922.1,0.88,0.5331,0.1727,0.0198,0.6362
893cf2d5b93ffff,20,6,22.563158,88.319704,0.602,2595.3,0.7381,0.5658,0.2823,0.3591,0.5743
893cf2c705bffff,23,0,22.507515,88.330081,0.5934,1545.1,0.0447,0.798,0.1788,1.2421,0.4789
893cf2c282fffff,17,1,22.5148,88.284562,0.8075,2275.6,0.8583,0.6271,0.365,1.224,0.6656
893cf2c62a7ffff,19,1,22.553501,88.377266,0.6972,2023.5,0.6163,0.6347,0.269,0.6526,0.6034
893cf2893d7ffff,8,5,22.607013,88.420171,0.7169,3354.9,0.662,0.5438,0.3351,0.3204,0.5798
893cf28b35bffff,10,4,22.648102,88.390051,0.8625,2395.7,0.4523,0.5681,0.1781,0.2595,0.6524
893cf289517ffff,14,5,22.644363,88.417556,0.7168,2002.6,0.6633,0.5301,0.2668,0.236,0.6968
893cf2c732bffff,4,3,22.497222,88.365304,0.6429,4308.5,0,0.6976,0.2951,0.9072,0.4873
893cf2c7527ffff,14,5,22.538965,88.357526,0.9155,977.6,0.5629,0.6239,0.2785,0.5118,0.7151
893cf2c60afffff,12,0,22.572589,88.382399,0.7017,1814.7,0.4255,0.425,0.2717,0.3018,0.6297
893cf2c4e8bffff,14,0,22.510619,88.441743,0.7001,6630.7,0.3765,0.627,0.3171,0.7547,0.5347
893cf2c703bffff,0,3,22.514693,88.344672,0.6308,1960.0,0,0.515,0.2967,0.8594,0.5044
893cf2c54b3ffff,23,3,22.48786,88.353292,0.6871,4393.4,0,0.694,0.3475,1.3788,0.4318
893cf2d4e4bffff,22,3,22.602692,88.314498,0.5318,5688.5,0.064,0.6195,0.2872,0.6093,0.4018
893cf28908fffff,16,5,22.624287,88.408982,0.7748,1138.7,0.437,0.4888,0.3699,0.5439,0.6647
893cf2c2963ffff,2,1,22.516616,88.300873,0.6217,1833.1,0.0582,0.5096,0.3073,0.9109,0.5345
893cf2894cfffff,11,3,22.632204,88.385771,0.7082,1491.5,0.6095,0.6845,0.3902,0,0.6738
893cf2c4207ffff,21,2,22.493284,88.402242,0.5824,7627.8,0.342,0.608,0.1772,0,0.48
893cf2d495bffff,3,4,22.618857,88.360009,0.7204,3059.2,0.0366,0.6815,0.4091,0.7133,0.5221
893cf2d4e03ffff,8,6,22.613231,88.320497,1,5097.2,0.7826,0.6181,0.4084,0.2836,0.7089
893cf28904fffff,11,0,22.609384,88.408137,0.8889,2417.6,0.492,0.5453,0.1545,0,0.6836
893cf2d59c3ffff,10,1,22.575882,88.323123,0.8641,3372.3,0.7477,0.6579,0.2914,0.2702,0.6751
893cf2c7357ffff,18,5,22.49641,88.352423,0.6932,3140.1,0.6918,0.6545,0.2988,0,0.6613
893cf28918bffff,16,1,22.630271,88.429602,0.8273,2899.6,0.3483,0.6657,0.3679,0.2516,0.6666
893cf2c430fffff,4,1,22.497083,88.425432,0.5064,7651.2,0.1225,0.7215,0.3237,0.9885,0.4027
893cf2c72b7ffff,13,0,22.504147,88.338673,0.7656,1958.4,0.7098,0.6176,0.3097,0.1827,0.7122
893cf2c2917ffff,12,1,22.527345,88.297424,0.6602,3293.0,0.5241,0.603,0.399,0.5533,0.6016
893cf2c4c4fffff,17,6,22.518978,88.450327,0.7511,6596.6,0.5841,0.4748,0.4041,0.8452,0.5375
893cf2c449bffff,17,5,22.536407,88.379003,0.8404,3024.8,0.5761,0.6269,0.2015,0.4516,0.6296
893cf2c4ecfffff,9,5,22.504254,88.44003,0.9895,7471.0,0.5204,0.5467,0.2748,0.4436,0.6208
893cf2c0d0fffff,18,1,22.484422,88.311221,0.6952,2150.4,0.6124,0.5334,0.2967,0.3012,0.6047
893cf2c6287ffff,5,2,22.553688,88.367816,0.3972,1353.4,0.2429,0.6287,0.3227,1.1152,0.536
893cf2c75c3ffff,4,2,22.538337,88.335195,0.7631,1678.6,0.2,0.6269,0.2609,1.2728,0.5845
893cf2c425bffff,9,3,22.483924,88.390227,0.7129,7399.7,0.705,0.5317,0.2903,0.3241,0.6003
893cf2c449bffff,19,6,22.536407,88.379003,0.6114,3040.0,0.7957,0.5864,0.2443,0.2144,0.6447
893cf2d5a17ffff,20,3,22.549617,88.303404,0.5725,4051.5,0.7173,0.6963,0.255,0.1987,0.5571
893cf28945bffff,15,0,22.625845,88.384059,0.6172,1705.8,0.6563,0.6145,0.4436,0.2903,0.6478
893cf2d5c8bffff,2,5,22.588334,88.285316,0.6909,6893.6,0.1129,0.6892,0.247,1.0937,0.4447
893cf2882c7ffff,7,4,22.649348,88.434741,0.7151,3990.4,0.4654,0.5242,0.265,0.6485,0.584
893cf2d5a4fffff,9,6,22.536891,88.299987,0.6821,3413.3,0.5957,0.6351,0.3533,0.072,0.573
893cf2c449bffff,13,2,22.536407,88.379003,0.5928,3316.5,0.48,0.583,0.4021,0.242,0.5958
893cf2d450fffff,0,4,22.641573,88.286958,0.6695,9991.2,0.0527,0.5034,0.3276,1.0848,0.4074
893cf2c6183ffff,22,3,22.581944,88.394418,0.635,2904.7,0.0305,0.5604,0.1859,1.3315,0.4622
893cf2d4c6bffff,14,4,22.624769,88.329932,0.6586,5290.4,0.5109,0.5312,0.3514,0.2414,0.5543
893cf2d598fffff,2,5,22.581061,88.330846,0.7262,3063.3,0.0775,0.6363,0.2996,0.5913,0.5044
893cf2c76bbffff,4,5,22.515249,88.316332,0.5243,1611.5,0.2066,0.6977,0.4254,0.4888,0.6604
893cf2c4c83ffff,13,6,22.536077,88.448594,0.6416,4936.1,0.3537,0.6104,0.3543,0.5453,0.5379
893cf2c428fffff,6,5,22.497654,88.397084,0.8255,6964.7,0.086,0.6074,0.3126,0.6629,0.5187
893cf2c4e8bffff,10,5,22.510619,88.441743,0.5826,6792.8,0.8071,0.5543,0.3533,0.1399,0.5804
893cf2d5e4fffff,10,3,22.552163,88.281933,0.781,6277.8,0.6688,0.4967,0.3593,0.506,0.5949
893cf288257ffff,8,3,22.643987,88.436466,0.6484,4078.1,0.7105,0.6906,0.157,0.6912,0.5924
893cf2d4b73ffff,6,4,22.599591,88.364327,0.7508,1184.7,0.2652,0.5515,0.3307,0.8848,0.5964
893cf2c7317ffff,5,6,22.503774,88.357567,0.6789,3058.1,0.0321,0.6337,0.3419,0.4026,0.5088
893cf2d439bffff,21,1,22.612776,88.288717,0.6836,8348.0,0.4243,0.6274,0.2965,0.8935,0.5321
893cf2c6c57ffff,16,3,22.577201,88.418481,0.7896,879.3,0.4481,0.5414,0.4304,0.3308,0.6608
893cf2c66a3ffff,13,0,22.567784,88.355773,0.6551,810.9,0.5673,0.6126,0.2898,0.6548,0.6573
893cf2c6047ffff,6,4,22.561049,88.372962,0.6506,1010.3,0.1844,0.5812,0.3522,0.4823,0.5678
893cf2c65a3ffff,0,3,22.597037,88.385809,0.742,1149.1,0.0028,0.757,0.5874,0.7511,0.553
893cf2c0dafffff,16,1,22.491787,88.316362,0.6899,1826.8,0.6485,0.5889,0.3791,0.0965,0.6627
893cf2d4a87ffff,10,3,22.606505,88.337686,0.6667,3328.4,0.8119,0.6531,0.332,0.0867,0.6191
893cf2d416fffff,19,1,22.618774,88.309323,0.6691,6871.6,0.6737,0.5299,0.3935,0.5968,0.5493
893cf289667ffff,10,3,22.605393,88.394393,0.7302,1490.4,0.6943,0.6483,0.2221,0,0.6633
893cf2c6853ffff,2,3,22.560916,88.433105,0.4842,1453.4,0.0787,0.6048,0.3253,0.4197,0.5349
893cf2c7153ffff,2,6,22.517689,88.354974,0.7079,2237.3,0.0461,0.6328,0.2418,0.4923,0.5541
893cf28901bffff,21,1,22.617927,88.407269,0.5823,1524.8,0.2336,0.6897,0.4153,0.2271,0.5805
893cf2d4143ffff,14,6,22.621135,88.297294,0.726,7924.4,0.487,0.4633,0.2808,0.1969,0.5804
893cf2c743bffff,22,6,22.529976,88.326617,0.6255,1239.0,0,0.4248,0.2254,0.535,0.5399
893cf2d5ad3ffff,10,4,22.5488,88.290524,0.7961,5194.1,0.6833,0.5705,0.1784,0,0.5877
893cf2d5d07ffff,21,6,22.591969,88.317948,0.7018,4529.0,0.3891,0.628,0.492,0.2673,0.5528
893cf2c75abffff,11,2,22.542332,88.348932,0.6709,167.9,0.6753,0.4733,0.3979,0.6859,0.6877
893cf2c413bffff,1,1,22.520358,88.434861,0.616,5623.4,0.1589,0.6216,0.1938,0.8182,0.3831
893cf2c7323ffff,16,5,22.500404,88.36616,0.636,4067.8,0.6108,0.5635,0.2565,0.4934,0.5754
893cf2890afffff,22,0,22.624099,88.418435,0.627,1704.7,0.0536,0.7059,0.2136,1.0533,0.5408
893cf2d4363ffff,5,6,22.598694,88.300761,0.7631,6581.7,0.256,0.7881,0.265,0.4967,0.5064
893cf2c6e8fffff,0,2,22.564477,88.415057,0.5053,566.1,0.0492,0.637,0.3836,0.2846,0.5039
893cf2d4323ffff,10,5,22.606054,88.305904,0.6264,6676.2,0.6457,0.572,0.3557,0,0.5424
893cf2d5ccfffff,22,2,22.581973,88.283607,0.5312,6687.1,0,0.6554,0.3643,0.4366,0.4479
893cf2d5c9bffff,23,2,22.590515,88.282736,0.5806,7386.5,0.1099,0.5216,0.2636,0.5534,0.396
893cf2c43cbffff,19,1,22.496276,88.412547,0.6253,8117.1,0.578,0.663,0.4138,0.5833,0.5453
893cf288267ffff,5,0,22.641615,88.448502,0.4437,4997.3,0.0796,0.5921,0.2801,0,0.3896
893cf2c55a7ffff,5,3,22.493662,88.383345,0.5679,6140.2,0.0847,0.5788,0.2354,0.6906,0.4412
893cf2d49cbffff,1,2,22.624218,88.358284,0.5957,3416.6,0.1709,0.5142,0.2471,0.9779,0.4932
893cf2c7067ffff,0,6,22.509327,88.346396,0.7208,2027.8,0,0.5963,0.2007,0.49,0.5512
893cf28b35bffff,6,4,22.648102,88.390051,0.8126,2297.9,0.2947,0.6472,0.3042,0.4577,0.5468
893cf2d5dc7ffff,2,1,22.592151,88.3085,0.6721,5591.0,0,0.5178,0.3053,0.6909,0.4188
893cf289617ffff,10,4,22.615121,88.387508,0.7298,1882.2,0.7511,0.4293,0.308,0.0733,0.6411
893cf2d4ad7ffff,1,3,22.601327,88.329962,0.6844,3880.7,0,0.6324,0.2788,0.5512,0.4841
893cf2d41a7ffff,15,2,22.636852,88.311017,0.7325,7776.2,0.3152,0.3728,0.2378,1.2483,0.3914
893cf289683ffff,3,3,22.619485,88.382348,0.6651,2216.1,0.1323,0.5786,0.1761,0.9318,0.5527
893cf28918bffff,6,2,22.630271,88.429602,0.6056,2761.1,0.1534,0.6836,0.3036,0.3076,0.5774
893cf2d598fffff,12,2,22.581061,88.330846,0.8114,3184.6,0.4677,0.7078,0.3783,0.403,0.624
893cf2d4b57ffff,8,3,22.600775,88.358312,0.882,1451.0,0.7412,0.5084,0.2155,0,0.7497
893cf2c4283ffff,14,0,22.499839,88.394504,0.9161,6165.9,0.4691,0.4969,0.3415,0.4107,0.5623
893cf2c4223ffff,13,1,22.492096,88.408256,0.7408,7844.9,0.6083,0.5312,0.1893,0.1862,0.4957
893cf2c701bffff,1,0,22.514879,88.335224,0.575,1098.6,0,0.6217,0.4234,0.7047,0.5135
893cf2c6647ffff,2,4,22.55406,88.348918,0.6434,1102.7,0.0744,0.5374,0.3268,0.9601,0.5344
893cf2c65cfffff,22,2,22.587682,88.373791,0.7459,1033.4,0,0.5951,0.4106,0.9473,0.5717
893cf2d4a67ffff,3,0,22.591418,88.346296,0.5969,1663.1,0,0.5108,0.2801,0.7213,0.4648
893cf2c434fffff,6,6,22.48972,88.420285,0.8381,8604.3,0.1914,0.7073,0.2574,0.31,0.5467
893cf2c291bffff,0,3,22.523163,88.293136,0.5378,2563.2,0.1633,0.5169,0.3381,0.7477,0.4474
893cf2c5533ffff,16,3,22.487296,88.381634,0.725,6423.2,0.4717,0.5001,0.2111,0.1398,0.5549
893cf2c654bffff,3,0,22.579137,88.37466,0.5328,235.7,0.07,0.6031,0.3264,0.9633,0.5175
893cf2d5903ffff,3,0,22.575699,88.332571,0.6708,2590.7,0.0531,0.7287,0.1195,0.5309,0.4738
893cf2c6507ffff,0,2,22.590676,88.384098,0.7514,1074.9,0.0897,0.5842,0.3827,0.7747,0.5693
893cf2c6dbbffff,3,1,22.59472,88.448543,0.6272,3644.9,0,0.6213,0.2469,0.9645,0.4422
893cf2c09b7ffff,20,5,22.481868,88.33269,0.6116,4004.7,0.7182,0.582,0.1911,0.2928,0.5896
893cf28938fffff,9,6,22.609008,88.427044,0.7366,3931.7,0.7941,0.6043,0.3757,0.8278,0.6619
893cf2c62dbffff,11,1,22.54433,88.355801,0.7939,555.3,0.7238,0.768,0.3482,0.2301,0.8052
893cf2c6333ffff,10,2,22.554124,88.399602,0.7009,2920.8,0.9206,0.5874,0.312,0.3855,0.6792
893cf2d4267ffff,12,6,22.592695,88.280157,0.6928,7746.8,0.5536,0.5337,0.277,0.2282,0.4878
893cf2c732bffff,7,1,22.497222,88.365304,0.8429,4142.6,0.4522,0.5743,0.2424,0.2675,0.5851
893cf2d4957ffff,5,3,22.623035,88.3643,0.7546,2926.7,0.0107,0.6268,0.2873,0.2855,0.5733
893cf2d480fffff,20,3,22.618043,88.347122,0.5116,3342.1,0.6465,0.5134,0.3097,0.7638,0.532
893cf2892c7ffff,1,3,22.597848,88.398697,0.6705,1974.1,0.2254,0.5697,0.1874,1.1254,0.492
893cf2896abffff,16,5,22.616119,88.390944,0.7936,1947.3,0.4903,0.5836,0.3866,0.1962,0.6286
893cf2d5d53ffff,13,2,22.58579,88.306791,0.7826,4609.2,0.5321,0.6263,0.1974,0.4917,0.5537
893cf2c623bffff,4,4,22.543956,88.374699,0.5465,2337.5,0.0483,0.6454,0.373,0.9381,0.4937
893cf2d596fffff,1,0,22.565971,88.339455,0.6479,1891.2,0.227,0.6442,0.3173,1.2499,0.5139
893cf2c4ec3ffff,0,5,22.50644,88.437451,0.6242,7329.5,0.1083,0.6206,0.3105,1.0746,0.42
893cf2c6223ffff,19,0,22.544955,88.378134,0.5525,2680.2,0.6817,0.5039,0.2365,0.0052,0.5867
893cf2c6a27ffff,17,1,22.544626,88.447727,0.6955,3986.9,0.7228,0.537,0.2594,0.6438,0.5621
893cf2c6477ffff,2,3,22.578325,88.361774,0.608,506.4,0.1688,0.8093,0.4112,0.9595,0.5505
893cf2c684fffff,10,5,22.556547,88.438264,0.6866,2449.5,0.7398,0.5657,0.251,0.7514,0.6142
893cf2d4b27ffff,20,3,22.605766,88.375489,0.844,1019.9,0.7507,0.7868,0.4323,0,0.7958
893cf2c6a87ffff,12,1,22.552369,88.433972,0.8022,2676.1,0.6057,0.765,0.2404,0,0.6488
893cf2d496fffff,15,3,22.617489,88.375476,0.7298,2160.0,0.284,0.533,0.3026,0.632,0.5838
893cf2c701bffff,0,0,22.514879,88.335224,0.5999,842.2,0.0909,0.5765,0.3564,1.7957,0.4768
893cf2c68cfffff,4,2,22.564097,88.433961,0.5943,1353.3,0.1242,0.5916,0.3573,0.5419,0.5813
893cf2c4047ffff,2,6,22.5082,88.403086,0.73,6622.2,0,0.8057,0.2996,0.6612,0.4683
893cf2d412bffff,5,2,22.625133,88.311032,0.661,6600.3,0.1432,0.6707,0.3653,0.4332,0.4581
893cf2d4943ffff,5,2,22.619856,88.363444,0.7006,2846.4,0.0898,0.5974,0.3117,0.8792,0.5044
893cf2c6223ffff,11,0,22.544955,88.378134,0.8629,2337.0,0.4882,0.7297,0.3977,0.243,0.6568
893cf2d5b67ffff,2,4,22.546883,88.334325,0.6814,1232.7,0.071,0.6174,0.349,0.7639,0.5583
893cf2d6b67ffff,11,0,22.651204,88.340208,0.7298,6708.4,0.5638,0.6051,0.1785,0.5218,0.5473
893cf2d4ad7ffff,7,6,22.601327,88.329962,0.8012,3986.9,0.2118,0.7109,0.2049,0.5667,0.5767
893cf2d4307ffff,11,3,22.607235,88.29989,0.8321,7069.4,0.4575,0.6008,0.3552,0,0.6063
893cf2c41cbffff,17,6,22.518554,88.418538,0.6451,5834.9,0.8205,0.7279,0.3293,0,0.5915
893cf2d4ba7ffff,4,0,22.61331,88.371185,0.6645,1794.1,0.013,0.7487,0.3275,0.8731,0.5402
893cf2d5d53ffff,6,5,22.58579,88.306791,0.5466,4876.9,0.4171,0.3786,0.4463,0.5952,0.4463
893cf289033ffff,3,3,22.620919,88.417579,0.6906,2006.0,0.0197,0.6274,0.3011,0.646,0.5279
893cf2c6dd3ffff,4,3,22.590733,88.434796,0.5766,3050.8,0.2106,0.5058,0.145,0.7978,0.4493
893cf2896abffff,6,5,22.616119,88.390944,0.7424,1582.8,0.4557,0.6595,0.3598,0.3225,0.6729
893cf2d41bbffff,9,3,22.634853,88.304147,0.7626,7883.2,0.6516,0.733,0.2628,0.4492,0.5696
893cf2c6c57ffff,18,2,22.577201,88.418481,0.6206,622.2,0.8247,0.6822,0.1632,0.4126,0.718
893cf2890c7ffff,23,1,22.62011,88.404689,0.7386,975.3,0.2098,0.7515,0.4854,0.8169,0.6428
893cf2d592fffff,21,3,22.573332,88.3446,0.5551,2105.6,0.4594,0.4029,0.247,0.9293,0.5027
893cf2c4117ffff,13,0,22.524728,88.429701,0.7891,5255.9,0.3587,0.6071,0.3151,0.1427,0.5539
893cf2c4edbffff,4,4,22.505443,88.434015,0.596,6964.1,0.1082,0.5898,0.3353,0.9546,0.491
893cf2c7617ffff,13,3,22.512067,88.315477,0.6557,1902.9,0.4738,0.4369,0.2845,0.1558,0.6127
893cf2c4283ffff,19,1,22.499839,88.394504,0.6551,6124.2,0.8056,0.5926,0.4174,0.7372,0.5865
893cf2d453bffff,18,5,22.642573,88.290392,0.7493,9788.3,0.6565,0.6656,0.3044,0.3676,0.5475
893cf2d4a67ffff,6,3,22.591418,88.346296,0.7263,1895.8,0.3348,0.5131,0.22,0.4018,0.5533
893cf2c2b67ffff,7,5,22.495339,88.298327,0.6017,674.7,0.3702,0.6054,0.2293,0.9834,0.5566
893cf2c6e2bffff,8,0,22.55574,88.425376,0.7748,1807.9,0.7654,0.7211,0.3091,0.8993,0.6959
893cf2d4d67ffff,15,6,22.635939,88.35827,0.8522,4159.9,0.6008,0.6808,0.2844,0.3693,0.6266
893cf2d4343ffff,18,6,22.598875,88.291313,0.7362,7047.8,0.8117,0.6367,0.2679,0.2294,0.5662
893cf2890cfffff,21,3,22.616929,88.403833,0.7007,1582.1,0.4616,0.7637,0.3645,0.2673,0.6721
893cf2c4e4fffff,22,3,22.496699,88.444333,0.6273,8762.9,0.1392,0.5606,0.2827,0.843,0.4493
893cf289697ffff,18,4,22.622665,88.383203,0.6045,1767.6,0.8624,0.6776,0.3293,0.0696,0.6911
893cf2c4c9bffff,2,1,22.535081,88.445158,0.4921,4779.3,0.1856,0.6112,0.1933,0.533,0.4296
893cf289577ffff,12,3,22.636818,88.421861,0.8845,2213.7,0.5955,0.4437,0.3532,0.0595,0.7355
893cf2d4357ffff,1,4,22.602055,88.292167,0.6941,7465.9,0.0362,0.591,0.3027,0.6103,0.4833
893cf2d5b0fffff,4,2,22.551248,88.329167,0.7185,1511.9,0.058,0.5393,0.3742,0.6715,0.5928
893cf2c29abffff,23,6,22.528345,88.300857,0.5885,3199.3,0.1296,0.5911,0.3115,0.5572,0.5194
893cf28912fffff,11,3,22.623533,88.446798,0.7862,5008.4,0.4305,0.5986,0.397,0.4379,0.5583
893cf2c757bffff,20,0,22.529605,88.345512,0.4952,898.5,0.8019,0.5135,0.2252,0.7534,0.6744
893cf2c658fffff,4,4,22.595041,88.378938,0.903,624.6,0.0298,0.7329,0.5835,0.492,0.6978
893cf2d4ad3ffff,1,1,22.600328,88.326527,0.7345,4199.0,0.1448,0.5965,0.3838,0.0932,0.5967
893cf2d5c97ffff,12,3,22.594695,88.287024,0.8225,7342.1,0.4093,0.651,0.2931,0.3767,0.5798
893cf2c0d3bffff,3,1,22.485422,88.314654,0.5987,2238.4,0.1452,0.631,0.2478,0.7979,0.5338
893cf2d4ccbffff,4,5,22.632492,88.316177,0.6215,7179.5,0.1235,0.5787,0.3031,0.7199,0.4502
893cf2d5a3bffff,8,0,22.545253,88.308563,0.7766,3602.7,0.7567,0.681,0.254,0.4292,0.6493
893cf2d415bffff,15,2,22.620136,88.29386,0.7463,8287.2,0.4373,0.606,0.3427,0.2311,0.5864
893cf2c61d3ffff,5,4,22.576768,88.38669,0.6896,1814.2,0.0719,0.5896,0.3433,0.1956,0.624
893cf2d4ad3ffff,17,5,22.600328,88.326527,0.7208,4049.1,0.7508,0.5964,0.2492,0.2595,0.6054
893cf2c2943ffff,1,2,22.516799,88.291428,0.584,1627.6,0.1446,0.6918,0.3087,1.0,0.4901
893cf2d6b67ffff,4,3,22.651204,88.340208,0.6636,6526.5,0.1798,0.6081,0.1656,0.5101,0.4708
893cf2c62abffff,22,4,22.549322,88.372975,0.7143,1719.6,0.088,0.5751,0.3557,0.9143,0.5978
893cf289357ffff,13,0,22.599467,88.424475,0.919,3335.2,0.6243,0.7464,0.2328,0.7553,0.6356
893cf2d5dc3ffff,8,5,22.591152,88.305065,0.7552,5787.3,0.5824,0.492,0.1926,0,0.5601
893cf28901bffff,23,1,22.617927,88.407269,0.7361,1619.4,0.1954,0.6545,0.3822,0.4312,0.6324
893cf28912fffff,0,3,22.623533,88.446798,0.6946,5061.0,0,0.5533,0.29,0.7605,0.4312
893cf2d5a4fffff,22,0,22.536891,88.299987,0.5802,3532.0,0,0.6225,0.3495,0.5553,0.4991
893cf2c6dd7ffff,9,6,22.59173,88.438232,0.6931,3034.8,0.7434,0.713,0.2743,0.4456,0.6285
893cf28901bffff,1,2,22.617927,88.407269,0.609,1569.3,0.0902,0.6058,0.3081,0.3134,0.5315
893cf2882c7ffff,19,6,22.649348,88.434741,0.5987,4387.4,0.7532,0.5289,0.3393,0.0045,0.5818
893cf2c418bffff,2,5,22.525916,88.423686,0.4979,4894.6,0.067,0.4759,0.2303,0.811,0.4125
893cf2c5cd7ffff,10,4,22.480361,88.408268,0.8132,9206.7,0.5915,0.6807,0.4298,0.8747,0.5962
893cf2c6813ffff,4,5,22.568276,88.438254,0.5262,2290.4,0,0.747,0.3748,0.4925,0.5031
893cf2890c7ffff,10,2,22.62011,88.404689,0.8757,824.1,0.7812,0.5489,0.4171,0.0091,0.805
893cf2c6eafffff,4,0,22.564287,88.424509,0.7446,656.4,0.1496,0.6758,0.3899,0.361,0.6798
893cf2d4ccbffff,14,6,22.632492,88.316177,0.8094,7129.9,0.3865,0.5405,0.2427,0.3393,0.4837
893cf2d4e03ffff,20,5,22.613231,88.320497,0.6496,5077.4,0.6349,0.6157,0.2752,1.5586,0.4731
893cf2d4c97ffff,12,3,22.646209,88.323031,0.7335,7192.8,0.5148,0.6456,0.4399,0.368,0.6071
893cf2c4c9bffff,23,4,22.535081,88.445158,0.5542,4761.7,0.0913,0.5227,0.4736,0.7412,0.4767
893cf2c4133ffff,23,3,22.52354,88.435717,0.6838,5430.8,0.0247,0.5238,0.3124,0.2583,0.5086
893cf2896afffff,19,6,22.617116,88.39438,0.7011,1398.6,0.6921,0.6968,0.3729,0.8625,0.6752
893cf2c66a3ffff,2,6,22.567784,88.355773,0.6503,1031.3,0.0712,0.6294,0.4082,1.8527,0.5359
893cf2d489bffff,7,1,22.626767,88.336802,0.5783,5243.9,0.4332,0.5308,0.1864,0.2602,0.4489
893cf2d4a8bffff,19,1,22.602326,88.333396,0.6359,3897.4,0.762,0.5698,0.2926,0.2404,0.5922
893cf2d5a2fffff,10,1,22.54407,88.314576,0.8166,3406.8,0.5305,0.6089,0.3822,0.5557,0.6016
893cf2c456fffff,13,0,22.527104,88.417671,0.725,4683.9,0.534,0.4994,0.2412,0.6318,0.589
893cf2d4bdbffff,6,4,22.60414,88.349716,0.939,1982.9,0.171,0.5009,0.3527,0.7234,0.6381
893cf2c63cfffff,23,3,22.550132,88.38586,0.5533,2901.5,0.1714,0.6929,0.4159,0.4132,0.5379
893cf2d5977ffff,7,4,22.571335,88.33773,0.8124,1910.4,0.2671,0.4667,0.235,0.3009,0.5981
893cf2c608fffff,8,6,22.572775,88.372949,0.6586,875.8,0.5074,0.4821,0.3438,1.3319,0.5884
893cf2c7417ffff,5,1,22.534341,88.321459,0.6154,1331.5,0,0.6234,0.2238,0.0162,0.5748
893cf2c6e03ffff,0,6,22.559111,88.41678,0.7084,1183.5,0,0.4189,0.3686,0.5321,0.5648
893cf2894b7ffff,0,4,22.644736,88.398648,0.7332,1682.4,0.0079,0.7423,0.3061,0.2295,0.563
893cf2c296fffff,0,5,22.514433,88.303452,0.6057,1602.9,0,0.7079,0.3221,1.0504,0.5227
893cf2c6cb3ffff,8,0,22.590922,88.425342,0.6531,2189.2,0.7152,0.8517,0.2254,0.4244,0.6378
893cf2c644bffff,6,3,22.572149,88.350614,0.7915,1860.4,0.3428,0.6662,0.3082,0.2647,0.6367
893cf2d5e4fffff,20,2,22.552163,88.281933,0.8821,6096.2,0.7887,0.6056,0.2565,1.0145,0.5607
893cf2c6ab7ffff,0,2,22.554363,88.440844,0.633,2454.0,0.1689,0.5293,0.404,0.608,0.5662
893cf2c63dbffff,0,5,22.551318,88.379845,0.5445,2241.5,0.0612,0.6462,0.3088,0.6661,0.5013
893cf2d4c67ffff,22,6,22.628948,88.334222,0.6313,5557.0,0.0993,0.5268,0.2587,0.4631,0.4328
893cf2c4563ffff,23,0,22.529289,88.415091,0.6237,4547.7,0.1798,0.6402,0.2909,0.5672,0.5297
893cf2c76abffff,17,6,22.513066,88.318911,0.8181,1364.8,0.7218,0.6339,0.2237,0.413,0.6852
893cf2d5c93ffff,23,3,22.593695,88.283591,0.628,7322.5,0.0658,0.6128,0.3657,0.7551,0.4583
893cf2c6477ffff,18,3,22.578325,88.361774,0.6167,660.9,0.6178,0.7611,0.3331,0.4152,0.6528
893cf289693ffff,19,0,22.621667,88.379768,0.7597,2410.1,0.7317,0.4996,0.2841,0.8743,0.6869
893cf2c76bbffff,17,4,22.515249,88.316332,0.8693,1866.9,0.7845,0.5158,0.2872,0.4644,0.6961
893cf2d43b7ffff,1,0,22.616775,88.302454,0.764,7037.2,0.1971,0.5348,0.3577,0.504,0.4996
893cf2c4563ffff,7,5,22.529289,88.415091,0.7073,4371.8,0.412,0.574,0.1847,0.2608,0.5086
893cf2c658fffff,5,1,22.595041,88.378938,0.7211,443.8,0.1291,0.7351,0.5619,0.6504,0.635
893cf2c6e03ffff,14,4,22.559111,88.41678,0.7426,1256.4,0.4703,0.6266,0.3268,0.4193,0.625
893cf2d4d2fffff,10,2,22.640117,88.362561,0.7843,4067.8,0.6651,0.646,0.3399,0.6297,0.5657
893cf2894bbffff,5,5,22.640559,88.394355,0.679,1137.9,0.2402,0.6448,0.379,0.1938,0.6671
893cf2d5b77ffff,23,5,22.549066,88.331746,0.6312,988.0,0.0676,0.561,0.3363,1.0467,0.5406
893cf2c4c83ffff,14,0,22.536077,88.448594,0.6099,4685.7,0.5203,0.5609,0.3456,0.2145,0.5615
893cf2c43dbffff,23,4,22.498462,88.409968,0.7089,7622.7,0.052,0.4848,0.2776,0.8833,0.4334
893cf2896cbffff,19,2,22.608946,88.376345,0.7494,883.0,0.7347,0.6674,0.5079,0.4009,0.6974
893cf28956bffff,18,0,22.630459,88.420148,0.7639,2136.6,0.5937,0.645,0.2875,0.4059,0.647
893cf2c76b3ffff,2,3,22.518431,88.317186,0.7407,1381.1,0.0611,0.4953,0.5015,0.7863,0.579
893cf2c70d7ffff,10,4,22.519246,88.330066,0.6546,59.2,0.9664,0.5007,0.3732,1.2032,0.6794
893cf2c6573ffff,16,0,22.584314,88.382386,0.7028,1250.0,0.5374,0.6499,0.3131,0.8085,0.6232
893cf2c456bffff,15,4,22.526106,88.414235,0.7347,5394.4,0.4823,0.6708,0.2224,0.0827,0.5221
893cf2d5d67ffff,20,1,22.584425,88.322253,0.6435,4272.3,0.6479,0.6633,0.3179,0.9408,0.5354
893cf2882c7ffff,23,3,22.649348,88.434741,0.7931,4215.2,0.176,0.6909,0.2667,0.7907,0.5118
893cf2c6c2bffff,7,5,22.578009,88.43137,0.8228,1268.6,0.3378,0.5637,0.225,0.2847,0.66
893cf2d415bffff,10,4,22.620136,88.29386,0.7058,7826.7,0.8324,0.5409,0.238,0,0.6131
893cf2c6333ffff,9,1,22.554124,88.399602,0.9449,2573.6,0.7066,0.6188,0.2396,0.5574,0.6896
893cf2c623bffff,21,0,22.543956,88.374699,0.7418,2079.8,0.2842,0.6316,0.2353,0.665,0.5673
893cf2c453bffff,11,0,22.535653,88.416803,0.9413,3829.5,0.504,0.8304,0.39,0.2461,0.6942
893cf2d5e4fffff,21,0,22.552163,88.281933,0.6178,6194.9,0.429,0.6233,0.3447,0.2528,0.5705
893cf2c711bffff,5,1,22.52187,88.359264,0.6938,2249.6,0.0535,0.527,0.221,0.9169,0.4782
893cf2c55abffff,15,0,22.489481,88.379055,0.7147,5869.4,0.653,0.769,0.2263,0.0139,0.5786
893cf2d5a77ffff,11,4,22.542071,88.307708,0.8256,3099.9,0.3931,0.699,0.2485,0.4664,0.621
893cf2c2d3bffff,19,1,22.538255,88.284529,0.6937,4415.0,0.5528,0.5037,0.2445,0,0.5976
893cf2c644bffff,0,3,22.572149,88.350614,0.8404,1756.7,0.059,0.5002,0.3269,0.9447,0.5574
893cf2d4c2fffff,2,4,22.633126,88.338512,0.6447,5544.0,0,0.6779,0.3607,0.8011,0.4433
893cf2890d3ffff,5,5,22.621294,88.398672,0.8806,772.4,0.1445,0.894,0.5649,0.2981,0.7303
893cf2c732bffff,20,4,22.497222,88.365304,0.5904,4878.8,0.575,0.663,0.3486,0.2803,0.5037
893cf2c4687ffff,17,1,22.516129,88.379884,0.7888,4034.4,0.8142,0.5998,0.3044,0.805,0.6325
893cf2c653bffff,0,2,22.588493,88.386678,0.6277,1358.0,0.2325,0.7118,0.308,1.0979,0.6067
893cf2d5b53ffff,13,4,22.548251,88.318864,0.79,2485.3,0.5696,0.6708,0.2967,0,0.7068
893cf2c756bffff,8,1,22.527422,88.348091,0.7568,1456.6,0.5774,0.7553,0.4195,0.416,0.7082
893cf2c4473ffff,8,5,22.524489,88.388465,0.6545,4044.3,0.6874,0.6243,0.2326,0.7624,0.5193
893cf289523ffff,23,4,22.640995,88.426154,0.6044,3022.7,0.0788,0.6026,0.2774,0.7755,0.5156
893cf2c55a7ffff,15,6,22.493662,88.383345,0.8602,5996.5,0.3671,0.5825,0.2952,0.0824,0.5619
893cf2c6533ffff,16,3,22.591674,88.387533,0.7692,1479.1,0.603,0.5807,0.3801,0.0778,0.7102
893cf2c0c87ffff,1,2,22.488157,88.283741,0.8006,2139.9,0.2305,0.6117,0.3176,0.0592,0.5869
893cf2d5d67ffff,18,0,22.584425,88.322253,0.5868,3638.0,0.7766,0.6837,0.309,0.5061,0.5728
893cf28913bffff,1,6,22.624719,88.440781,0.6607,4023.8,0,0.5246,0.24,0.6334,0.4256
893cf2c5533ffff,4,5,22.487296,88.381634,0.674,6381.1,0.1263,0.5106,0.3,1.1778,0.4491
893cf2c0dafffff,13,6,22.491787,88.316362,0.7158,2094.4,0.4813,0.6603,0.2319,0.2488,0.6389
893cf2d5dc3ffff,11,1,22.591152,88.305065,0.7055,5914.5,0.5405,0.6225,0.3358,0.2629,0.5861
893cf2c4cdbffff,1,2,22.52772,88.440009,0.6206,5194.7,0.0926,0.509,0.3251,0.4995,0.4647
893cf2c62dbffff,9,3,22.54433,88.355801,0.8019,211.5,0.8535,0.5801,0.278,0,0.8029
893cf289387ffff,1,2,22.612188,88.4279,0.5805,3916.8,0.0866,0.6147,0.2615,0.368,0.4575
893cf2d4e57ffff,17,5,22.609052,88.316208,0.8989,5300.1,0.5805,0.5927,0.3953,0.6985,0.5943
893cf2d4c67ffff,5,1,22.628948,88.334222,0.6436,5371.7,0.1539,0.6847,0.2228,0.3813,0.4588
893cf2c4373ffff,7,4,22.4939,88.424576,0.6113,8883.1,0.3827,0.6486,0.3164,0.538,0.5153
893cf2d6acfffff,13,6,22.648751,88.301551,0.7489,9088.6,0.4577,0.4142,0.2466,0.3861,0.5384
893cf289147ffff,21,3,22.619545,88.43305,0.6811,3684.8,0.2315,0.65,0.1949,0.1775,0.5049
893cf2c29abffff,14,0,22.528345,88.300857,0.6129,3162.2,0.5875,0.7476,0.2618,0.8074,0.5476
893cf2c6863ffff,9,2,22.558541,88.445137,0.7456,2750.4,0.7572,0.5889,0.3753,0.3101,0.6383
893cf28b35bffff,1,1,22.648102,88.390051,0.5809,2419.8,0.0814,0.6534,0.3952,0.8047,0.5363
893cf2d4177ffff,15,5,22.624134,88.307598,0.9686,7357.9,0.5409,0.6718,0.269,0.5995,0.59
893cf2c4c83ffff,1,2,22.536077,88.448594,0.5919,4934.8,0.0805,0.6719,0.2382,0.3174,0.4893
893cf2c6563ffff,19,1,22.582132,88.384966,0.5472,1823.8,0.5762,0.6578,0.3277,0.249,0.5966
893cf2c6a87ffff,0,5,22.552369,88.433972,0.6524,2602.8,0.0237,0.7156,0.246,0.9115,0.53
893cf2c611bffff,15,2,22.573399,88.395286,0.7041,2346.3,0.4125,0.5138,0.3035,0,0.6109
893cf2c44cbffff,11,5,22.526861,88.376437,0.6447,3083.4,0.4066,0.6768,0.2195,0.3058,0.5065
893cf2c2b23ffff,7,1,22.501704,88.300035,0.5525,50,0.3761,0.5427,0.3674,1.2558,0.5714
893cf2c6e8fffff,14,1,22.564477,88.415057,0.77,620.0,0.5232,0.5472,0.2987,0.1754,0.6615
893cf28920fffff,13,3,22.59448,88.407293,0.6352,2761.3,0.6508,0.7688,0.3443,0,0.6398
893cf2d4963ffff,17,4,22.61967,88.372896,0.7222,2349.1,0.7064,0.691,0.4126,0.4514,0.6886
893cf2c4e4fffff,8,5,22.496699,88.444333,0.657,8519.3,0.799,0.4869,0.1488,0.2398,0.5658
893cf2c7527ffff,16,5,22.538965,88.357526,0.8369,976.6,0.3823,0.6276,0.3633,0.021,0.6477
893cf2d41d7ffff,9,1,22.631855,88.293843,0.7662,8596.5,0.5404,0.7396,0.1538,0.5372,0.5639
893cf2d492bffff,22,0,22.623849,88.377187,0.714,2640.8,0,0.5436,0.2511,0.331,0.5416
893cf28901bffff,15,3,22.617927,88.407269,0.9389,1309.7,0.6993,0.5367,0.3515,0.201,0.7712
893cf2c6d73ffff,8,6,22.582994,88.448553,0.7265,3397.0,0.788,0.608,0.3531,0.4701,0.6249
893cf2c55c3ffff,7,0,22.485488,88.365318,0.8312,5662.3,0.3555,0.5078,0.1961,0.1015,0.5554
893cf2c701bffff,11,0,22.514879,88.335224,0.8295,907.5,0.5386,0.4838,0.3624,0.9451,0.5847
893cf2c4543ffff,17,3,22.529478,88.405641,0.8008,4638.2,0.6184,0.6557,0.2468,0.0386,0.6214
893cf2d5d5bffff,11,0,22.582609,88.305936,0.673,4792.3,0.4537,0.6396,0.2724,0,0.5642
893cf2c6d43ffff,1,6,22.581,88.44168,0.6134,2657.5,0.1085,0.5324,0.258,1.0198,0.4503
893cf2d5bcbffff,15,1,22.550433,88.316285,0.76,2942.4,0.4496,0.6632,0.4374,0.4838,0.625
893cf2c612bffff,17,6,22.571028,88.407317,0.7506,1593.1,0.8173,0.3776,0.2125,0.5495,0.6231
893cf2d5ccfffff,14,2,22.581973,88.283607,0.6598,6526.2,0.3387,0.7542,0.3272,0.783,0.4726
893cf289e43ffff,18,6,22.603265,88.447676,0.5958,4624.7,0.6374,0.6042,0.2668,0.3177,0.5257
893cf2d4867ffff,15,0,22.61368,88.352282,0.794,2672.6,0.4151,0.6262,0.3736,0.3087,0.6798
893cf2d4b73ffff,1,1,22.599591,88.364327,0.6296,828.2,0.0633,0.4765,0.2384,1.4798,0.5023
893cf2c66afffff,8,5,22.565601,88.358353,0.7095,881.4,0.7461,0.5149,0.3781,0.9739,0.6383
893cf2c456fffff,20,1,22.527104,88.417671,0.681,4929.6,0.8014,0.5168,0.3621,0.5768,0.5936
893cf2c6eafffff,23,1,22.564287,88.424509,0.701,1148.8,0.1068,0.6628,0.245,0.8,0.5732
893cf2c6ed7ffff,8,5,22.562482,88.408185,0.765,1512.8,0.8028,0.6486,0.2097,0.2286,0.7222
893cf2c6a63ffff,15,3,22.536269,88.439142,0.6353,4355.9,0.539,0.614,0.3744,0,0.5413
893cf2c4e93ffff,6,1,22.515987,88.44002,0.8195,6214.3,0.2602,0.4995,0.2797,0,0.4757
893cf2d4ed7ffff,13,6,22.616593,88.311903,0.7689,6216.9,0.3947,0.7509,0.3761,0.2085,0.6079
893cf2d492bffff,8,6,22.623849,88.377187,0.744,2575.3,0.8041,0.6068,0.4243,0.3775,0.6341
893cf2c6287ffff,4,3,22.553688,88.367816,0.6751,1293.1,0.1429,0.5393,0.2982,1.9434,0.5013
893cf2c7593ffff,17,5,22.547882,88.33776,0.5944,1249.2,0.6856,0.7426,0.1249,0.1097,0.6434
893cf2d49a3ffff,17,3,22.634571,88.373738,0.7878,2859.7,0.5987,0.4558,0.2195,0.534,0.6304
893cf2d4153ffff,11,3,22.623315,88.294714,0.7076,8132.0,0.5025,0.5992,0.2993,0.7268,0.4951
893cf2c72cfffff,12,5,22.491602,88.325808,0.9195,2659.8,0.5226,0.7154,0.3118,0.5451,0.6651
893cf2d5993ffff,18,3,22.585425,88.325687,0.5128,4012.9,0.6132,0.5348,0.3707,0.1613,0.5689
893cf2c5d1bffff,3,3,22.48297,88.437472,0.6317,9771.5,0.1628,0.6634,0.2727,0.633,0.5318
893cf2d4c57ffff,11,3,22.631311,88.322192,0.7697,6297.4,0.5137,0.5661,0.3822,0.2695,0.5756
893cf2c6aa3ffff,14,5,22.551181,88.439988,0.6572,2682.0,0.5821,0.5396,0.4119,0.385,0.5934
893cf2d4a43ffff,7,0,22.590603,88.333411,0.7665,3185.2,0.2695,0.6741,0.3975,0,0.6054
893cf2c6863ffff,17,3,22.558541,88.445137,0.7362,2820.3,0.6328,0.6093,0.2476,0,0.6363
893cf2d41bbffff,13,2,22.634853,88.304147,0.574,8111.7,0.5203,0.5755,0.3661,0,0.5288
893cf2c6203ffff,9,2,22.545142,88.368685,0.7267,1854.3,0.6098,0.6553,0.45,0.4834,0.6733
893cf2c66afffff,18,5,22.565601,88.358353,0.5108,645.6,0.883,0.4918,0.3725,1.3729,0.6297
893cf2c4e47ffff,9,5,22.499882,88.445189,0.7657,8074.8,0.767,0.6623,0.3914,0.3064,0.5972
893cf289267ffff,4,4,22.590113,88.412453,0.7165,2234.7,0,0.5977,0.441,0.8897,0.5251
893cf2c6423ffff,2,6,22.582504,88.366065,0.5099,661.7,0.15,0.7385,0.4683,1.1077,0.5271
893cf2c6213ffff,19,2,22.547325,88.366105,0.7318,1644.4,0.7208,0.678,0.3095,0.3624,0.6801
893cf2c61a7ffff,19,1,22.582754,88.407305,0.6651,1826.6,0.8332,0.8279,0.218,0.6933,0.6384
893cf2c6107ffff,0,4,22.575395,88.402157,0.6969,1869.5,0.1212,0.6032,0.2599,0.7179,0.5597
893cf2d450fffff,9,4,22.641573,88.286958,0.724,9977.8,0.7214,0.5663,0.3321,0,0.6258
893cf2c743bffff,0,2,22.529976,88.326617,0.6085,1055.6,0.1736,0.5703,0.2328,0.7036,0.5373
893cf2d4ed7ffff,9,1,22.616593,88.311903,0.7598,6268.6,0.7677,0.5808,0.3745,0.1799,0.5924
893cf2c45dbffff,7,3,22.536031,88.397902,0.6936,4631.3,0.2261,0.6533,0.18,0.6384,0.4657
893cf2d5867ffff,17,4,22.562159,88.31627,0.69,2804.9,0.5984,0.7189,0.4569,0,0.6574
893cf2c71a7ffff,0,1,22.531229,88.371278,0.6345,2036.7,0.027,0.5114,0.2673,0.5766,0.493
893cf2d4c87ffff,17,3,22.644029,88.325612,0.699,7432.9,0.7696,0.6136,0.3909,0.8576,0.5673
893cf2c722fffff,17,4,22.49123,88.3447,0.8292,3871.1,0.7382,0.5246,0.434,0.5841,0.5945
893cf2c2943ffff,7,0,22.516799,88.291428,0.7079,2064.9,0.3276,0.6374,0.2619,0.7342,0.612
893cf2d4e4bffff,6,6,22.602692,88.314498,0.77,5407.9,0.2594,0.6802,0.438,0.4792,0.5261
893cf2d49d3ffff,12,1,22.629579,88.356559,0.8033,3821.3,0.3276,0.5155,0.2411,0.1306,0.5461
893cf28921bffff,17,2,22.595665,88.401277,0.8425,2470.8,0.5253,0.6383,0.3265,0.0445,0.6321
893cf2c731bffff,6,2,22.499593,88.353278,0.6357,3391.7,0.4472,0.5712,0.4513,0.7154,0.5145
893cf2c624bffff,17,2,22.534598,88.362684,0.8946,1339.3,0.818,0.4532,0.3979,0.3831,0.7405
893cf2c7617ffff,7,2,22.512067,88.315477,0.8269,1536.0,0.4714,0.5596,0.2769,0.2626,0.6218
893cf2c60b3ffff,3,0,22.576955,88.37724,0.6504,677.1,0.0056,0.5937,0.2564,0.0784,0.5525
893cf2c73a7ffff,17,4,22.508954,88.365291,0.7872,3872.8,0.9052,0.4963,0.362,0.2087,0.6295
893cf2c4687ffff,7,5,22.516129,88.379884,0.796,4214.6,0.3031,0.5094,0.3346,0.1399,0.5479
893cf2d5a77ffff,0,3,22.542071,88.307708,0.6065,3441.7,0.0043,0.6135,0.2492,0.7671,0.4851
893cf2d5c6fffff,1,5,22.574249,88.297359,0.56,5365.4,0.0502,0.5465,0.3202,0.758,0.4253
893cf2c61d3ffff,6,3,22.576768,88.38669,0.8054,1696.4,0.5428,0.5832,0.2952,0.4176,0.7002
893cf2892abffff,18,5,22.600841,88.409005,0.5859,2783.4,0.7007,0.5787,0.3025,0.102,0.6004
893cf2d4d1bffff,23,3,22.641483,88.347094,0.6203,5349.9,0.1262,0.5408,0.2566,0.7259,0.4256
893cf288233ffff,3,5,22.650157,88.447634,0.7254,5408.1,0,0.6252,0.2935,0.4949,0.3651
893cf2c425bffff,4,5,22.483924,88.390227,0.5694,7327.5,0,0.6111,0.4423,0.139,0.4557
893cf289577ffff,10,0,22.636818,88.421861,0.6069,2802.1,0.6178,0.6652,0.414,0.0621,0.6221
893cf2c75abffff,16,4,22.542332,88.348932,0.7276,280.9,0.5827,0.6066,0.413,0.9855,0.7015
893cf2896cbffff,1,5,22.608946,88.376345,0.6624,1030.2,0,0.7303,0.3478,0.4756,0.6102
893cf2c7563ffff,1,2,22.530604,88.348946,0.6144,927.7,0,0.4689,0.3417,0.7448,0.5774
893cf2c5533ffff,22,2,22.487296,88.381634,0.6778,6557.6,0,0.6114,0.2079,0.1644,0.468
893cf2c60b3ffff,9,4,22.576955,88.37724,0.7378,706.5,0.7634,0.6894,0.3393,0,0.7638
893cf2d4b0fffff,13,2,22.602772,88.365182,1,1289.6,0.4622,0.752,0.1998,0.4357,0.6908
893cf2c659bffff,19,3,22.596225,88.372922,0.644,637.6,0.7649,0.7393,0.4138,0.3485,0.7564
893cf2d41cbffff,17,2,22.625495,88.292134,0.6697,8498.7,0.7293,0.5342,0.2674,0.4984,0.5498
893cf2c7367ffff,14,1,22.494039,88.364449,0.7711,4729.4,0.4569,0.5822,0.3003,0.7745,0.5388
893cf289cd7ffff,0,6,22.636252,88.450225,0.7647,5419.1,0.1744,0.5438,0.1595,0.6145,0.4271
893cf2d4bbbffff,11,6,22.611314,88.364313,0.7418,2127.2,0.4185,0.5678,0.1738,0.9476,0.6317
893cf2c291bffff,5,3,22.523163,88.293136,0.7455,3020.1,0.0088,0.4526,0.1231,0.0799,0.5065
893cf289157ffff,10,3,22.621728,88.43047,0.8663,3303.1,0.5525,0.6579,0.2348,0.2308,0.671
893cf2c74abffff,0,1,22.53534,88.324893,0.7097,2023.6,0.2264,0.6254,0.3508,0.7978,0.6081
893cf2c4197ffff,0,0,22.532281,88.425398,0.6083,4265.2,0,0.6911,0.2553,0.3728,0.4415
893cf2c660fffff,20,5,22.55824,88.353208,0.6084,603.0,0.7936,0.5502,0.173,2.0547,0.5986
893cf2d4d6fffff,1,6,22.632759,88.357415,0.6459,4307.8,0.0251,0.5603,0.318,0.8084,0.4469
893cf2c62dbffff,3,2,22.54433,88.355801,0.5984,1110.6,0,0.4212,0.2588,0.7793,0.5184
893cf2c4363ffff,23,6,22.491714,88.427155,0.5847,8722.0,0.0774,0.5649,0.2895,0.8966,0.4356
893cf289387ffff,15,2,22.612188,88.4279,0.6521,3587.3,0.3276,0.6482,0.278,0,0.5206
893cf2d4cb3ffff,2,6,22.645028,88.329047,0.5858,7198.5,0.0838,0.5816,0.3195,1.3639,0.3963
893cf2d5babffff,3,0,22.557611,88.330876,0.5586,1433.4,0.016,0.5685,0.3367,0.9045,0.5027
893cf2c5c8bffff,8,3,22.481359,88.411703,0.7294,9117.3,0.6397,0.5655,0.3,0.14,0.6028
893cf2c7473ffff,7,3,22.525794,88.322329,0.7066,1253.9,0.2604,0.512,0.2491,0.5089,0.5298
893cf2c71c3ffff,2,0,22.523055,88.35325,0.5715,2244.8,0.036,0.6319,0.3822,0.4981,0.5489
893cf2c624bffff,11,1,22.534598,88.362684,0.8271,1371.9,0.3667,0.5939,0.4107,0.516,0.6076
893cf2d4d2fffff,20,1,22.640117,88.362561,0.6128,4083.3,0.7033,0.6739,0.2964,0.6944,0.5189
893cf2c606bffff,17,3,22.556683,88.378121,0.7177,2194.0,0.7761,0.7085,0.3339,0.67,0.6547
893cf2d5a3bffff,23,2,22.545253,88.308563,0.7566,3607.6,0.1033,0.5627,0.3031,0.8744,0.4983
893cf2c6423ffff,17,4,22.582504,88.366065,0.7773,493.2,0.6223,0.726,0.5153,0.0647,0.7464
893cf2c466fffff,17,2,22.497843,88.387635,0.758,5970.6,0.7639,0.5259,0.2737,0.1995,0.5619
893cf2c4373ffff,18,3,22.4939,88.424576,0.5418,8639.7,0.6871,0.6328,0.2708,0,0.5534
893cf2c618fffff,7,4,22.579761,88.396997,0.6731,2232.5,0.3525,0.7407,0.203,0.6427,0.534
893cf2d4ed7ffff,10,6,22.616593,88.311903,0.822,6143.9,0.6189,0.6627,0.2151,0.5161,0.5551
893cf2c4037ffff,12,0,22.517557,88.415103,0.7075,5932.0,0.52,0.4611,0.2583,0.4171,0.4831
893cf2c731bffff,13,5,22.499593,88.353278,0.8412,3483.9,0.5426,0.4798,0.2832,0.0133,0.6657
893cf2c738fffff,15,3,22.505958,88.354988,0.7366,3022.7,0.459,0.5575,0.2312,0.2274,0.5576
893cf2c6483ffff,5,0,22.590235,88.35231,0.5876,994.4,0.1736,0.5833,0.2656,0.4813,0.5388
893cf2d4bd7ffff,12,3,22.608318,88.354007,0.7174,2158.5,0.5301,0.5517,0.1861,0.7402,0.5931
893cf2d5b93ffff,15,2,22.563158,88.319704,0.6478,2661.1,0.4197,0.4882,0.2138,0.2106,0.5601
893cf2c624bffff,22,5,22.534598,88.362684,0.6087,1288.8,0.0611,0.5706,0.3728,0.597,0.5521
893cf2c687bffff,9,3,22.557544,88.441701,0.6965,2211.3,0.5926,0.5565,0.3756,0.2099,0.5949
893cf2d4073ffff,20,4,22.616136,88.280123,0.692,8967.6,0.841,0.778,0.3844,0.3087,0.6249
893cf2d4e8fffff,0,4,22.618592,88.318772,0.698,5604.1,0.0618,0.6978,0.2968,0.5648,0.4874
893cf2c7463ffff,19,3,22.523612,88.324908,0.5735,678.3,0.7351,0.727,0.2355,1.3908,0.5665
893cf2d4363ffff,22,0,22.598694,88.300761,0.6424,6410.8,0.2882,0.5908,0.1661,1.067,0.4636
893cf2d5b77ffff,15,4,22.549066,88.331746,0.7932,1220.9,0.4633,0.5113,0.4026,0.2025,0.7237
893cf289167ffff,20,2,22.619356,88.442504,0.6134,4360.2,0.6334,0.6772,0.3115,0.7553,0.5818
893cf2c6107ffff,10,0,22.575395,88.402157,0.6867,1874.6,0.6965,0.5064,0.2295,0.2933,0.6468
893cf2d4b33ffff,21,2,22.60695,88.369473,0.735,1266.1,0.4049,0.597,0.2981,0.0879,0.6358
893cf2c70afffff,19,6,22.521058,88.346381,0.7544,1598.0,0.6346,0.6957,0.4112,0.4412,0.6993
893cf2d4c4fffff,15,4,22.625951,88.323917,0.7189,5667.2,0.4648,0.5959,0.1756,0.4735,0.543
893cf2d4bc7ffff,12,0,22.606137,88.356587,0.6751,2048.3,0.5993,0.6226,0.2624,0.8421,0.5894
893cf2c401bffff,7,6,22.513567,88.401362,0.5665,6125.7,0.1447,0.5557,0.3737,0.2598,0.5037
893cf2c766bffff,12,6,22.498153,88.318071,0.7288,1822.1,0.57,0.6551,0.3399,0.4608,0.6689
893cf2c6ab7ffff,9,6,22.554363,88.440844,0.9161,2740.8,0.78,0.656,0.2021,0.4459,0.6464
893cf2d4bc7ffff,8,3,22.606137,88.356587,0.7697,2154.5,0.8105,0.4791,0.352,0.1589,0.669
893cf2d6b7bffff,8,5,22.649206,88.333337,0.7292,7397.5,0.6328,0.6919,0.3441,0.0713,0.5722
893cf2c68a3ffff,13,3,22.573451,88.445983,0.7215,2582.7,0.5669,0.5017,0.3938,0.0544,0.6569
893cf2c55abffff,14,5,22.489481,88.379055,0.848,5913.1,0.4308,0.3983,0.3512,0.3822,0.5261
893cf2d439bffff,4,4,22.612776,88.288717,0.7899,8312.1,0.1432,0.4796,0.1674,0.4216,0.4471
893cf2c4493ffff,7,1,22.539589,88.379858,0.674,3246.4,0.1592,0.5283,0.3172,0.5024,0.5322
893cf2c292fffff,16,2,22.521797,88.308594,0.8542,1985.7,0.5123,0.5859,0.5211,0.2867,0.7686
893cf28908fffff,17,4,22.624287,88.408982,0.8362,1121.9,0.7616,0.6322,0.4659,0,0.7302
893cf2c2917ffff,2,3,22.527345,88.297424,0.5694,2760.6,0.2128,0.6493,0.3773,0.3961,0.5083
893cf2d492bffff,7,0,22.623849,88.377187,0.7089,2425.2,0.2454,0.5637,0.3953,0.3022,0.6157
893cf2d5a17ffff,5,1,22.549617,88.303404,0.6342,4418.3,0.1468,0.6254,0.3368,0.374,0.4666
893cf2c7593ffff,0,6,22.547882,88.33776,0.5281,1115.5,0.1686,0.4218,0.3725,1.0199,0.5089
893cf2c54b3ffff,9,4,22.48786,88.353292,0.8112,4473.3,0.6834,0.7174,0.2402,0.7242,0.5685
893cf2c742bffff,12,1,22.527793,88.329197,0.6055,1101.2,0.517,0.5877,0.3109,0.9358,0.5742
893cf2c44cbffff,22,6,22.526861,88.376437,0.8076,3316.0,0.1715,0.6566,0.2853,1.1605,0.5238
893cf2c5c8fffff,5,0,22.482356,88.415138,0.6966,9145.6,0,0.5698,0.3015,0.8181,0.4074
893cf2c6333ffff,5,0,22.554124,88.399602,0.6638,3187.1,0.0455,0.5675,0.2361,0.6438,0.5184
893cf2c6aa3ffff,18,0,22.551181,88.439988,0.6304,2890.8,0.5497,0.6065,0.4121,0.5124,0.6101
893cf2d5903ffff,21,6,22.575699,88.332571,0.6614,2438.3,0.1875,0.4698,0.2813,0.8045,0.5026
893cf2d584bffff,16,1,22.558161,88.302534,0.8919,4097.5,0.7809,0.5421,0.3285,0,0.7002
893cf2c613bffff,16,1,22.573211,88.404737,0.6851,1634.4,0.5373,0.6554,0.2843,0.0385,0.6436
893cf2d5c6fffff,17,4,22.574249,88.297359,0.6883,5483.3,0.6872,0.5963,0.4182,0.2251,0.6105
893cf2d4a87ffff,9,5,22.606505,88.337686,0.8115,3284.6,0.5899,0.6283,0.3187,0,0.7048
893cf2d4bd7ffff,5,2,22.608318,88.354007,0.5903,2137.3,0.056,0.7142,0.2436,0,0.5689
893cf2d5b6fffff,11,4,22.543702,88.333471,0.7654,1472.8,0.5448,0.4469,0.3341,0.7161,0.6925
893cf2d4c87ffff,15,1,22.644029,88.325612,0.7127,7009.9,0.4151,0.4969,0.4344,0.3252,0.5476
893cf2d412bffff,15,3,22.625133,88.311032,0.7979,7209.5,0.4285,0.4998,0.3691,0.203,0.5353
893cf2d592fffff,15,6,22.573332,88.3446,0.7678,2089.5,0.2349,0.5646,0.3555,0.618,0.5735
893cf28b277ffff,22,1,22.645108,88.379742,0.6745,2822.2,0.144,0.6588,0.3692,0.2615,0.6006
893cf2d5bc3ffff,0,4,22.553614,88.31714,0.5924,2703.9,0.0299,0.6137,0.3192,0.7233,0.514
893cf2c2943ffff,0,6,22.516799,88.291428,0.5876,2264.7,0,0.6608,0.2175,1.0044,0.4965
893cf2d4b7bffff,1,4,22.596411,88.363471,0.6333,850.8,0,0.686,0.2947,0.3548,0.5971
893cf2d4e4fffff,1,3,22.603691,88.317933,0.6105,5174.0,0.2067,0.6507,0.3154,0.4567,0.4689
893cf2d5e4fffff,9,1,22.552163,88.281933,0.7859,5492.3,0.7126,0.5832,0.4019,0.1644,0.6072
893cf2c4563ffff,10,4,22.529289,88.415091,0.7171,4206.4,0.5927,0.4948,0.1823,0.8814,0.5855
893cf2c2b17ffff,11,1,22.50507,88.291445,0.549,863.5,0.5906,0.4326,0.148,0.8293,0.5724
893cf2c766bffff,5,1,22.498153,88.318071,0.6861,1799.3,0.0162,0.6777,0.2848,0.135,0.605
893cf289273ffff,9,6,22.591299,88.406437,0.7874,2340.0,0.7461,0.6554,0.3059,0.6318,0.668
893cf2c6e13ffff,23,1,22.561295,88.414201,0.7307,742.2,0,0.5952,0.2376,0.6685,0.6146
893cf2d4bdbffff,19,2,22.60414,88.349716,0.6693,2543.9,0.7599,0.6755,0.3034,0.3737,0.6279
893cf2c43dbffff,5,3,22.498462,88.409968,0.6982,7785.9,0.0585,0.7651,0.3376,0.8302,0.469
893cf2c456fffff,2,4,22.527104,88.417671,0.8139,4747.0,0,0.569,0.3744,0.7958,0.4933
893cf2c6863ffff,23,0,22.558541,88.445137,0.7502,2853.6,0.154,0.6258,0.2083,0.9499,0.5097
893cf289687ffff,21,0,22.620483,88.385784,0.6092,1458.0,0.2906,0.605,0.3765,0.2589,0.6252
893cf2c43dbffff,14,0,22.498462,88.409968,0.7884,7531.4,0.7205,0.6964,0.2544,0.6175,0.6065
893cf2c41c7ffff,11,2,22.522734,88.42283,0.8662,5461.8,0.5128,0.4697,0.3305,0.4973,0.5429
893cf2c7323ffff,17,6,22.500404,88.36616,0.8168,4104.7,0.6114,0.6055,0.2973,0,0.6291
893cf2d4c4fffff,5,3,22.625951,88.323917,0.5896,5844.2,0.1297,0.5442,0.3625,0.667,0.4372
893cf2c6e5bffff,15,3,22.550753,88.408197,0.8026,2423.7,0.5964,0.6779,0.3418,0.2756,0.6029
893cf2d48dbffff,3,3,22.619408,88.331657,0.7703,4875.0,0.0577,0.5256,0.2217,0.6873,0.417
893cf289193ffff,6,1,22.635633,88.427878,0.6774,3013.1,0.2309,0.5836,0.1866,0.525,0.5504
893cf2c757bffff,12,4,22.529605,88.345512,0.615,1238.6,0.5636,0.6168,0.2336,0.3522,0.614
893cf2c2b93ffff,2,2,22.511617,88.283708,0.5319,2087.9,0.1828,0.5317,0.3205,0.3694,0.5578
893cf28915bffff,9,4,22.617551,88.426176,0.6684,3010.1,0.7984,0.5181,0.3046,0.7361,0.5954
893cf2c4207ffff,8,6,22.493284,88.402242,0.6955,7581.1,0.7499,0.5255,0.1865,0.5757,0.5294
893cf2d4b53ffff,4,3,22.599776,88.354876,0.8191,1508.2,0.0026,0.5757,0.2449,0,0.5991
893cf2d4353ffff,1,1,22.601056,88.288733,0.6928,7277.5,0.1205,0.5902,0.248,0.0258,0.4506
893cf2c7577ffff,10,5,22.533786,88.349801,0.7017,666.9,0.7865,0.627,0.2347,0.211,0.7594
893cf2d4c4bffff,8,2,22.624951,88.320482,0.8263,5647.4,0.7206,0.6097,0.3637,0.7537,0.6311
893cf2c734fffff,10,2,22.491043,88.354147,0.5868,4359.2,0.6683,0.6416,0.1776,0,0.6365
893cf2d4307ffff,22,3,22.607235,88.29989,0.5637,7010.8,0.1994,0.5506,0.4207,0.3945,0.4257
893cf2c658fffff,21,4,22.595041,88.378938,0.7881,601.5,0.5438,0.7461,0.5267,1.0072,0.7026
893cf2c44a7ffff,1,3,22.538215,88.395323,0.6756,4696.0,0.2591,0.6801,0.268,1.0469,0.473
893cf2d4b13ffff,14,6,22.607135,88.360022,0.8905,1808.0,0.3578,0.544,0.3463,0.1319,0.6257
893cf2c6ed7ffff,9,2,22.562482,88.408185,0.758,1718.1,0.6252,0.7173,0.2791,0.4043,0.7131
893cf2d4143ffff,20,2,22.621135,88.297294,0.555,7909.4,0.6126,0.7254,0.2574,0.54,0.4897
893cf2c649bffff,20,3,22.589236,88.348875,0.6722,1624.1,0.692,0.5605,0.2419,0.2546,0.6951
893cf28b21bffff,9,0,22.648472,88.371145,0.8008,3533.3,0.6645,0.6829,0.1976,0.6364,0.6098
893cf2d4e4bffff,4,1,22.602692,88.314498,0.5991,5231.7,0.1364,0.6516,0.2809,0.5975,0.4605
893cf2d4813ffff,6,5,22.622405,88.341962,0.7833,4153.9,0.3776,0.6843,0.2528,0.7029,0.5598
893cf2d59d3ffff,4,2,22.578064,88.320543,0.714,3750.7,0.181,0.5337,0.4241,0.5971,0.4982
893cf2c6cb3ffff,20,4,22.590922,88.425342,0.5365,2212.7,0.7676,0.4759,0.328,0.4879,0.6054
893cf2d4e43ffff,9,3,22.605872,88.315353,0.7117,5282.8,0.6933,0.5468,0.4142,0.6124,0.583
893cf2d5c9bffff,6,1,22.590515,88.282736,0.6607,7347.7,0.3503,0.5224,0.3389,0.4531,0.4893
893cf2c7317ffff,23,0,22.503774,88.357567,0.7338,3365.4,0.2086,0.688,0.2635,0.8429,0.5367
893cf2d4ab7ffff,4,2,22.608503,88.344557,0.7573,2863.5,0,0.6998,0.3453,0.4894,0.5654
893cf2c64b3ffff,1,4,22.592232,88.359181,0.7505,746.9,0.2475,0.648,0.3725,0.6406,0.6451
893cf2c413bffff,13,0,22.520358,88.434861,0.6448,5830.4,0.5806,0.5606,0.3461,0.2762,0.538
893cf2c6c5bffff,12,5,22.573023,88.414189,0.8362,520.3,0.4955,0.7476,0.3049,0.2351,0.7024
893cf2c6c8fffff,11,2,22.586744,88.42105,0.7808,1843.4,0.6711,0.5232,0.2581,0.2953,0.6828
893cf2c29abffff,2,2,22.528345,88.300857,0.6179,2939.4,0.1782,0.6129,0.3987,0.4339,0.5334
893cf2c642fffff,8,4,22.580322,88.368645,0.7266,175.9,0.8035,0.733,0.2648,0.1875,0.7493
893cf2c55d7ffff,18,3,22.488671,88.366173,0.6007,5256.8,0.7161,0.5659,0.2435,0.0737,0.5808
893cf28b25bffff,13,2,22.641115,88.365997,0.7841,3542.3,0.3295,0.5725,0.2821,0.4465,0.6076
893cf2d592fffff,8,2,22.573332,88.3446,0.7287,1944.8,0.7794,0.5515,0.2753,0.8258,0.6273
893cf2c6c8fffff,14,0,22.586744,88.42105,0.832,1382.9,0.5739,0.5795,0.3117,0,0.6693
893cf2c466fffff,0,0,22.497843,88.387635,0.5306,6036.9,0.2061,0.5126,0.2207,0.924,0.3785
893cf2d4ad3ffff,6,1,22.600328,88.326527,0.8489,4287.7,0.4648,0.5341,0.3595,0.5279,0.5255
893cf2c64b7ffff,22,5,22.59323,88.362616,0.6513,517.9,0.3515,0.7043,0.4934,0.0708,0.6677
893cf2c4117ffff,10,5,22.524728,88.429701,0.5911,4765.6,0.6041,0.6919,0.2743,0.0445,0.5485
893cf289033ffff,16,0,22.620919,88.417579,0.8101,2228.1,0.531,0.5758,0.3249,0.2287,0.6411
893cf2c2bcfffff,0,2,22.499888,88.283725,0.7427,1499.8,0.0726,0.7286,0.3344,0.5355,0.6073
893cf2c7417ffff,20,0,22.534341,88.321459,0.6312,1565.3,0.7368,0.6018,0.2747,0.2356,0.6455
893cf2c656fffff,23,6,22.579949,88.387546,0.5108,1598.1,0.0448,0.4702,0.2605,0.276,0.5124
893cf2c743bffff,6,1,22.529976,88.326617,0.7336,1077.6,0.2119,0.6334,0.3701,0.7611,0.613
893cf2d580bffff,9,5,22.565523,88.307677,0.6724,4078.0,0.8028,0.6582,0.289,0,0.6045
893cf2d5e4fffff,17,0,22.552163,88.281933,0.8429,6092.7,0.5782,0.7083,0.3122,0.4711,0.5904
893cf2c5c37ffff,16,0,22.479979,88.427166,0.7324,10019.6,0.3462,0.657,0.2604,0.7964,0.4943
893cf2c4133ffff,3,0,22.52354,88.435717,0.7622,5236.5,0.0652,0.4786,0.2999,0.4967,0.4632
893cf2c7663ffff,23,3,22.501335,88.318926,0.5805,2083.9,0.0036,0.6076,0.261,0.5748,0.4997
893cf289163ffff,22,1,22.618359,88.439067,0.612,3973.8,0.0585,0.557,0.2394,0.6026,0.4371
893cf2d41cbffff,13,4,22.625495,88.292134,0.7195,8458.9,0.4164,0.5425,0.294,0.6518,0.5173
893cf2c290fffff,20,1,22.521981,88.299149,0.7853,2319.9,0.686,0.6065,0.2853,0.6882,0.6176
893cf2c721bffff,7,2,22.492601,88.329242,0.7538,2640.1,0.3777,0.5763,0.3197,0.8374,0.5914
893cf2d4357ffff,7,4,22.602055,88.292167,0.6559,7378.8,0.3174,0.4959,0.2905,0.0486,0.5605
893cf2d4ed3ffff,14,6,22.615594,88.308468,0.7331,6914.5,0.4577,0.6536,0.2632,0.6689,0.5619
893cf2d48a7ffff,6,0,22.628581,88.353124,0.7618,3892.9,0.1972,0.6794,0.2741,0.4171,0.5422
893cf2c6203ffff,4,0,22.545142,88.368685,0.7351,1707.9,0.0935,0.4838,0.3255,0.0407,0.6286
893cf2c63dbffff,6,4,22.551318,88.379845,0.7981,2260.6,0.3746,0.6084,0.234,0.0178,0.6466
893cf2d40afffff,22,5,22.626675,88.28612,0.6931,9013.0,0.024,0.6175,0.2221,0.4546,0.4518
893cf2c4473ffff,7,6,22.524489,88.388465,0.5222,4231.9,0.3088,0.6265,0.2808,0,0.5132
893cf289133ffff,8,4,22.627899,88.441637,0.578,4390.2,0.6511,0.7043,0.3882,0.1477,0.6167
893cf2c6dd7ffff,7,3,22.59173,88.438232,0.7608,3036.1,0.3865,0.576,0.2818,0.5329,0.5711
893cf2d492bffff,19,1,22.623849,88.377187,0.6378,2453.6,0.6407,0.5592,0.4073,0.3812,0.6564
893cf2c459bffff,20,5,22.543392,88.403049,0.8137,4015.6,0.8591,0.6949,0.3078,0.3992,0.599
893cf2c5d0bffff,5,3,22.480784,88.440051,0.7082,10419.7,0.1623,0.5067,0.2526,0.254,0.4534
893cf2c6a5bffff,17,3,22.535463,88.426255,0.7542,4025.5,0.6871,0.6724,0.3847,0.6989,0.5723
893cf2c2d0fffff,0,5,22.537255,88.281095,0.7118,4578.3,0.3455,0.5,0.2936,0.4563,0.4943
893cf2c4207ffff,4,4,22.493284,88.402242,0.6488,7478.3,0.2347,0.6705,0.2276,0.6093,0.4751
893cf2d4b6fffff,20,6,22.595227,88.369487,0.6546,1183.4,0.5235,0.7369,0.3331,0.539,0.703
893cf2c4c9bffff,16,4,22.535081,88.445158,0.8071,4588.8,0.3416,0.4803,0.1381,0.7437,0.5465
893cf289683ffff,23,2,22.619485,88.382348,0.6419,1963.0,0,0.6958,0.1845,0.7576,0.5191
893cf2890dbffff,20,6,22.618114,88.397816,0.6345,1351.6,0.8288,0.6583,0.4044,0.0938,0.75
893cf2d492bffff,23,6,22.623849,88.377187,0.5817,2396.8,0.1519,0.5394,0.2989,0.7173,0.4827
893cf2c4363ffff,14,0,22.491714,88.427155,0.7248,8759.5,0.5878,0.5202,0.4146,0.1239,0.5773
893cf28960bffff,11,0,22.60876,88.385796,0.8286,1001.9,0.57,0.6282,0.4449,0.2899,0.7535
893cf2c613bffff,22,0,22.573211,88.404737,0.7922,1562.5,0.2907,0.449,0.1725,0.9012,0.5519
893cf2c608fffff,23,3,22.572775,88.372949,0.7207,652.9,0.2156,0.635,0.2418,2.3855,0.4992
893cf2d4c87ffff,7,4,22.644029,88.325612,0.7744,7512.8,0.3666,0.6853,0.2886,0.6978,0.5625
893cf289e43ffff,21,0,22.603265,88.447676,0.5614,4237.9,0.2657,0.6752,0.3364,0.7445,0.4528
893cf2894c3ffff,4,4,22.634386,88.383191,0.6223,1877.1,0.1331,0.6494,0.3155,0.2113,0.5327
893cf2d4bcbffff,15,4,22.601958,88.352296,0.7032,1847.2,0.436,0.7031,0.3819,0.6165,0.6161
893cf2d4bdbffff,12,3,22.60414,88.349716,0.8204,2222.0,0.599,0.4696,0.2748,0.6199,0.6529
893cf2d5b0fffff,23,4,22.551248,88.329167,0.6854,1470.0,0,0.4372,0.3064,0.9856,0.5102
893cf2d4a8bffff,11,6,22.602326,88.333396,0.5762,3578.8,0.357,0.5365,0.3558,0.5778,0.4972
893cf2c659bffff,2,5,22.596225,88.372922,0.6957,729.8,0.2692,0.629,0.3346,1.0241,0.5858
893cf2c7193ffff,8,2,22.532601,88.355815,0.7524,835.0,0.6989,0.6508,0.2161,0.4115,0.6831
893cf2c2dafffff,0,3,22.544618,88.286237,0.7178,5198.5,0.0937,0.7309,0.2874,0.6818,0.5059
893cf2c6573ffff,18,3,22.584314,88.382386,0.6269,1466.2,0.6313,0.6636,0.2101,0.1706,0.6248
893cf2892abffff,14,1,22.600841,88.409005,0.7506,2990.3,0.4922,0.6822,0.2846,0.1443,0.6556
893cf2c728bffff,11,5,22.497968,88.327517,0.8067,2438.4,0.4485,0.7254,0.3093,0.0733,0.6556
893cf2c665bffff,3,2,22.552063,88.342049,0.7026,226.1,0.1392,0.5197,0.5776,0.5522,0.6442
893cf2d6b7bffff,22,0,22.649206,88.333337,0.6384,7938.1,0.1708,0.5975,0.2734,0.4763,0.4073
893cf2c703bffff,10,2,22.514693,88.344672,0.7209,1287.2,0.7138,0.4899,0.3159,0,0.7419
893cf2c6ddbffff,23,3,22.587552,88.433939,0.7218,2604.4,0.0822,0.7036,0.3025,0.8242,0.5751
893cf2c0d0fffff,12,4,22.484422,88.311221,0.8261,2369.7,0.3834,0.5912,0.3094,0.5844,0.5979
893cf289133ffff,5,0,22.627899,88.441637,0.6236,4258.3,0.1346,0.7637,0.2585,0.2033,0.4483
893cf2c72dbffff,21,1,22.492787,88.319796,0.6117,1899.2,0.2115,0.7691,0.241,0.387,0.5661
893cf2c41c7ffff,4,4,22.522734,88.42283,0.5885,4959.5,0.054,0.5762,0.303,0.6044,0.4083
893cf289667ffff,20,4,22.605393,88.394393,0.5822,1387.2,0.6464,0.5762,0.193,0.0536,0.5992
893cf2c4373ffff,1,0,22.4939,88.424576,0.7068,8449.5,0.0192,0.5681,0.3545,1.0229,0.4074
893cf2c4437ffff,14,0,22.532849,88.397047,0.717,5038.9,0.4539,0.5437,0.2629,0.094,0.5316
893cf289607ffff,4,6,22.612939,88.390088,0.7388,1961.8,0.013,0.7286,0.1699,0.5765,0.554
893cf2d5953ffff,2,5,22.57052,88.324847,0.7198,2380.4,0.067,0.5079,0.4212,0.9036,0.5631
893cf2d439bffff,18,4,22.612776,88.288717,0.5765,8257.4,0.8147,0.4878,0.3218,0.6173,0.544
893cf2c7083ffff,4,2,22.523427,88.334355,0.6094,681.4,0.2053,0.5381,0.2211,2.0445,0.5093
893cf2d43b7ffff,13,4,22.616775,88.302454,0.7655,7168.6,0.5344,0.7075,0.3807,0.3198,0.5952
893cf2c0d3bffff,15,2,22.485422,88.314654,0.6792,1795.3,0.6305,0.5111,0.2634,0,0.6779
893cf2890cfffff,20,2,22.616929,88.403833,0.7141,1174.8,0.9331,0.8537,0.4649,0.7336,0.7951
893cf2c742bffff,7,1,22.527793,88.329197,0.7331,615.1,0.0721,0.6613,0.4151,0.9679,0.5761
893cf2c0c87ffff,9,2,22.488157,88.283741,0.8545,2099.2,0.7969,0.7248,0.2036,0.433,0.7094
893cf2d4acbffff,11,1,22.594966,88.328252,0.7521,3691.2,0.493,0.5766,0.3055,0.3565,0.5808
893cf2c2b93ffff,8,2,22.511617,88.283708,0.6575,2379.3,0.652,0.6924,0.1953,0.535,0.6939
893cf2d4a67ffff,4,3,22.591418,88.346296,0.6624,2118.4,0.0111,0.5921,0.344,0.7745,0.4901
893cf2c6c53ffff,22,6,22.576204,88.415045,0.5534,958.8,0.0012,0.5096,0.3694,0.8618,0.5324
893cf2d5bbbffff,9,1,22.559793,88.328297,0.7058,1811.5,0.7166,0.6467,0.3474,0.5113,0.6907
893cf28960bffff,7,6,22.60876,88.385796,0.8804,1034.1,0.406,0.6108,0.4131,0,0.7357
893cf2c66b7ffff,0,5,22.570965,88.356629,0.7128,1104.7,0.0448,0.5759,0.3298,1.1368,0.5789
893cf2c6303ffff,8,0,22.552128,88.392731,0.8199,3432.1,0.674,0.6776,0.2483,0.4311,0.6369
893cf2c2b87ffff,23,1,22.510435,88.28972,0.68,1695.2,0.1996,0.5709,0.2897,0.7211,0.5562
893cf2c5dc3ffff,20,1,22.484159,88.431458,0.6522,10011.9,0.9348,0.621,0.3103,0.9604,0.5366
893cf2c2bcfffff,8,0,22.499888,88.283725,0.5503,1917.2,0.5398,0.4782,0.2389,0.8464,0.5978
893cf2d4a4fffff,1,2,22.588422,88.335991,0.5564,3126.6,0.1502,0.6514,0.309,0.6669,0.5029
893cf2c4133ffff,16,2,22.52354,88.435717,0.7422,5153.7,0.5173,0.6668,0.3917,0.135,0.5855
893cf2d4c4bffff,14,4,22.624951,88.320482,0.7963,6089.8,0.5907,0.473,0.3187,0.918,0.5421
893cf2d5a97ffff,4,5,22.557162,88.2991,0.806,4535.7,0.0461,0.7433,0.3372,0.42,0.5521
893cf2c6813ffff,17,1,22.568276,88.438254,0.9058,1744.0,0.6874,0.5157,0.2746,0.9597,0.6611
893cf2d4e77ffff,20,0,22.608869,88.325657,0.6479,4794.6,0.8479,0.6234,0.2263,0.7416,0.5396
893cf2c731bffff,12,3,22.499593,88.353278,0.7493,2970.9,0.4441,0.5721,0.2441,0.7304,0.5882
893cf2c629bffff,3,3,22.551691,88.360946,0.5825,1059.3,0.1132,0.4144,0.3447,2.6644,0.4631
893cf2c2b67ffff,12,4,22.495339,88.298327,0.5353,464.6,0.4235,0.5592,0.3057,0.7885,0.6076
893cf2d4a43ffff,15,6,22.590603,88.333411,0.8918,3295.7,0.3626,0.5657,0.1335,0.5439,0.5966
893cf2c7263ffff,9,3,22.48605,88.336978,0.7713,3938.1,0.7122,0.5221,0.2481,0.2998,0.5796
893cf289133ffff,13,3,22.627899,88.441637,0.7429,3811.9,0.5095,0.6373,0.3125,0.5746,0.5295
893cf2c45c3ffff,15,4,22.537029,88.401338,0.7234,4515.6,0.3724,0.659,0.3071,0.7235,0.5357
893cf2c42afffff,11,5,22.497464,88.406533,0.8579,7480.6,0.4276,0.6406,0.3348,0.3491,0.5857
893cf2c46cbffff,6,1,22.504585,88.370449,0.734,4341.4,0.3664,0.7256,0.2265,0.6339,0.5658
893cf2d5b53ffff,1,4,22.548251,88.318864,0.7115,2662.5,0.3391,0.5306,0.3922,0.9544,0.544
893cf2c6337ffff,8,3,22.555121,88.403037,0.7021,2829.9,0.8846,0.5904,0.1779,0.6277,0.6804
893cf2c66a7ffff,18,3,22.568782,88.359208,0.5584,957.8,0.853,0.4747,0.3795,1.3807,0.6275
893cf2896abffff,11,3,22.616119,88.390944,0.7053,1632.6,0.5182,0.6935,0.3594,0.5187,0.6361
893cf2c6c3bffff,10,5,22.580193,88.42879,0.8019,1322.5,0.5672,0.5454,0.2939,0,0.7142
893cf2c447bffff,20,4,22.521307,88.38761,0.6533,4471.3,0.7986,0.4955,0.3762,0.3339,0.595
893cf2c63dbffff,16,3,22.551318,88.379845,0.695,2019.4,0.526,0.5299,0.3529,0.5413,0.6039
893cf2d4a43ffff,6,2,22.590603,88.333411,0.8092,2972.5,0.1983,0.5869,0.2997,0.5138,0.5868
893cf2d5dc7ffff,4,5,22.592151,88.3085,0.6978,5127.2,0,0.5378,0.2394,0.759,0.3883
893cf2c711bffff,17,1,22.52187,88.359264,0.8068,1977.2,0.6502,0.5738,0.3083,0.7823,0.7197
893cf28b26bffff,21,0,22.638749,88.37803,0.6955,2561.4,0.439,0.6304,0.4423,0.6979,0.5533
893cf2d5a63ffff,8,3,22.53889,88.306854,0.7834,2863.4,0.884,0.583,0.2194,0.1174,0.6557
893cf2c656fffff,18,6,22.579949,88.387546,0.6632,1566.0,0.776,0.5605,0.2365,0.5475,0.6358
893cf2d4e13ffff,3,2,22.615412,88.317917,0.5558,5544.8,0.1516,0.5473,0.1988,0.4817,0.4191
893cf2c7083ffff,22,1,22.523427,88.334355,0.641,498.1,0.2831,0.5658,0.2292,1.321,0.5004
893cf2c463bffff,20,0,22.506393,88.386767,0.6783,5469.4,0.8543,0.7749,0.2387,0.5615,0.5802
893cf2c7367ffff,0,2,22.494039,88.364449,0.7739,4435.9,0.0418,0.7515,0.3402,0.9701,0.4719
893cf2d5b93ffff,8,2,22.563158,88.319704,0.7658,2658.0,0.6896,0.7354,0.3376,0.4262,0.6834
893cf2c6613ffff,10,1,22.562605,88.348049,0.7205,1023.1,0.6481,0.762,0.2372,0.4536,0.6907
893cf2c5593ffff,20,6,22.495037,88.367883,0.6329,4912.3,0.7638,0.5067,0.3047,0.0249,0.539
893cf2d5b97ffff,14,6,22.564157,88.323138,0.8723,1786.1,0.5725,0.4986,0.2877,0.5538,0.6446
893cf2c6e8fffff,3,6,22.564477,88.415057,0.6178,896.2,0.143,0.61,0.2714,0.6729,0.5686
893cf2c66b3ffff,13,6,22.569966,88.353194,0.6868,895.9,0.4219,0.5089,0.4554,0.7512,0.6357
893cf2d5b83ffff,12,2,22.560976,88.322283,0.9029,1989.8,0.3216,0.6083,0.4491,0.3965,0.6395
893cf2c642fffff,6,2,22.580322,88.368645,0.7852,50,0.2397,0.618,0.5372,0.5989,0.6904
893cf2d4867ffff,23,4,22.61368,88.352282,0.7442,3074.6,0.2067,0.6471,0.3117,0.411,0.618
893cf2d5bafffff,0,3,22.55861,88.334311,0.7776,942.6,0.2003,0.5927,0.297,0,0.6399
893cf2c6573ffff,13,1,22.584314,88.382386,0.6629,1551.4,0.5096,0.6545,0.3529,0.7301,0.622
893cf2d4ba7ffff,3,4,22.61331,88.371185,0.5445,1719.6,0.252,0.7458,0.2792,0.3669,0.6053
893cf2d4ad7ffff,23,1,22.601327,88.329962,0.6088,3755.8,0.152,0.7204,0.2948,0.6943,0.4895
893cf2c62a3ffff,8,4,22.552503,88.373831,0.8411,1668.5,0.8259,0.6273,0.2102,0,0.7436
893cf289357ffff,9,1,22.599467,88.424475,0.7653,3389.9,0.8151,0.6328,0.2952,0.3105,0.6735
893cf2c466fffff,8,0,22.497843,88.387635,0.7314,6171.2,0.6841,0.5322,0.4312,0.2795,0.5388
893cf289683ffff,11,2,22.619485,88.382348,0.7902,2247.5,0.6275,0.5673,0.3387,0.5607,0.6359
893cf2c45c3ffff,0,6,22.537029,88.401338,0.6003,3705.6,0.1122,0.5786,0.2939,0.5864,0.4763
893cf2d4bd7ffff,13,6,22.608318,88.354007,0.7765,2136.1,0.4682,0.5688,0.3726,0.3615,0.6528
893cf2c2d0fffff,11,6,22.537255,88.281095,0.6717,4612.5,0.6044,0.4578,0.233,0.1179,0.5537
893cf2d4a53ffff,12,2,22.592785,88.330832,0.675,3556.9,0.6006,0.5883,0.3563,0.2174,0.5694
893cf2d5c9bffff,9,2,22.590515,88.282736,0.8458,7171.8,0.5739,0.6859,0.3534,0.0913,0.6299
893cf2c70d7ffff,7,0,22.519246,88.330066,0.6258,50,0.5236,0.56,0.4134,1.1318,0.6792
893cf2d4567ffff,5,1,22.637214,88.292118,0.5259,8718.8,0.0831,0.5269,0.2461,0.0514,0.421
893cf2c55d7ffff,12,2,22.488671,88.366173,0.6398,5021.5,0.5366,0.5702,0.2986,0.4864,0.5428
893cf2c6c57ffff,13,6,22.577201,88.418481,0.6646,836.3,0.5847,0.6219,0.4149,0.0241,0.6935
893cf2c708bffff,14,0,22.520245,88.3335,0.7849,250.8,0.5923,0.5515,0.5063,1.2756,0.6925
893cf2d5bafffff,4,6,22.55861,88.334311,0.6817,1019.8,0.1074,0.6706,0.268,0.8276,0.5749
893cf2d5953ffff,7,2,22.57052,88.324847,0.7029,2260.1,0.3751,0.481,0.2038,0,0.587
893cf2d4a47ffff,12,4,22.591602,88.336846,0.7716,2848.4,0.6782,0.6515,0.3069,0,0.7101
893cf2d4c4fffff,14,5,22.625951,88.323917,0.6915,5650.4,0.5497,0.6029,0.3722,0.6172,0.5586
893cf289133ffff,21,0,22.627899,88.441637,0.5511,4315.6,0.2282,0.5349,0.2804,0.8443,0.4385
893cf289163ffff,15,1,22.618359,88.439067,0.7776,4043.0,0.5612,0.5677,0.1777,0.2229,0.6071
893cf2c4643ffff,20,6,22.500216,88.375607,0.5608,5903.2,0.5746,0.6268,0.2881,0.5388,0.4955
893cf2d5c4fffff,16,0,22.57443,88.287912,0.575,5930.9,0.4424,0.4664,0.3191,0.1776,0.4921
893cf2c6853ffff,10,5,22.560916,88.433105,0.698,1447.1,0.5088,0.5123,0.3761,0.3395,0.6952
893cf2d588bffff,15,1,22.573067,88.303372,0.692,4484.6,0.427,0.6045,0.323,0.8029,0.5365
893cf2c6533ffff,13,3,22.591674,88.387533,0.697,1364.0,0.5525,0.6386,0.4791,0.5419,0.686
893cf2c42afffff,0,4,22.497464,88.406533,0.6196,7419.9,0.1463,0.5879,0.3462,0.239,0.487
893cf2d5c8bffff,22,1,22.588334,88.285316,0.7777,7120.7,0.0196,0.6175,0.3449,0.6355,0.5465
893cf2c7357ffff,9,5,22.49641,88.352423,0.6759,3374.4,0.557,0.4934,0.1701,0.3293,0.5374
893cf28956bffff,8,6,22.630459,88.420148,0.7709,2158.2,0.6603,0.5372,0.3256,0,0.7123
893cf2c5433ffff,17,5,22.480309,88.357595,0.8316,5730.3,0.7283,0.5743,0.4239,0.5322,0.6909
893cf2d4267ffff,3,0,22.592695,88.280157,0.6635,7849.3,0,0.6536,0.2716,0.6812,0.4145
893cf2c7577ffff,3,4,22.533786,88.349801,0.617,630.5,0.0368,0.5184,0.232,1.1322,0.4618
893cf2d5b83ffff,14,6,22.560976,88.322283,0.7742,2150.7,0.5945,0.6274,0.315,0.08,0.6758
893cf2d5e7bffff,11,0,22.553163,88.285366,0.6294,5854.7,0.6453,0.7035,0.2839,0.3435,0.5595
893cf289273ffff,17,6,22.591299,88.406437,0.9264,2688.5,0.7709,0.6019,0.1937,0.1824,0.6977
893cf2d5cc7ffff,21,1,22.585154,88.284462,0.5986,6751.4,0.3789,0.5806,0.2952,0.3262,0.5214
893cf2c55a7ffff,2,3,22.493662,88.383345,0.708,6034.1,0.1095,0.6201,0.3651,0.6166,0.4859
893cf2c290fffff,10,6,22.521981,88.299149,0.7015,2665.6,0.6807,0.6707,0.2545,0.6559,0.6589
893cf2c7173ffff,22,3,22.517502,88.364422,0.5174,3036.8,0.2531,0.646,0.2584,0.8244,0.4942
893cf2d439bffff,6,2,22.612776,88.288717,0.744,8086.5,0.1645,0.5319,0.3031,0.2331,0.509
893cf2c426bffff,5,6,22.481549,88.402254,0.6577,8065.8,0.2993,0.6858,0.3082,0.1029,0.5641
893cf28b2c3ffff,12,2,22.649655,88.365128,0.8436,4205.1,0.5317,0.5908,0.2305,0,0.6217
893cf2d4a47ffff,13,6,22.591602,88.336846,0.804,3061.9,0.3333,0.7904,0.3269,0.2585,0.6315
893cf2c642fffff,16,1,22.580322,88.368645,0.7762,339.3,0.4359,0.6215,0.4374,0.3784,0.7161
893cf2d6b4fffff,15,6,22.648207,88.329902,0.8041,7082.4,0.3845,0.6437,0.2918,0.5021,0.49
893cf2c66b3ffff,12,6,22.569966,88.353194,0.6907,1316.7,0.4973,0.6426,0.3307,0.245,0.6808
893cf2d5ccfffff,1,4,22.581973,88.283607,0.5952,7142.0,0,0.7016,0.1494,0.3514,0.427
893cf2c434fffff,1,0,22.48972,88.420285,0.7966,9075.7,0.2569,0.652,0.2615,0.6299,0.5412
893cf2d5d37ffff,3,4,22.593967,88.324817,0.7534,4440.8,0.0585,0.5872,0.3081,0.6022,0.5075
893cf2d4b6fffff,5,4,22.595227,88.369487,0.7297,1055.8,0.3029,0.6187,0.4078,0.401,0.6892
893cf2d48dbffff,22,2,22.619408,88.331657,0.6532,4620.9,0.0831,0.6549,0.2543,0.766,0.434
893cf2c6dd7ffff,6,1,22.59173,88.438232,0.8145,2813.0,0.2992,0.4685,0.4108,0.1573,0.566
893cf2c292fffff,13,0,22.521797,88.308594,0.7269,2462.8,0.4806,0.6227,0.3077,0.6629,0.5916
893cf2c738fffff,22,5,22.505958,88.354988,0.6305,2839.6,0.0443,0.6363,0.1983,1.0841,0.4649
893cf2c4303ffff,9,2,22.499268,88.422853,0.7905,7713.9,0.7592,0.6725,0.2557,0.1774,0.6314
893cf2c6e5bffff,22,1,22.550753,88.408197,0.5973,2690.8,0.1684,0.5657,0.2503,0.408,0.5599
893cf2c62a3ffff,15,6,22.552503,88.373831,0.7533,1669.6,0.4957,0.6246,0.1646,0.4232,0.6503
893cf2d5b67ffff,11,0,22.546883,88.334325,0.7981,1119.1,0.495,0.5563,0.2685,0.1486,0.6572
893cf2c7577ffff,17,5,22.533786,88.349801,0.6459,444.9,0.7107,0.5557,0.3197,0.0858,0.6572
893cf2c4483ffff,18,3,22.537405,88.382438,0.7014,3540.6,0.6588,0.5339,0.2606,0.1383,0.6128
893cf2d5867ffff,23,3,22.562159,88.31627,0.7073,2622.5,0,0.6736,0.4086,0.5791,0.5321
893cf2c290fffff,11,3,22.521981,88.299149,0.8486,2194.0,0.3514,0.7096,0.3395,0.5784,0.5913
893cf2c2b47ffff,22,3,22.495522,88.288882,0.5994,1190.6,0.1829,0.5454,0.1695,1.0905,0.5623
893cf2c296fffff,19,2,22.514433,88.303452,0.5035,1683.9,0.5754,0.523,0.2798,0.3657,0.5955
893cf2d4073ffff,10,5,22.616136,88.280123,0.7015,9192.0,0.717,0.5532,0.285,0,0.6135
893cf2d4b73ffff,0,4,22.599591,88.364327,0.7786,971.9,0.1744,0.5637,0.3902,0.7853,0.6084
893cf2c61d3ffff,2,3,22.576768,88.38669,0.6596,1875.8,0.048,0.6641,0.4094,0.6936,0.5453
893cf2d4957ffff,14,6,22.623035,88.3643,0.7718,3084.4,0.4836,0.5963,0.2568,0.2872,0.6375
893cf2c418bffff,16,3,22.525916,88.423686,0.7771,4493.3,0.6272,0.8758,0.3023,0.3353,0.5531
893cf2d5d2bffff,22,5,22.587606,88.323107,0.7417,3817.7,0.2186,0.6452,0.3308,0.6853,0.5739
893cf289033ffff,5,0,22.620919,88.417579,0.7564,2297.2,0.1622,0.6053,0.3013,0.6767,0.5891
893cf2c61a7ffff,5,3,22.582754,88.407305,0.6998,2005.3,0.1097,0.6272,0.343,1.072,0.5766
893cf2c2963ffff,14,3,22.516616,88.300873,0.6531,1934.6,0.5106,0.4868,0.1722,0.0518,0.6511
893cf2d4c4fffff,21,3,22.625951,88.323917,0.7196,5454.5,0.2585,0.5035,0.3061,0.1468,0.4835
893cf2d439bffff,0,5,22.612776,88.288717,0.5012,8295.5,0.0991,0.4461,0.3214,0.7618,0.3958
893cf2d4e43ffff,16,1,22.605872,88.315353,0.6497,5398.7,0.3479,0.6399,0.3983,0.4472,0.4931
893cf2c41b3ffff,4,4,22.531093,88.431414,0.6765,4677.2,0,0.6316,0.4105,1.2413,0.4133
893cf2c5d0bffff,22,2,22.480784,88.440051,0.6905,10711.7,0,0.6802,0.4349,0.3666,0.484
893cf2d5a2fffff,7,3,22.54407,88.314576,0.7765,3023.9,0.3315,0.6781,0.1618,0.0518,0.5674
893cf2c2d0fffff,22,3,22.537255,88.281095,0.6398,4612.7,0.1171,0.5323,0.2836,0.749,0.4633
893cf2d596fffff,7,3,22.565971,88.339455,0.7059,1214.4,0.2759,0.5463,0.2844,0.8217,0.5964
893cf2c42dbffff,21,1,22.491477,88.385924,0.6582,6469.0,0.2596,0.6793,0.4136,0.3985,0.4901
893cf2c4137ffff,0,1,22.524537,88.439153,0.7049,5411.3,0.2174,0.613,0.3789,1.0222,0.4835
893cf2c629bffff,5,1,22.551691,88.360946,0.5529,847.4,0.2681,0.61,0.3658,1.3456,0.5651
893cf2c2dafffff,9,1,22.544618,88.286237,0.6868,5341.2,0.7479,0.589,0.3115,0.5756,0.5386
893cf2c6a5bffff,7,1,22.535463,88.426255,0.7014,3386.0,0.3593,0.6335,0.1637,0,0.5827
893cf2d492fffff,22,6,22.624847,88.380623,0.7734,1656.4,0.0581,0.6253,0.1448,0.6026,0.549
893cf2c41cbffff,7,4,22.518554,88.418538,0.7585,5521.6,0.3693,0.7862,0.2604,0.1034,0.59
893cf2c4557ffff,5,3,22.53266,88.406497,0.6052,4645.6,0.0315,0.7131,0.1621,0.4622,0.4515
893cf2d5b83ffff,15,5,22.560976,88.322283,0.742,2532.8,0.3084,0.6162,0.1991,0.2936,0.587
893cf289453ffff,2,4,22.629024,88.384915,0.8646,1463.5,0.1138,0.6793,0.3552,0.7329,0.6059
893cf2c4047ffff,14,2,22.5082,88.403086,0.6754,6753.3,0.6108,0.6129,0.363,0.7086,0.4728
893cf2c6ed7ffff,13,6,22.562482,88.408185,0.7845,1585.8,0.4144,0.4911,0.2896,0.0823,0.6684
893cf2d59a7ffff,1,0,22.584058,88.341151,0.7437,2506.0,0.0837,0.6028,0.3031,1.0017,0.5366
893cf289e53ffff,12,6,22.605449,88.445095,0.7387,4477.9,0.523,0.5875,0.3379,0.1291,0.601
893cf2d6b7bffff,20,2,22.649206,88.333337,0.7162,6668.6,0.66,0.5413,0.3886,0.3522,0.5934
893cf2d5bbbffff,7,0,22.559793,88.328297,0.7919,1231.9,0.3429,0.6896,0.2299,0,0.6629
893cf28934fffff,14,1,22.594103,88.426199,0.777,2581.4,0.645,0.5543,0.2393,0.2249,0.6705
893cf28b20bffff,15,5,22.646291,88.373725,0.7296,3123.1,0.5351,0.6645,0.1396,0.5348,0.5735
893cf2d4a43ffff,11,2,22.590603,88.333411,0.7578,3907.5,0.4596,0.5012,0.3052,0.1597,0.5928
893cf289687ffff,7,6,22.620483,88.385784,0.7443,1618.5,0.3416,0.6213,0.3754,0.423,0.6411
893cf2c434fffff,4,4,22.48972,88.420285,0.7906,9114.3,0.0661,0.6481,0.3361,0.23,0.5788
893cf2c659bffff,10,3,22.596225,88.372922,0.8011,640.8,0.672,0.7276,0.494,0.4067,0.7041
893cf2c72dbffff,15,6,22.492787,88.319796,0.7009,2264.0,0.4333,0.7502,0.2175,0.6027,0.612
893cf2c66b7ffff,11,3,22.570965,88.356629,0.6328,1145.4,0.602,0.5427,0.2872,0.4025,0.6227
893cf2d4943ffff,1,3,22.619856,88.363444,0.5552,2940.6,0.1061,0.655,0.2917,0.6267,0.5053
893cf2c7457ffff,13,2,22.526978,88.316316,0.7501,1703.6,0.4894,0.5063,0.2318,0.5837,0.6143
893cf2d4987ffff,9,0,22.635754,88.367722,0.7734,3352.6,0.7476,0.5537,0.1926,0.2955,0.6283
893cf2d48dbffff,14,2,22.619408,88.331657,0.6554,5107.2,0.5194,0.5473,0.3822,0.5671,0.5829
893cf2d5973ffff,21,4,22.570336,88.334296,0.5737,1947.8,0.2834,0.6222,0.4218,0.7621,0.5364
893cf289517ffff,21,4,22.644363,88.417556,0.6733,2155.3,0.2983,0.6064,0.1842,0.2876,0.5018
893cf2d4b0fffff,11,2,22.602772,88.365182,0.6641,1654.8,0.5783,0.595,0.178,0.7689,0.5775
893cf28961bffff,2,2,22.610943,88.383216,0.7538,1260.5,0.099,0.5853,0.4381,0,0.6374
893cf2c639bffff,6,0,22.558679,88.384992,0.715,2344.6,0.3505,0.6179,0.3288,0.6011,0.5591
893cf2c54b3ffff,17,4,22.48786,88.353292,0.8425,4673.2,0.5565,0.7721,0.2543,0.1541,0.6047
893cf2d4923ffff,17,5,22.627028,88.378043,0.6639,2410.5,0.7751,0.6242,0.3304,0.5167,0.6735
893cf2c7663ffff,15,3,22.501335,88.318926,0.701,2425.1,0.5922,0.6513,0.3995,0.3133,0.6638
893cf2c42afffff,18,1,22.497464,88.406533,0.6487,7262.1,0.6746,0.5148,0.2516,0.5244,0.55
893cf2d492fffff,6,4,22.624847,88.380623,0.8982,2343.9,0.2004,0.6498,0.2318,0,0.6313
893cf2c43cbffff,2,2,22.496276,88.412547,0.6321,8111.0,0.0951,0.64,0.2176,0.6939,0.4355
893cf2c5c17ffff,0,3,22.48017,88.417717,0.6802,9097.2,0.2053,0.6486,0.345,0.4792,0.4858
893cf2d5e37ffff,3,2,22.564706,88.294796,0.6854,4822.9,0.1181,0.5527,0.3326,0.4252,0.4633
893cf2c0d13ffff,9,5,22.488789,88.306063,0.6103,1049.2,0.7301,0.6258,0.3819,0.5795,0.6583
893cf2c766bffff,10,4,22.498153,88.318071,0.8139,1858.4,0.6646,0.5585,0.3355,0,0.6788
893cf289127ffff,23,5,22.626713,88.447655,0.5765,4949.7,0.293,0.6728,0.3195,0.4414,0.4636
893cf2896afffff,16,3,22.617116,88.39438,0.8439,1630.6,0.4728,0.5964,0.3538,0.128,0.6445
893cf2c714bffff,0,6,22.512323,88.356698,0.7515,2935.9,0.0754,0.5719,0.295,1.1999,0.5159
893cf2d415bffff,19,1,22.620136,88.29386,0.6504,8451.5,0.7919,0.5789,0.412,0.3008,0.5587
893cf2c7173ffff,7,3,22.517502,88.364422,0.8333,2762.2,0.3566,0.6065,0.261,1.0918,0.5937
893cf2c466fffff,19,1,22.497843,88.387635,0.7089,6409.2,0.7342,0.6632,0.3052,0,0.6251
893cf2d4bcbffff,7,6,22.601958,88.352296,0.7478,2213.2,0.273,0.4759,0.2992,0.1915,0.653
893cf2c6c3bffff,17,4,22.580193,88.42879,0.7058,1371.2,0.7988,0.7298,0.3864,0.2979,0.7099
893cf2d5a8bffff,6,3,22.550799,88.297391,0.7171,4888.3,0.1709,0.6331,0.3473,0.6156,0.46
893cf2c2b93ffff,13,4,22.511617,88.283708,0.7527,2338.6,0.6745,0.4787,0.3687,0,0.656
893cf2c687bffff,5,5,22.557544,88.441701,0.7347,2892.6,0.1283,0.7126,0.3947,0.2637,0.5927
893cf2c44b7ffff,0,0,22.540399,88.392743,0.5174,4210.7,0.0987,0.6891,0.2526,0.6603,0.4374
893cf2d495bffff,23,1,22.618857,88.360009,0.6016,2860.0,0.1848,0.6156,0.3178,1.0251,0.524
893cf2d5ea3ffff,14,0,22.569068,88.289637,0.6746,5373.1,0.7717,0.6678,0.2752,0.7843,0.5586
893cf2c71c3ffff,3,5,22.523055,88.35325,0.6026,2436.1,0.2395,0.6393,0.357,0.7076,0.4942
893cf2d456fffff,14,4,22.634034,88.291263,0.6632,9262.0,0.4257,0.6953,0.3534,0.6238,0.5707
893cf2c64b7ffff,11,6,22.59323,88.362616,0.6953,267.8,0.6046,0.5571,0.4284,0.1839,0.7364
893cf2895a3ffff,8,2,22.648539,88.421849,0.8475,3293.7,0.8664,0.657,0.2755,0.4356,0.6366
893cf2c4323ffff,18,2,22.499077,88.432303,0.6914,7859.2,0.5864,0.5579,0.1648,0.5528,0.5592
893cf2d4e13ffff,7,0,22.615412,88.317917,0.708,5474.6,0.4895,0.6355,0.3246,0.4592,0.5915
893cf2d4ddbffff,7,0,22.641666,88.337643,0.7089,6196.9,0.2819,0.5808,0.4047,0.317,0.4819
893cf2c4e8bffff,13,1,22.510619,88.441743,0.771,6973.4,0.699,0.5334,0.2907,0.4154,0.556
893cf2c5c93ffff,20,1,22.486727,88.409979,0.6661,8329.1,0.7804,0.5743,0.2943,0.5986,0.5208
893cf2c72dbffff,8,6,22.492787,88.319796,0.5444,2112.7,0.6096,0.4267,0.2539,0.2473,0.5735
893cf289387ffff,17,5,22.612188,88.4279,0.8025,3460.3,0.4898,0.6218,0.3744,0.8054,0.6273
893cf2c688bffff,1,1,22.57046,88.435674,0.3837,1604.8,0.0174,0.6135,0.2932,0.8982,0.4193
893cf2c623bffff,0,2,22.543956,88.374699,0.6763,2024.3,0.126,0.6361,0.3108,0.4814,0.6024
893cf2d4807ffff,6,6,22.621223,88.347978,0.6741,3482.8,0.12,0.5551,0.378,1.02,0.5143
893cf2c4607ffff,18,2,22.508578,88.384187,0.6236,5259.7,0.751,0.7162,0.3579,0.7866,0.4903
893cf2d4153ffff,1,1,22.623315,88.294714,0.6889,8181.2,0.0078,0.517,0.3645,0.2862,0.5068
893cf2c2b17ffff,13,6,22.50507,88.291445,0.7447,828.4,0.6426,0.6643,0.2996,1.022,0.6393
893cf2c4ecfffff,12,4,22.504254,88.44003,0.6752,7500.0,0.5115,0.5645,0.3314,0.2305,0.6277
893cf2c45dbffff,3,4,22.536031,88.397902,0.5703,4165.6,0.0934,0.4326,0.3305,0.7315,0.4924
893cf2c7527ffff,11,5,22.538965,88.357526,0.7767,953.6,0.3672,0.7392,0.3797,0.6542,0.6689
893cf2c2827ffff,4,6,22.517982,88.285416,0.6767,2414.6,0.0564,0.5998,0.2933,0.7523,0.527
893cf2c66afffff,3,2,22.565601,88.358353,0.3752,636.9,0.1112,0.6127,0.2493,2.4131,0.4156
893cf2d4e8fffff,22,4,22.618592,88.318772,0.7503,5882.4,0.1168,0.4931,0.2863,0.4263,0.4342
893cf28913bffff,12,3,22.624719,88.440781,0.7846,4181.8,0.3054,0.557,0.427,0.4279,0.5523
893cf289017ffff,9,4,22.622105,88.411562,0.7684,1342.2,0.7663,0.7705,0.4806,0.1976,0.7456
893cf2d4cb3ffff,14,3,22.645028,88.329047,0.7024,7366.5,0.5467,0.7157,0.3886,0.5358,0.5665
893cf2c41b3ffff,22,3,22.531093,88.431414,0.6614,4218.1,0.1946,0.5942,0.215,0.6894,0.4695
893cf2c708bffff,9,5,22.520245,88.3335,0.6538,50,0.7209,0.4521,0.4002,1.1825,0.6175
893cf289e5bffff,18,6,22.602268,88.444239,0.4541,4541.7,0.9787,0.4713,0.2911,0.6424,0.4774
893cf2d4567ffff,13,3,22.637214,88.292118,0.6652,9446.4,0.4821,0.5463,0.3996,0,0.5652
893cf289683ffff,14,2,22.619485,88.382348,0.7647,2027.2,0.4857,0.6856,0.2776,0.8497,0.612
893cf2c63bbffff,11,3,22.558491,88.394442,0.7055,3084.6,0.4619,0.589,0.2883,0.3781,0.5848
893cf2c290fffff,23,3,22.521981,88.299149,0.5612,2246.2,0.0284,0.5581,0.3569,0.6617,0.4889
893cf2d4073ffff,13,1,22.616136,88.280123,0.7646,9496.2,0.6185,0.6055,0.2321,0.6397,0.5266
893cf2c6613ffff,23,0,22.562605,88.348049,0.8537,1065.2,0,0.6383,0.2939,0.6212,0.556
893cf2c72dbffff,2,1,22.492787,88.319796,0.6122,2273.3,0.2034,0.6238,0.2888,1.2723,0.4917
893cf2c5c37ffff,4,6,22.479979,88.427166,0.6271,9615.6,0,0.5994,0.3762,0.8027,0.4084
893cf2d4813ffff,11,0,22.622405,88.341962,0.8033,4391.5,0.3155,0.7078,0.3773,0,0.6233
893cf2d4acbffff,9,6,22.594966,88.328252,0.803,3353.6,0.7578,0.5611,0.1959,0,0.6292
893cf2c734fffff,9,1,22.491043,88.354147,0.8645,4017.6,0.6092,0.4907,0.354,0.4056,0.609
893cf28920fffff,11,5,22.59448,88.407293,0.7789,2775.3,0.5203,0.6537,0.3832,0.6694,0.6438
893cf2896afffff,13,2,22.617116,88.39438,0.7543,1302.3,0.3489,0.5799,0.3783,0.6146,0.6331
893cf2c45abffff,21,6,22.541019,88.41508,0.6213,3112.3,0.4269,0.6031,0.3708,0.7342,0.5614
893cf2d416fffff,11,5,22.618774,88.309323,0.7072,6594.2,0.4939,0.4604,0.3361,0.3367,0.5301
893cf2c6483ffff,22,3,22.590235,88.35231,0.5645,1431.3,0.0967,0.5595,0.27,0.2926,0.5303
893cf2c45c3ffff,20,5,22.537029,88.401338,0.6582,4144.6,0.7099,0.6836,0.3021,0.8627,0.5425
893cf289697ffff,8,0,22.622665,88.383203,0.6911,1693.3,0.8542,0.3753,0.4045,0.3742,0.6578
893cf2d49a3ffff,5,0,22.634571,88.373738,0.5459,2750.5,0.0769,0.5841,0.1895,0.9652,0.4726
893cf2c4edbffff,11,3,22.505443,88.434015,0.7775,7272.9,0.5112,0.5569,0.2493,0.15,0.5803
893cf2d43b7ffff,4,2,22.616775,88.302454,0.7129,6923.9,0.0089,0.7235,0.2912,1.2719,0.409
893cf2c4e1bffff,15,3,22.505251,88.443466,0.7748,7743.4,0.4622,0.5492,0.3046,0.3746,0.6029
893cf2c7357ffff,12,1,22.49641,88.352423,0.7345,3857.2,0.4427,0.7369,0.3093,0,0.5517
893cf289453ffff,20,0,22.629024,88.384915,0.5977,1609.6,0.7497,0.6509,0.4779,0.7467,0.6188
893cf28945bffff,2,4,22.625845,88.384059,0.7579,1542.3,0,0.6819,0.4544,1.0017,0.5587
893cf2d4d0fffff,9,6,22.640301,88.35311,0.6733,4904.5,0.6771,0.6484,0.1851,0.3308,0.5776
893cf2c71a7ffff,23,2,22.531229,88.371278,0.6425,2493.7,0,0.5529,0.2872,0.8799,0.4744
893cf2d492fffff,9,4,22.624847,88.380623,0.8557,2017.2,0.8459,0.6308,0.3803,0.6621,0.7652
893cf2c7153ffff,10,0,22.517689,88.354974,0.6672,2163.8,0.6259,0.6244,0.2917,0,0.6629
893cf28915bffff,16,3,22.617551,88.426176,0.6789,3233.1,0.3894,0.5388,0.1506,0,0.5305
893cf2c4607ffff,14,4,22.508578,88.384187,0.6774,4952.7,0.5863,0.5396,0.3406,0.2525,0.5324
893cf2d4d67ffff,17,5,22.635939,88.35827,0.7486,4663.5,0.6999,0.545,0.275,0.4428,0.6072
893cf28920fffff,12,6,22.59448,88.407293,0.8271,2624.9,0.613,0.545,0.3946,0.3704,0.6923
893cf2c6dbbffff,22,1,22.59472,88.448543,0.6286,4329.9,0.2157,0.7262,0.3513,0.8338,0.4494
893cf289537ffff,22,2,22.644175,88.427011,0.6977,3234.9,0.1076,0.6211,0.2871,0.4593,0.5342
893cf289cd7ffff,23,4,22.636252,88.450225,0.8421,5227.8,0.083,0.6264,0.24,0.7392,0.4417
893cf2c65c3ffff,2,4,22.589864,88.371211,0.696,674.3,0,0.6612,0.2174,0.5337,0.5736
893cf2d4c2fffff,4,3,22.633126,88.338512,0.6886,5331.9,0.2477,0.5804,0.3586,0.8567,0.5105
893cf2c4037ffff,18,4,22.517557,88.415103,0.6557,5899.5,0.6665,0.575,0.2615,0,0.5947
893cf2d4b13ffff,18,3,22.607135,88.360022,0.6938,1960.3,0.7132,0.7326,0.2776,0.3637,0.6242
893cf2c756bffff,23,4,22.527422,88.348091,0.7528,1285.5,0.272,0.599,0.2408,1.083,0.5868
893cf2c464bffff,7,3,22.497034,88.374752,0.789,5092.8,0.2443,0.7209,0.3291,0.1423,0.5345
893cf2c4e73ffff,19,5,22.500879,88.448625,0.776,8110.6,0.5597,0.5485,0.2075,0.8001,0.474
893cf28960bffff,14,5,22.60876,88.385796,0.7693,1040.2,0.4385,0.675,0.381,0.2758,0.6599
893cf2c0dafffff,21,5,22.491787,88.316362,0.7032,1645.4,0.4172,0.7691,0.2632,0.5209,0.5425
893cf289327ffff,9,5,22.604452,88.441658,0.7182,4538.2,0.7281,0.8226,0.2975,0.1014,0.6721
893cf2c7043ffff,22,0,22.508514,88.333515,0.669,1354.7,0.0696,0.4809,0.3128,1.0095,0.4815
893cf2c456fffff,18,5,22.527104,88.417671,0.731,4784.8,0.6578,0.4479,0.1829,0.0456,0.5959
893cf2c44a7ffff,14,0,22.538215,88.395323,0.6969,4673.6,0.4269,0.5467,0.2908,0.3531,0.5122
893cf2c7073ffff,14,2,22.510512,88.340383,0.8048,1804.4,0.5041,0.5672,0.42,0.2944,0.6839
893cf2c2b17ffff,22,3,22.50507,88.291445,0.6015,844.6,0.0336,0.5418,0.2324,1.196,0.52
893cf2c7417ffff,10,2,22.534341,88.321459,0.6967,1592.6,0.7273,0.4722,0.2148,0.2373,0.6641
893cf2d4c47ffff,3,6,22.62913,88.324772,0.5762,6034.3,0.0962,0.5614,0.3538,0.6805,0.4036
893cf28b35bffff,17,4,22.648102,88.390051,0.6262,2131.4,0.6708,0.5682,0.2706,0.5569,0.5707
893cf28955bffff,4,5,22.632829,88.408114,0.6781,609.6,0,0.827,0.4679,0.6356,0.6132
893cf2c5c37ffff,8,4,22.479979,88.427166,0.8354,10003.2,0.5798,0.6956,0.3096,0.48,0.5493
893cf2d43abffff,15,0,22.610415,88.300745,0.7452,7144.8,0.4731,0.5849,0.1868,0.7083,0.4981
893cf2d5ea3ffff,4,5,22.569068,88.289637,0.4935,5853.0,0.0426,0.6726,0.4278,0.8739,0.4438
893cf2c6dd7ffff,19,1,22.59173,88.438232,0.6419,2751.2,0.6562,0.5513,0.2714,0.0553,0.6593
893cf2c649bffff,17,5,22.589236,88.348875,0.6525,1289.0,0.5284,0.6049,0.2237,0.6413,0.6185
893cf2c4643ffff,10,5,22.500216,88.375607,0.7615,5472.8,0.673,0.672,0.379,0,0.5867
893cf2c68cfffff,19,3,22.564097,88.433961,0.6831,1568.4,0.7795,0.5296,0.1667,0.8005,0.6483
893cf2c6dd7ffff,12,4,22.59173,88.438232,0.7762,3198.2,0.398,0.7256,0.3599,0.0034,0.6462
893cf2d5903ffff,2,2,22.575699,88.332571,0.6713,2383.6,0.0663,0.6694,0.2294,0.388,0.5562
893cf28b2c3ffff,15,4,22.649655,88.365128,0.6221,4339.1,0.5541,0.6581,0.1856,0.3795,0.5108
893cf28b34bffff,17,5,22.64592,88.392631,0.748,1927.9,0.4943,0.5456,0.3909,0.1199,0.6382
893cf2d4eb3ffff,10,6,22.622771,88.323062,0.746,5535.6,0.8495,0.4567,0.2726,0.6583,0.5623
893cf2c660fffff,14,6,22.55824,88.353208,0.6537,743.8,0.5426,0.5303,0.2638,0.6648,0.591
893cf2c4083ffff,23,1,22.522116,88.400494,0.6199,5807.4,0.1819,0.557,0.3018,0,0.3919
893cf2d5bd7ffff,7,2,22.556796,88.317994,0.9023,2765.4,0.4914,0.6112,0.3028,0.0569,0.6772
893cf2d4923ffff,14,1,22.627028,88.378043,0.7723,2412.2,0.4563,0.5572,0.3132,0.0044,0.6143
893cf2895a3ffff,6,3,22.648539,88.421849,0.7386,2893.8,0.3503,0.5464,0.2959,0.6629,0.5723
893cf2d412bffff,20,3,22.625133,88.311032,0.549,6469.7,0.6665,0.5211,0.3323,0.905,0.518
893cf2c7193ffff,22,4,22.532601,88.355815,0.7169,1167.3,0.1033,0.7834,0.3005,0.3843,0.6186
893cf2d5c6fffff,13,6,22.574249,88.297359,0.7394,5372.8,0.4481,0.4894,0.3923,0.165,0.5728
893cf2d4bd7ffff,0,3,22.608318,88.354007,0.6511,2258.1,0.2664,0.679,0.2671,0.2696,0.5924
893cf2892b7ffff,3,4,22.607201,88.410718,0.5153,2598.7,0.0663,0.561,0.4231,0.9799,0.5114
893cf2c426fffff,21,6,22.482547,88.405689,0.623,8516.8,0.2458,0.5018,0.2924,0.4811,0.4513
893cf2c5593ffff,5,2,22.495037,88.367883,0.5655,5056.0,0,0.6354,0.3352,0.1087,0.4297
893cf2d5d67ffff,21,4,22.584425,88.322253,0.5653,3889.6,0.4077,0.646,0.1993,0.5535,0.5286
893cf289327ffff,3,4,22.604452,88.441658,0.4384,4290.4,0,0.5427,0.3335,0.9796,0.3601
893cf2c09b3ffff,18,4,22.480869,88.329256,0.6319,3606.8,0.7255,0.6612,0.3565,0.1224,0.6744
893cf2c63bbffff,5,1,22.558491,88.394442,0.6314,2921.5,0.0998,0.5666,0.268,0.5902,0.5316
893cf2c6183ffff,0,6,22.581944,88.394418,0.788,2505.7,0,0.5335,0.2428,1.0681,0.5549
893cf2d4b53ffff,19,3,22.599776,88.354876,0.5464,1481.9,0.7267,0.7086,0.3658,0.1872,0.6384
893cf2d4143ffff,16,0,22.621135,88.297294,0.8328,8013.1,0.5823,0.7431,0.3744,0.0958,0.6293
893cf289693ffff,23,5,22.621667,88.379768,0.6912,2085.1,0.1873,0.6533,0.1897,0.8488,0.5543
893cf2c6d43ffff,10,4,22.581,88.44168,0.8783,2192.4,0.6853,0.6065,0.3671,0.4093,0.7611
893cf2d4c57ffff,16,5,22.631311,88.322192,0.8488,6342.7,0.3585,0.6587,0.3065,0.0832,0.6063
893cf2c76b3ffff,11,5,22.518431,88.317186,0.6578,1010.3,0.4146,0.7384,0.2703,0.4181,0.6049
893cf2c7663ffff,0,0,22.501335,88.318926,0.4462,1848.1,0.0899,0.6521,0.3632,0.265,0.515
893cf2c4cdbffff,12,3,22.52772,88.440009,0.7103,4963.2,0.5711,0.7039,0.3597,1.0899,0.5299
893cf2c70afffff,15,3,22.521058,88.346381,0.7585,1532.4,0.4589,0.6726,0.234,0.411,0.6645
893cf28b34bffff,22,0,22.64592,88.392631,0.7907,1778.5,0.1802,0.5705,0.2169,0.1548,0.5566
893cf2c2b87ffff,17,3,22.510435,88.28972,0.6813,1621.9,0.8324,0.5977,0.2415,0.97,0.6506
893cf2c760bffff,22,5,22.505702,88.313768,0.6644,1758.1,0.2949,0.497,0.18,0.6587,0.4943
893cf2c6303ffff,9,1,22.552128,88.392731,0.7051,3628.2,0.7403,0.6667,0.2974,0.3469,0.5689
893cf2c4543ffff,0,1,22.529478,88.405641,0.6326,5109.5,0.2835,0.5773,0.2154,0.9869,0.4669
893cf2c0dbbffff,14,1,22.492972,88.31035,0.673,917.8,0.6792,0.6049,0.2747,0.6108,0.672
893cf2c61a7ffff,8,1,22.582754,88.407305,0.6355,1383.0,0.6704,0.7217,0.3706,0,0.7025
893cf2d5ea3ffff,21,5,22.569068,88.289637,0.7166,5601.7,0.1777,0.674,0.3012,1.0703,0.4414
893cf2c72b7ffff,19,2,22.504147,88.338673,0.6432,2092.0,0.7356,0.6184,0.2118,0.7023,0.6442
893cf2c644bffff,20,4,22.572149,88.350614,0.6172,1893.9,0.698,0.642,0.2611,0.591,0.6242
893cf2c629bffff,6,4,22.551691,88.360946,0.6673,756.9,0.3853,0.6211,0.2604,0.8862,0.6132
893cf2c29abffff,0,1,22.528345,88.300857,0.5757,3250.4,0.2222,0.6366,0.3479,0.78,0.5334
893cf289e53ffff,8,0,22.605449,88.445095,0.7944,4952.1,0.6211,0.5042,0.2718,0.0815,0.6169
893cf2896cbffff,2,0,22.608946,88.376345,0.701,1129.0,0.0825,0.671,0.5671,0.5726,0.5755
893cf289663ffff,13,3,22.604396,88.390957,0.6538,1344.2,0.64,0.7213,0.348,0.1458,0.6818
893cf2d4eabffff,10,5,22.61741,88.324787,0.7693,4713.4,0.8099,0.7053,0.2702,0.7721,0.5707
893cf28912fffff,18,3,22.623533,88.446798,0.748,4745.0,0.6343,0.5272,0.2721,0.4325,0.5835
893cf2c428fffff,0,2,22.497654,88.397084,0.6574,6730.3,0.231,0.5893,0.3054,0,0.4949
893cf2c291bffff,3,5,22.523163,88.293136,0.677,2828.5,0.167,0.5091,0.3394,0.1721,0.5487
893cf2c72dbffff,3,5,22.492787,88.319796,0.632,2343.7,0.1471,0.3946,0.2521,0.403,0.4965
893cf2c6533ffff,3,4,22.591674,88.387533,0.7483,1072.2,0.1761,0.7185,0.4508,0.5396,0.6105
893cf2c4473ffff,18,5,22.524489,88.388465,0.5918,4413.8,0.811,0.8252,0.3416,0.757,0.5749
893cf2c684fffff,5,6,22.556547,88.438264,0.6116,2154.1,0,0.5718,0.2473,0.5178,0.4641
893cf2c5c37ffff,14,0,22.479979,88.427166,0.6138,9540.2,0.549,0.6105,0.3487,0.3376,0.5307
893cf2d4813ffff,18,3,22.622405,88.341962,0.5787,4523.7,0.8222,0.5606,0.3881,0.2372,0.6156
893cf2890cfffff,11,3,22.616929,88.403833,0.7785,1407.1,0.4877,0.6286,0.4623,0.1702,0.6864
893cf2d4ab7ffff,17,3,22.608503,88.344557,0.7277,2912.0,0.7805,0.6568,0.1915,0.7631,0.6459
893cf2c6e13ffff,17,2,22.561295,88.414201,0.6962,1201.3,0.7478,0.6208,0.253,0.3634,0.6515
893cf2d4ba3ffff,14,1,22.612312,88.367749,0.9026,1641.5,0.4254,0.5171,0.2793,0.2337,0.6742
893cf2d4c47ffff,15,0,22.62913,88.324772,0.7114,5948.7,0.5917,0.4784,0.3084,0,0.5529
893cf2c76d3ffff,5,5,22.511251,88.302598,0.577,1243.1,0.1431,0.6243,0.3131,1.5158,0.5305
893cf2d5d5bffff,14,3,22.582609,88.305936,0.868,5330.0,0.386,0.5728,0.2647,0.1458,0.6276
893cf2d5973ffff,2,4,22.570336,88.334296,0.6965,2171.0,0.1522,0.6775,0.3266,0.321,0.5619
893cf2d4153ffff,16,4,22.623315,88.294714,0.9178,8416.8,0.5684,0.6583,0.3619,0.7587,0.6647
893cf2894b7ffff,7,6,22.644736,88.398648,0.8435,1521.6,0.3656,0.6686,0.4102,0.1632,0.7016
893cf288257ffff,12,2,22.643987,88.436466,0.7408,4029.0,0.7458,0.5578,0.3897,0.6105,0.5851
893cf289663ffff,16,2,22.604396,88.390957,0.7735,1342.9,0.6144,0.7113,0.3482,0.4599,0.675
893cf2d4a6bffff,21,3,22.587239,88.342006,0.7725,2449.7,0.2416,0.5773,0.2927,0.3284,0.5397
893cf2d40afffff,1,3,22.626675,88.28612,0.4972,9090.0,0,0.4607,0.3062,0.4125,0.3479
893cf2c663bffff,9,0,22.559239,88.356643,0.5914,332.3,0.8481,0.5589,0.2768,1.1865,0.6028
893cf2d5b2fffff,14,3,22.551064,88.338615,0.6535,541.8,0.4558,0.6859,0.3979,0.1031,0.7082
893cf2d4eb3ffff,11,1,22.622771,88.323062,0.7035,5992.4,0.3454,0.582,0.3727,0.6836,0.4636
893cf2c742bffff,2,0,22.527793,88.329197,0.5125,935.7,0.072,0.551,0.1633,2.0107,0.4489
893cf289143ffff,5,3,22.618548,88.429613,0.5272,2868.4,0.2396,0.6523,0.3276,0.9684,0.5496
893cf2c644bffff,5,4,22.572149,88.350614,0.6907,1849.7,0.0405,0.3789,0.3045,0.2424,0.5336
893cf28955bffff,18,6,22.632829,88.408114,0.8509,923.1,0.5693,0.7755,0.5087,0.3279,0.7591
893cf2896afffff,22,2,22.617116,88.39438,0.7821,1693.1,0.286,0.6633,0.3299,0.581,0.5844
893cf2c4223ffff,22,4,22.492096,88.408256,0.6199,7891.9,0.1952,0.7065,0.3588,0.3367,0.5014
893cf2d5b17ffff,2,0,22.556612,88.327442,0.6184,1649.2,0.0077,0.6166,0.3325,0.767,0.5355
893cf2895a3ffff,9,1,22.648539,88.421849,0.7599,3142.2,0.6158,0.509,0.3611,0.3283,0.6855
893cf2c62a3ffff,1,4,22.552503,88.373831,0.4927,1370.9,0.0421,0.7115,0.2125,0.9875,0.5334
893cf2c66a7ffff,20,6,22.568782,88.359208,0.6608,591.9,0.9074,0.5961,0.2483,1.1001,0.6582
893cf2d5dc7ffff,12,3,22.592151,88.3085,0.7635,5548.9,0.6379,0.6333,0.1683,0.4349,0.5147
893cf2d4e43ffff,7,5,22.605872,88.315353,0.7656,5162.4,0.281,0.5605,0.4447,0,0.6209
893cf2c6613ffff,8,4,22.562605,88.348049,0.6221,1067.4,0.7403,0.3935,0.2559,0.5121,0.6445
893cf2c2d0fffff,3,4,22.537255,88.281095,0.5746,4465.4,0,0.5895,0.3263,1.1136,0.4287
893cf2d4b6fffff,4,5,22.595227,88.369487,0.7734,337.0,0.1254,0.801,0.4698,0.6617,0.6863
893cf2d5d5bffff,13,3,22.582609,88.305936,0.7438,4978.1,0.5723,0.6715,0.2658,0.1588,0.5716
893cf2d5a8bffff,14,4,22.550799,88.297391,0.7448,4341.4,0.5969,0.6443,0.3401,0,0.612
893cf2d5b97ffff,2,1,22.564157,88.323138,0.7261,2120.3,0.0751,0.6626,0.367,0.3259,0.567
893cf2c5557ffff,12,0,22.481119,88.370476,0.8556,6090.2,0.4102,0.4917,0.162,0.2687,0.4891
893cf2d5bcbffff,0,2,22.550433,88.316285,0.5714,2902.7,0,0.6062,0.2382,1.1228,0.4705
893cf2c6047ffff,10,5,22.561049,88.372962,0.7089,1229.2,0.5668,0.5918,0.235,0.4156,0.5886
893cf2c4407ffff,12,2,22.530854,88.390176,0.6661,4245.1,0.591,0.6259,0.2211,0.4492,0.5673
893cf2d5b2fffff,1,1,22.551064,88.338615,0.6323,406.3,0.0858,0.6845,0.3602,0.7234,0.5971
893cf28b2c3ffff,6,6,22.649655,88.365128,0.6768,4217.6,0.2083,0.634,0.2337,0.8878,0.4333
893cf2d5a63ffff,11,4,22.53889,88.306854,0.6047,2963.9,0.7191,0.6211,0.3579,1.0771,0.5646
893cf2d5c97ffff,3,5,22.594695,88.287024,0.669,7400.9,0.3375,0.5586,0.292,0.5329,0.4195
893cf2d4b53ffff,15,1,22.599776,88.354876,0.6774,1393.3,0.5251,0.5529,0.2627,0.014,0.606
893cf2c7593ffff,1,0,22.547882,88.33776,0.6295,848.7,0.1137,0.7427,0.2532,0.3844,0.592
893cf2d5a97ffff,13,5,22.557162,88.2991,0.7603,4511.5,0.6134,0.6139,0.2576,0.3181,0.593
893cf2c63cfffff,18,3,22.550132,88.38586,0.6753,2590.2,0.6779,0.5631,0.3247,0.6205,0.5674
893cf2c714bffff,5,4,22.512323,88.356698,0.6234,3110.2,0.1741,0.6715,0.2407,1.1515,0.5253
893cf2c6227ffff,19,3,22.545953,88.381569,0.5484,2595.2,0.6413,0.5105,0.2903,0.6826,0.5813
893cf28b277ffff,23,5,22.645108,88.379742,0.7806,2894.1,0.1116,0.5904,0.3792,0.4091,0.5651
893cf2d59afffff,21,0,22.580877,88.340295,0.6653,2962.6,0.3292,0.4814,0.2979,0.7853,0.6055
893cf2d4267ffff,5,4,22.592695,88.280157,0.6498,7801.5,0.0207,0.661,0.2036,0.9709,0.4192
893cf2d4987ffff,2,5,22.635754,88.367722,0.8052,3399.8,0.1573,0.5626,0.1754,0.2373,0.5087
893cf2c7067ffff,22,4,22.509327,88.346396,0.6693,2056.1,0.0829,0.5683,0.2243,0.3063,0.5683
893cf2c6a27ffff,3,3,22.544626,88.447727,0.6603,4073.8,0.1397,0.5793,0.2917,0.9159,0.4462
893cf2c6ab7ffff,14,6,22.554363,88.440844,0.7542,2680.3,0.4429,0.5575,0.1807,0.4227,0.5981
893cf2c434fffff,16,1,22.48972,88.420285,0.8053,8734.4,0.2496,0.6575,0.379,0.0458,0.5556
893cf2c418bffff,19,2,22.525916,88.423686,0.6694,4900.7,0.7514,0.4529,0.3724,0.7047,0.5567
893cf2d4a4fffff,21,2,22.588422,88.335991,0.5012,2971.1,0.3865,0.5792,0.2714,0.1712,0.5027
893cf2d4bafffff,1,1,22.61013,88.370329,0.5161,1290.6,0.074,0.5838,0.2736,0.4799,0.5254
893cf2c6e13ffff,3,5,22.561295,88.414201,0.6625,966.4,0.1711,0.7345,0.3518,0.5294,0.5888
893cf2d4d0fffff,5,5,22.640301,88.35311,0.665,4996.7,0.0981,0.6119,0.3655,0.2625,0.5218
893cf2c456fffff,6,2,22.527104,88.417671,0.8431,4659.5,0.4228,0.5365,0.2789,0.1087,0.5719
893cf2c09b7ffff,8,6,22.481868,88.33269,0.7643,3914.5,0.7251,0.5514,0.3116,0,0.5899
893cf2d4e4fffff,9,4,22.603691,88.317933,0.7455,4967.5,0.711,0.5654,0.39,0,0.6183
893cf2c72cfffff,0,5,22.491602,88.325808,0.6654,2441.3,0.2218,0.6584,0.1733,0.108,0.5995
893cf2c714bffff,19,3,22.512323,88.356698,0.767,3154.7,0.6489,0.6414,0.2857,0.4939,0.6673
893cf2c2bbbffff,0,5,22.508252,88.292299,0.6255,1199.2,0.0402,0.5468,0.3559,1.6341,0.498
893cf2c624bffff,16,4,22.534598,88.362684,0.6924,1206.8,0.5461,0.5211,0.3574,0.5939,0.6523
893cf2d4957ffff,2,3,22.623035,88.3643,0.6313,3021.5,0.1462,0.6531,0.3569,0.7074,0.5113
893cf2c434bffff,1,0,22.488722,88.41685,0.6483,8855.2,0,0.4693,0.3398,0.5546,0.481
893cf2d5ad3ffff,3,0,22.5488,88.290524,0.6521,4661.5,0.0131,0.5999,0.2492,0.927,0.457
893cf2c75c3ffff,10,5,22.538337,88.335195,0.7591,1444.7,0.6735,0.5965,0.3355,0.3533,0.6453
893cf2c4283ffff,22,3,22.499839,88.394504,0.633,6133.6,0,0.5741,0.4433,0.3937,0.4932
893cf2c6107ffff,5,1,22.575395,88.402157,0.6207,1981.5,0.1319,0.5851,0.266,0.4476,0.5613
893cf2d5b0fffff,2,6,22.551248,88.329167,0.6446,1570.4,0.1703,0.5927,0.4167,0.5785,0.6086
893cf2c2dbbffff,9,0,22.5458,88.280224,0.8067,5653.2,0.6341,0.64,0.28,0.2695,0.5994
893cf2894cfffff,20,3,22.632204,88.385771,0.6213,1244.5,0.8206,0.6274,0.3434,0.5836,0.647
893cf2c4e4fffff,17,4,22.496699,88.444333,0.6454,8720.6,0.6804,0.6014,0.238,0.106,0.5681
893cf2d5c8bffff,23,4,22.588334,88.285316,0.6985,7077.5,0,0.7124,0.323,0.5705,0.524
893cf2c4c9bffff,0,3,22.535081,88.445158,0.7624,4822.0,0.0341,0.6395,0.2749,0.7041,0.4152
893cf2c728bffff,17,4,22.497968,88.327517,0.8571,2322.6,0.7059,0.6926,0.1321,0.6232,0.6209
893cf2c2d0fffff,16,3,22.537255,88.281095,0.7383,4496.6,0.4433,0.7231,0.2266,1.0431,0.5443
893cf2c663bffff,14,5,22.559239,88.356643,0.6201,343.6,0.5949,0.485,0.3727,1.1098,0.6495
893cf28956bffff,17,1,22.630459,88.420148,0.7643,1908.4,0.5925,0.6249,0.2862,0.2703,0.6902
893cf2d5a17ffff,13,0,22.549617,88.303404,0.8132,4015.3,0.4881,0.539,0.2242,0.2674,0.5157
893cf2c290fffff,9,6,22.521981,88.299149,0.6232,2351.6,0.7084,0.6485,0.2739,0.0624,0.6637
893cf2c6a5bffff,13,3,22.535463,88.426255,0.5556,4021.8,0.4364,0.6425,0.31,0,0.5416
893cf2c290fffff,19,1,22.521981,88.299149,0.7295,2351.4,0.6194,0.7555,0.4069,0.2624,0.6387
893cf2d416fffff,22,2,22.618774,88.309323,0.7336,6391.7,0.0901,0.5667,0.3394,0.5913,0.5403
893cf2d49cbffff,9,0,22.624218,88.358284,0.7774,3329.5,0.8762,0.653,0.3773,0.2131,0.673
893cf2c660fffff,11,4,22.55824,88.353208,0.5476,1116.4,0.4066,0.5655,0.2244,1.0478,0.5296
893cf2c612bffff,6,3,22.571028,88.407317,0.6726,1265.8,0.0953,0.5938,0.3472,0.5443,0.5517
893cf2d43abffff,9,6,22.610415,88.300745,0.7587,7086.8,0.7744,0.6187,0.3548,0.6151,0.5472
893cf2d5b67ffff,6,1,22.546883,88.334325,0.7279,1126.5,0.2913,0.5996,0.282,0.2929,0.6587
893cf2c7063ffff,4,1,22.508329,88.342962,0.7891,1756.7,0,0.5624,0.4037,1.0092,0.5246
893cf2c76bbffff,2,2,22.515249,88.316332,0.7375,1664.9,0.0236,0.6651,0.4049,0.0468,0.6458
893cf2c434fffff,20,5,22.48972,88.420285,0.7663,8603.0,0.5678,0.6943,0.3465,0.1035,0.6545
893cf2c656fffff,3,1,22.579949,88.387546,0.6911,1473.4,0.1006,0.6564,0.2922,0.6136,0.5507
893cf2d4807ffff,23,1,22.621223,88.347978,0.5897,3620.7,0.2106,0.5916,0.2944,0.7282,0.4538
893cf2c639bffff,18,4,22.558679,88.384992,0.6982,2423.2,0.8241,0.7642,0.2456,0.6364,0.6601
893cf2c7193ffff,16,4,22.532601,88.355815,0.689,1312.1,0.6507,0.6253,0.3022,0.6516,0.6314
893cf2c629bffff,22,3,22.551691,88.360946,0.4937,1214.1,0.1161,0.6259,0.2513,1.0641,0.4561
893cf2c7063ffff,5,4,22.508329,88.342962,0.684,2125.9,0.0768,0.6713,0.2074,0,0.5226
893cf2892b7ffff,11,3,22.607201,88.410718,0.6979,2716.3,0.5575,0.5426,0.2532,0.184,0.595
893cf2c4e47ffff,7,1,22.499882,88.445189,0.8108,8257.0,0.3874,0.6939,0.3034,0.4201,0.514
893cf2c434bffff,7,3,22.488722,88.41685,0.8082,8861.1,0.2438,0.5773,0.2768,0.8165,0.5223
893cf2c6ab7ffff,4,4,22.554363,88.440844,0.832,2987.5,0.1029,0.6087,0.2829,1.1683,0.5331
893cf2c7263ffff,15,6,22.48605,88.336978,0.7789,3604.9,0.6564,0.5843,0.2921,0,0.5855
893cf2c434fffff,12,6,22.48972,88.420285,0.7332,9040.4,0.5493,0.5639,0.1708,0.0262,0.5612
893cf2c4ecfffff,14,4,22.504254,88.44003,0.8527,7745.5,0.5623,0.5056,0.4278,0.1926,0.5948
893cf28b2cbffff,2,3,22.646475,88.364273,0.6859,4101.7,0.1968,0.6764,0.2726,1.0688,0.4198
893cf2891c3ffff,20,1,22.626094,88.425309,0.8273,2314.2,0.6787,0.3178,0.1677,1.2561,0.6259
893cf2c426fffff,9,0,22.482547,88.405689,0.8813,8497.2,0.7652,0.6316,0.344,0.4671,0.6471
893cf2c6ddbffff,21,3,22.587552,88.433939,0.5224,2271.8,0.5247,0.5672,0.2211,1.105,0.5847
893cf2c5493ffff,16,4,22.488047,88.343845,0.8084,3749.7,0.7547,0.6014,0.2858,0.372,0.6015
893cf2d4a47ffff,11,0,22.591602,88.336846,0.6984,2955.2,0.448,0.6001,0.2969,0.1646,0.5681
893cf2c6a43ffff,9,0,22.53646,88.42969,0.7747,4391.4,0.7481,0.7746,0.2298,0.5019,0.6343
893cf2c60afffff,14,0,22.572589,88.382399,0.7651,1386.0,0.2966,0.6037,0.231,0.2963,0.612
893cf2c7513ffff,19,2,22.540335,88.342063,0.6362,866.5,0.6117,0.5551,0.3179,0.0396,0.7599
893cf2d5cc7ffff,20,5,22.585154,88.284462,0.692,6836.6,0.8311,0.6235,0.3095,0.3004,0.6157
893cf2c4563ffff,13,0,22.529289,88.415091,0.772,4565.9,0.5279,0.4815,0.3563,0.352,0.5742
893cf2d4b27ffff,7,6,22.605766,88.375489,0.7564,870.6,0.3653,0.6871,0.462,0.2521,0.6839
893cf289377ffff,12,1,22.599277,88.433928,0.6906,3723.9,0.3931,0.6479,0.1892,0.2654,0.5357
893cf2d5b17ffff,9,5,22.556612,88.327442,0.8105,1443.2,0.7108,0.5261,0.1906,0,0.7062
893cf2d4c57ffff,3,1,22.631311,88.322192,0.6095,6227.5,0.0111,0.6708,0.3541,0.9641,0.4311
893cf2c6e13ffff,5,0,22.561295,88.414201,0.5341,1317.5,0,0.6007,0.2711,0.025,0.5779
893cf2c09b7ffff,6,5,22.481868,88.33269,0.8445,4252.9,0.1272,0.522,0.2679,0.6793,0.4974
893cf2c09b3ffff,14,2,22.480869,88.329256,0.7054,3382.4,0.6072,0.5179,0.2679,0.5064,0.5161
893cf2c42afffff,15,1,22.497464,88.406533,0.7486,7280.1,0.7156,0.4441,0.2838,0.6757,0.5288
893cf2d41bbffff,11,3,22.634853,88.304147,0.694,8010.2,0.5559,0.5753,0.1469,0.9282,0.5211
893cf2d4a8bffff,4,2,22.602326,88.333396,0.6125,3117.8,0,0.5668,0.1499,0.3108,0.4502
893cf2d580fffff,15,0,22.566523,88.311111,0.6667,3033.1,0.4385,0.608,0.29,0.2617,0.5676
893cf2c5c37ffff,21,2,22.479979,88.427166,0.502,9994.4,0.1361,0.6596,0.2162,0.3669,0.4765
893cf2d4c2fffff,12,4,22.633126,88.338512,0.7812,5840.9,0.6464,0.5104,0.4274,0,0.5947
893cf2d5a0fffff,9,3,22.544253,88.305129,0.6117,3727.5,0.5862,0.6701,0.341,0.3613,0.5618
893cf2c728bffff,15,1,22.497968,88.327517,0.8948,2463.8,0.6104,0.7087,0.2462,0.258,0.7415
893cf2c2dafffff,21,4,22.544618,88.286237,0.6632,5039.9,0.2083,0.5574,0.3151,0.7181,0.5157
893cf2c432bffff,7,3,22.495894,88.431447,0.8544,8383.2,0.3718,0.5782,0.3199,0.5531,0.5717
893cf2c428fffff,15,1,22.497654,88.397084,0.8278,6563.2,0.467,0.6374,0.3248,0,0.6285
893cf2d5d07ffff,23,2,22.591969,88.317948,0.5456,4426.2,0,0.6476,0.2209,0.7767,0.4459
893cf2c6e2bffff,5,5,22.55574,88.425376,0.5883,1982.1,0.187,0.5361,0.4195,0.2618,0.558
893cf2894cfffff,0,1,22.632204,88.385771,0.7177,1574.7,0.1369,0.6431,0.4057,0.7509,0.5968
893cf28904fffff,20,5,22.609384,88.408137,0.7165,2178.8,0.889,0.7477,0.2941,0.7307,0.663
893cf2c29abffff,20,6,22.528345,88.300857,0.6625,2967.1,0.6762,0.6969,0.3574,0.6024,0.6438
893cf2d5857ffff,3,6,22.564524,88.304243,0.7059,4152.9,0.0113,0.6195,0.337,0.9644,0.4555
893cf2c46cfffff,1,4,22.505583,88.373884,0.7385,4426.5,0.1683,0.6805,0.3107,0.5532,0.519
893cf2d4c47ffff,2,5,22.62913,88.324772,0.6677,6008.7,0.1738,0.5987,0.2049,1.0316,0.4101
893cf2c616bffff,2,4,22.563668,88.402169,0.6258,2465.5,0.2434,0.5613,0.2341,1.2707,0.5206
893cf2c2927ffff,19,1,22.524979,88.309449,0.6752,2106.9,0.7399,0.5697,0.2938,0.7104,0.5784
893cf2c296bffff,6,4,22.513434,88.300019,0.7553,1464.6,0.3451,0.5952,0.4159,0.6174,0.6417
893cf2d415bffff,11,2,22.620136,88.29386,0.7427,8092.7,0.5415,0.7546,0.3341,0,0.5566
893cf2c6c5bffff,10,3,22.573023,88.414189,0.9584,590.6,0.6279,0.6893,0.2867,0.342,0.7705
893cf2d4e43ffff,0,6,22.605872,88.315353,0.6036,5435.2,0.2709,0.5789,0.2634,0.1742,0.4657
893cf2d4b13ffff,0,0,22.607135,88.360022,0.5384,2012.6,0.0751,0.5533,0.1257,0.6632,0.4157
893cf2c5c8bffff,14,3,22.481359,88.411703,0.7509,9236.0,0.4093,0.5554,0.3642,0.1962,0.563
893cf2c42afffff,14,2,22.497464,88.406533,0.6958,7593.6,0.4427,0.6512,0.2247,0.4573,0.5216
893cf289607ffff,22,2,22.612939,88.390088,0.7118,1726.9,0.0962,0.7469,0.3304,0.9272,0.5808
893cf2c4197ffff,5,0,22.532281,88.425398,0.7344,3950.8,0.107,0.5222,0.3112,0.7008,0.5002
893cf2c665bffff,10,6,22.552063,88.342049,0.7059,294.3,0.6153,0.5485,0.4523,0.5264,0.7252
893cf2c4687ffff,1,1,22.516129,88.379884,0.7231,4288.2,0.1153,0.6665,0.4582,0.9707,0.5544
893cf2890dbffff,9,6,22.618114,88.397816,0.8524,1276.3,0.7535,0.72,0.4926,0.4475,0.7357
893cf2d5b03ffff,15,5,22.553431,88.326587,0.8126,1485.4,0.2651,0.5729,0.3381,0,0.6641
893cf2d5a33ffff,12,5,22.548434,88.309417,0.6676,3874.6,0.4441,0.5494,0.3098,0.2663,0.5446
893cf289683ffff,19,6,22.619485,88.382348,0.6548,1799.0,0.7648,0.6208,0.3099,0.3874,0.6558
893cf2c6a5bffff,15,2,22.535463,88.426255,0.7348,3689.2,0.5185,0.4879,0.2698,0,0.5885
893cf2c45dbffff,9,0,22.536031,88.397902,0.8148,4263.4,0.5491,0.5397,0.4084,0,0.6222
893cf2c73a7ffff,0,3,22.508954,88.365291,0.7575,3950.9,0.1505,0.6214,0.3022,0.6696,0.5135
893cf2c4457ffff,0,1,22.525676,88.382451,0.6606,3881.8,0.184,0.8025,0.2946,1.1066,0.5104
893cf2c2943ffff,8,6,22.516799,88.291428,0.7001,2019.8,0.8302,0.6688,0.3242,0.4273,0.6417
893cf2c66a3ffff,9,6,22.567784,88.355773,0.8148,778.7,0.8458,0.6915,0.255,0.5241,0.6884
893cf2d5867ffff,14,0,22.562159,88.31627,0.7718,2962.8,0.4165,0.6509,0.373,0.2247,0.6208
893cf289617ffff,9,6,22.615121,88.387508,0.7622,1393.1,0.5706,0.5261,0.3964,0.2485,0.7169
893cf2c4323ffff,5,5,22.499077,88.432303,0.5895,7938.6,0.1239,0.6148,0.1835,0.8358,0.3891
893cf2c4513ffff,1,4,22.539024,88.408209,0.8013,3424.0,0.03,0.5191,0.3754,1.2559,0.5
893cf2c72b7ffff,5,5,22.504147,88.338673,0.5424,1821.7,0,0.5501,0.2857,0.6488,0.483
893cf2d41cbffff,22,2,22.625495,88.292134,0.7646,8392.0,0.2135,0.5691,0.2918,0.5545,0.5174
893cf2c551bffff,3,4,22.484302,88.371331,0.6576,5919.3,0.0196,0.5827,0.314,0.7418,0.4311
893cf2c6c3bffff,19,2,22.580193,88.42879,0.5138,1720.0,0.6237,0.573,0.2828,0.5566,0.5874
893cf2d5bbbffff,14,5,22.559793,88.328297,0.8557,1741.8,0.4755,0.5784,0.3506,0.322,0.6949
893cf2c7473ffff,9,3,22.525794,88.322329,0.6786,885.5,0.6377,0.668,0.3164,0.2381,0.6756
893cf289367ffff,9,4,22.597094,88.436509,0.6201,3179.5,0.4587,0.616,0.2797,0.1012,0.5926
893cf2c7367ffff,17,1,22.494039,88.364449,0.6349,4427.5,0.5369,0.5615,0.3724,0.3707,0.5267
893cf2c0dbbffff,8,4,22.492972,88.31035,0.8327,1159.4,0.8267,0.5596,0.2985,0.7827,0.6948
893cf2d5c9bffff,21,3,22.590515,88.282736,0.752,7045.6,0.3507,0.6652,0.3307,0.4232,0.598
893cf2d4867ffff,6,4,22.61368,88.352282,0.7725,2933.2,0.1706,0.6885,0.3442,0.47,0.5198
893cf2d439bffff,3,0,22.612776,88.288717,0.7469,7906.1,0.0876,0.7092,0.2467,0.2152,0.5188
893cf2d5c93ffff,17,0,22.593695,88.283591,0.7185,7487.9,0.803,0.586,0.2388,0.2429,0.5961
893cf2d4d2fffff,14,5,22.640117,88.362561,0.7883,4247.4,0.3411,0.5383,0.4283,0.5944,0.5764
893cf2d5b97ffff,22,2,22.564157,88.323138,0.6418,2272.5,0.3001,0.5408,0.274,0.7185,0.5765
893cf2d4c47ffff,12,5,22.62913,88.324772,0.6999,6331.2,0.4411,0.6133,0.1914,0.0028,0.5587
893cf288257ffff,18,4,22.643987,88.436466,0.6215,3979.1,0.7211,0.5668,0.2757,0.7284,0.5644
893cf2c42dbffff,1,6,22.491477,88.385924,0.7025,6075.4,0.1224,0.4902,0.3087,0.2813,0.4641
893cf2c4543ffff,1,3,22.529478,88.405641,0.7181,4471.2,0.0689,0.4795,0.0772,0.2807,0.4678
893cf2c60d3ffff,13,1,22.569781,88.362643,0.6645,846.9,0.4935,0.5372,0.2401,0.4769,0.6257
893cf2c40cfffff,16,3,22.512569,88.397927,0.7604,5539.5,0.5562,0.6531,0.1328,0.8022,0.5004
893cf2d4ed3ffff,21,3,22.615594,88.308468,0.6115,6165.0,0.2047,0.532,0.2569,0.7084,0.4302
893cf28920fffff,22,6,22.59448,88.407293,0.5606,2918.4,0.0362,0.5388,0.3436,0.6188,0.5256
893cf2c4457ffff,11,5,22.525676,88.382451,0.6606,3802.9,0.619,0.4663,0.3347,0.2682,0.5044
893cf2c46cfffff,16,2,22.505583,88.373884,0.7236,4497.7,0.6894,0.6087,0.2716,0,0.5509
893cf2c2927ffff,12,4,22.524979,88.309449,0.7258,2606.0,0.4325,0.5566,0.3708,0.6201,0.578
893cf2d6b4fffff,2,6,22.648207,88.329902,0.7193,7401.9,0.3418,0.5196,0.3302,0.567,0.4727
893cf2c7297ffff,1,5,22.504333,88.329227,0.6277,1634.3,0.0839,0.4498,0.341,0.6084,0.5592
893cf2c7367ffff,7,6,22.494039,88.364449,0.5917,4776.8,0.3477,0.6279,0.2982,0.4526,0.449
893cf2d49c7ffff,22,5,22.628397,88.362575,0.6305,3218.8,0.0428,0.5141,0.2836,0.0983,0.5165
893cf2c46cbffff,2,4,22.504585,88.370449,0.6244,4712.7,0.0204,0.677,0.2439,0.4404,0.4226
893cf2d4e4bffff,9,6,22.602692,88.314498,0.8724,5253.5,0.4936,0.8037,0.2586,0.4403,0.6193
893cf28913bffff,22,4,22.624719,88.440781,0.7302,4309.4,0.2157,0.4567,0.3676,0.6856,0.5106
893cf2d4d1bffff,17,5,22.641483,88.347094,0.6387,5406.2,0.7416,0.4741,0.3008,0.6548,0.4984
893cf2c430fffff,14,4,22.497083,88.425432,0.8179,8090.5,0.719,0.5573,0.3474,0.7622,0.5384
893cf2c4543ffff,22,3,22.529478,88.405641,0.7464,4706.1,0.2146,0.5623,0.3391,0.6635,0.5071
893cf2c282fffff,21,6,22.5148,88.284562,0.6617,2223.2,0.265,0.7473,0.3598,0.2387,0.6182
893cf2d4307ffff,7,4,22.607235,88.29989,0.8192,7058.6,0.2785,0.4781,0.3166,0.2253,0.5239
893cf2c701bffff,12,5,22.514879,88.335224,0.7223,654.4,0.3506,0.7338,0.5077,1.2742,0.6319
893cf2c4ecfffff,10,3,22.504254,88.44003,0.8313,7195.8,0.6168,0.6981,0.363,0.7405,0.592
893cf2d59afffff,22,4,22.580877,88.340295,0.8077,2561.5,0.0487,0.6796,0.2749,0.3039,0.6273
893cf2c60d3ffff,9,5,22.569781,88.362643,0.697,1294.0,0.7315,0.6164,0.3767,0.8367,0.668
893cf2d5b03ffff,8,2,22.553431,88.326587,0.6936,1955.4,0.6993,0.6751,0.4103,0.3955,0.6392
893cf2d6a6fffff,23,0,22.641031,88.315306,0.6342,7789.0,0,0.625,0.2396,0.8233,0.4134
893cf2d6b67ffff,3,4,22.651204,88.340208,0.6199,6661.9,0.1869,0.5093,0.31,0.1355,0.4527
893cf2c71c3ffff,8,5,22.523055,88.35325,0.792,1938.1,0.9647,0.5994,0.2906,0.3224,0.6886
893cf2c4437ffff,20,3,22.532849,88.397047,0.6172,4991.9,0.5253,0.5733,0.3609,0.6201,0.564
893cf2c737bffff,2,5,22.492042,88.357581,0.6292,4263.9,0.1765,0.6716,0.2611,0.6389,0.4518
893cf2c2d3bffff,22,1,22.538255,88.284529,0.7492,4659.1,0.1573,0.5538,0.2677,0.5162,0.494
893cf2c74abffff,1,4,22.53534,88.324893,0.8324,1518.1,0,0.5795,0.1713,0.9459,0.5421
893cf2d5dc7ffff,19,1,22.592151,88.3085,0.677,5275.6,0.9077,0.5957,0.3049,0.3338,0.654
893cf2d5b67ffff,16,5,22.546883,88.334325,0.9958,1032.7,0.5358,0.4334,0.4213,0.214,0.7542
893cf2c6107ffff,17,4,22.575395,88.402157,0.6971,2224.2,0.5893,0.4405,0.3459,0.5889,0.6065
893cf2c760bffff,21,2,22.505702,88.313768,0.5631,2043.0,0.3601,0.4471,0.3901,0.712,0.5474
893cf2c65cfffff,8,3,22.587682,88.373791,0.7127,905.2,0.7002,0.4223,0.2013,0.9387,0.58
893cf2c2827ffff,11,6,22.517982,88.285416,0.7645,2282.2,0.5209,0.8151,0.3565,0.1081,0.7222
893cf2d4ddbffff,13,3,22.641666,88.337643,0.6325,6422.9,0.4791,0.5574,0.3804,0.3137,0.5081
893cf2c2b37ffff,17,5,22.504886,88.300889,0.582,235.8,0.5831,0.4268,0.2355,0.6875,0.643
893cf2d4eabffff,21,0,22.61741,88.324787,0.6281,4970.5,0.2164,0.6667,0.3471,0.5346,0.4976
893cf2d5ea3ffff,2,2,22.569068,88.289637,0.6255,5768.8,0.2555,0.667,0.4312,1.1112,0.4614
893cf2c2917ffff,19,1,22.527345,88.297424,0.7208,2993.4,0.5569,0.6871,0.2262,0.3101,0.5767
893cf2c453bffff,17,6,22.535653,88.416803,0.7495,4078.7,0.7555,0.5452,0.2947,0.4306,0.6324
893cf2d4353ffff,17,3,22.601056,88.288733,0.7051,7809.1,0.934,0.5361,0.1491,0.4316,0.55
893cf28b2c3ffff,2,1,22.649655,88.365128,0.7504,4008.7,0.1189,0.5675,0.2879,0.6471,0.5133
893cf2c616bffff,10,0,22.563668,88.402169,0.8285,2095.2,0.7807,0.6315,0.5537,0.3081,0.7142
893cf2c43cbffff,1,5,22.496276,88.412547,0.6647,7872.5,0.0265,0.6062,0.2232,0.2162,0.4433
893cf2c708bffff,10,0,22.520245,88.3335,0.6726,230.9,0.7079,0.4005,0.3502,1.6733,0.6794
893cf28956bffff,10,4,22.630459,88.420148,0.6849,1811.6,0.5978,0.5601,0.3507,0.0511,0.6354
893cf2c722fffff,23,0,22.49123,88.3447,0.5462,3780.9,0.0841,0.7094,0.3588,0.2998,0.4632
893cf2d58a7ffff,22,5,22.577065,88.317109,0.6721,3909.2,0.1741,0.6486,0.3249,0.385,0.5358
893cf2c6337ffff,11,0,22.555121,88.403037,0.8218,2337.5,0.484,0.5545,0.3879,0.0786,0.6562
893cf2d5c3bffff,0,0,22.582791,88.296488,0.5569,5605.3,0.1172,0.6344,0.2212,1.4748,0.4249
893cf2c6853ffff,18,2,22.560916,88.433105,0.6616,1142.8,0.8254,0.5901,0.2863,0.0047,0.714
893cf2d4cabffff,6,0,22.639668,88.330772,0.7162,6644.2,0.3432,0.5768,0.4422,0.5645,0.49
893cf2c4edbffff,3,0,22.505443,88.434015,0.7239,7313.1,0.0222,0.6703,0.1846,1.275,0.3945
893cf2c75c3ffff,18,0,22.538337,88.335195,0.6818,1616.4,0.7199,0.8899,0.2066,0.2302,0.6831
893cf2d43abffff,11,6,22.610415,88.300745,0.766,7124.0,0.5499,0.5518,0.493,0.5339,0.5965
893cf2d5dabffff,0,0,22.595149,88.318803,0.5937,5271.6,0.1315,0.5193,0.3791,0.375,0.4282
893cf2c5c17ffff,13,3,22.48017,88.417717,0.879,9775.3,0.6838,0.5844,0.2516,0.441,0.6114
893cf28b277ffff,2,6,22.645108,88.379742,0.5479,2486.8,0.1564,0.6704,0.3596,0.3578,0.5182
893cf2d4c57ffff,15,6,22.631311,88.322192,0.6398,6314.4,0.3383,0.636,0.3118,0,0.5521
893cf2c4e93ffff,7,3,22.515987,88.44002,0.6303,6529.6,0.2044,0.6085,0.2496,0.2851,0.4627
893cf2c0d3bffff,19,2,22.485422,88.314654,0.6344,2146.6,0.686,0.5093,0.2755,0.2005,0.6218
893cf2c611bffff,21,6,22.573399,88.395286,0.5998,2265.0,0.0987,0.7627,0.31,0.642,0.5443
893cf2d4ccbffff,17,5,22.632492,88.316177,0.8165,7308.0,0.7092,0.5736,0.248,0.4187,0.5932
893cf2d5e7bffff,16,0,22.553163,88.285366,0.7377,5703.0,0.5504,0.627,0.3792,0.063,0.5616
893cf28955bffff,19,0,22.632829,88.408114,0.8431,1059.0,1,0.6834,0.5809,1.0085,0.7655
893cf289cd7ffff,2,1,22.636252,88.450225,0.6814,5149.9,0.1968,0.5836,0.3725,0.3139,0.4004
893cf2d4177ffff,5,1,22.624134,88.307598,0.6813,7183.1,0.2201,0.553,0.4224,0.4445,0.5112
893cf2c6233ffff,7,1,22.547138,88.375555,0.7945,2132.3,0.3129,0.667,0.4006,0,0.6776
893cf2d5cc7ffff,14,0,22.585154,88.284462,0.8388,6699.0,0.5234,0.6813,0.4024,0.6665,0.602
893cf2c6e8fffff,2,6,22.564477,88.415057,0.7921,933.1,0.1143,0.6564,0.2212,0.4472,0.6136
893cf2c43dbffff,12,3,22.498462,88.409968,0.7919,7921.5,0.4659,0.7066,0.3558,0,0.5939
893cf2d4a4fffff,10,1,22.588422,88.335991,0.8203,2643.8,0.5268,0.4938,0.2724,0,0.6321
893cf2896afffff,12,3,22.617116,88.39438,0.6442,1835.5,0.569,0.6816,0.368,0.662,0.6185
893cf2c711bffff,11,4,22.52187,88.359264,0.6062,2473.5,0.4909,0.6275,0.1565,0.3654,0.5286
893cf2c6223ffff,16,1,22.544955,88.378134,0.7234,2258.5,0.6178,0.5713,0.2955,0.3064,0.6592
893cf2c5533ffff,14,2,22.487296,88.381634,0.7476,6281.3,0.4545,0.5945,0.2283,0,0.5453
893cf2c7473ffff,4,4,22.525794,88.322329,0.7389,1070.5,0.1612,0.5318,0.1029,1.2628,0.5091
893cf2d588bffff,9,3,22.573067,88.303372,0.6525,4813.6,0.6025,0.6323,0.3156,0,0.5381
893cf2c7297ffff,7,2,22.504333,88.329227,0.7717,1660.4,0.1056,0.6708,0.3527,0.4436,0.5554
893cf28b21bffff,19,4,22.648472,88.371145,0.6815,3897.8,0.7641,0.4406,0.1879,1.0077,0.5385
893cf2c610fffff,12,3,22.572214,88.401301,0.7932,1549.5,0.5178,0.5086,0.3411,0.6705,0.6239
893cf2c66b3ffff,5,2,22.569966,88.353194,0.5763,1503.5,0.0098,0.8166,0.3217,1.0408,0.5162
893cf2c45a3ffff,22,0,22.544201,88.415936,0.4359,3010.6,0.0162,0.4809,0.3613,0.69,0.4514
893cf2c6dd3ffff,19,3,22.590733,88.434796,0.7132,2719.3,0.5819,0.6188,0.2147,0.87,0.5488
893cf289377ffff,16,0,22.599277,88.433928,0.8122,3650.6,0.4801,0.4858,0.3523,0.442,0.5715
893cf2d4343ffff,5,5,22.598875,88.291313,0.69,6960.5,0,0.4762,0.3163,0.684,0.4293
893cf2c0d13ffff,10,3,22.488789,88.306063,0.7633,1448.7,0.8219,0.561,0.3583,0.4301,0.6929
893cf2c459bffff,9,4,22.543392,88.403049,0.5948,3641.5,0.7309,0.5159,0.2244,0,0.6215
893cf289193ffff,18,4,22.635633,88.427878,0.6214,2737.5,0.7188,0.6739,0.3178,1.4963,0.6157
893cf2c616bffff,17,0,22.563668,88.402169,0.8663,2183.7,0.5627,0.6541,0.3667,0.591,0.6249
893cf2c09b7ffff,18,6,22.481868,88.33269,0.6088,3753.4,0.5709,0.5514,0.2146,0.4609,0.5438
893cf2c612fffff,12,5,22.572025,88.410753,0.7712,701.1,0.5612,0.5865,0.3483,0,0.7183
893cf2c656fffff,4,2,22.579949,88.387546,0.6179,1636.1,0.32,0.6927,0.2928,0.9256,0.5663
893cf2d4eb3ffff,12,3,22.622771,88.323062,0.6676,5696.4,0.3246,0.5397,0.3167,0.2863,0.5038
893cf2d4a6bffff,20,4,22.587239,88.342006,0.5146,2334.1,0.7497,0.6926,0.3131,0.3556,0.6822
893cf2c428fffff,22,3,22.497654,88.397084,0.813,6826.0,0.1211,0.6208,0.2515,0.8122,0.4431
893cf289e43ffff,13,1,22.603265,88.447676,0.742,4483.5,0.3679,0.6134,0.2244,0.669,0.5025
893cf2d6b67ffff,14,2,22.651204,88.340208,0.6703,6480.7,0.4133,0.6259,0.3367,0.3052,0.5774
893cf289203ffff,12,6,22.596663,88.404713,0.6453,2123.0,0.473,0.713,0.2724,0.1026,0.6215
893cf2890c7ffff,11,3,22.62011,88.404689,0.6192,1226.6,0.6769,0.8209,0.3063,0.157,0.7136
893cf2c6ebbffff,15,0,22.565474,88.418493,0.7127,258.4,0.4782,0.492,0.2653,0.2135,0.6322
893cf2c5dc3ffff,11,0,22.484159,88.431458,0.7409,9351.1,0.5175,0.6122,0.3341,0,0.5315
893cf2d450fffff,23,6,22.641573,88.286958,0.713,10268.7,0.1889,0.5695,0.4317,0.5114,0.5061
893cf2c687bffff,8,4,22.557544,88.441701,0.7688,2630.3,0.6808,0.4836,0.3015,0.4447,0.6368
893cf2d480fffff,11,5,22.618043,88.347122,0.9689,3675.3,0.4418,0.5518,0.3367,0.0854,0.6313
893cf28908fffff,3,1,22.624287,88.408982,0.6819,1030.6,0.2401,0.7712,0.5926,1.1018,0.6332
893cf2d4e4bffff,18,3,22.602692,88.314498,0.7014,5541.6,0.7715,0.7441,0.3058,0,0.6461
893cf2d596fffff,10,3,22.565971,88.339455,0.8052,1259.8,0.7971,0.7139,0.2106,0.5124,0.7225
893cf2c6c97ffff,12,1,22.592108,88.419326,0.7467,2640.4,0.4901,0.5945,0.2393,0.2337,0.6204
893cf2d5993ffff,5,3,22.585425,88.325687,0.6456,3816.7,0.1115,0.6418,0.3119,0.8635,0.4748
893cf2c44a7ffff,11,5,22.538215,88.395323,0.7434,4261.4,0.5605,0.5064,0.3407,0.245,0.5567
893cf2c708bffff,17,4,22.520245,88.3335,0.645,585.8,0.6525,0.5749,0.4591,1.9103,0.5686
893cf2c6c5bffff,22,5,22.573023,88.414189,0.676,925.9,0,0.5936,0.2718,0.7047,0.5566
893cf2d5bafffff,20,5,22.55861,88.334311,0.5071,1371.7,0.6899,0.7958,0.2305,0.5063,0.6166
893cf2c65cfffff,0,3,22.587682,88.373791,0.6706,860.0,0.2306,0.6067,0.358,0.9267,0.5619
893cf289697ffff,20,2,22.622665,88.383203,0.5351,1643.8,0.7141,0.7179,0.2214,1.201,0.6309
893cf2d4323ffff,22,1,22.606054,88.305904,0.7618,5867.0,0.0272,0.6737,0.3988,0.2756,0.4931
893cf2d4813ffff,8,5,22.622405,88.341962,0.7426,4689.0,0.8132,0.6046,0.3046,0.6051,0.6334
893cf2c73a7ffff,15,5,22.508954,88.365291,0.7563,4047.5,0.5202,0.5804,0.2495,0.5659,0.5905
893cf2890c7ffff,12,4,22.62011,88.404689,0.9093,1398.1,0.5956,0.6858,0.5286,0.4837,0.7298
893cf2d4933ffff,3,3,22.62921,88.375463,0.6576,2818.6,0.1637,0.6153,0.2751,1.2702,0.5073
893cf2c612fffff,19,1,22.572025,88.410753,0.703,1026.4,0.7049,0.5165,0.3522,0.2812,0.6474
893cf2c6533ffff,22,2,22.591674,88.387533,0.5986,1055.8,0.028,0.6587,0.3735,0.3988,0.6101
893cf2c4137ffff,15,2,22.524537,88.439153,0.808,5772.7,0.5567,0.71,0.2027,0.0253,0.6203
893cf2c66b7ffff,12,3,22.570965,88.356629,0.5992,1371.0,0.5021,0.4778,0.3425,0.8588,0.5854
893cf2c4edbffff,10,4,22.505443,88.434015,0.8234,7071.7,0.5764,0.5378,0.3559,0.2215,0.5747
893cf2c6047ffff,22,0,22.561049,88.372962,0.6884,1662.9,0.1206,0.4518,0.3208,0.8919,0.5314
893cf2d5b6fffff,8,3,22.543702,88.333471,0.6663,1694.7,0.5708,0.6077,0.2425,0.6394,0.6676
893cf2c76bbffff,21,4,22.515249,88.316332,0.681,1514.3,0.2797,0.776,0.2723,0.5822,0.521
893cf2c459bffff,15,1,22.543392,88.403049,0.7589,3869.4,0.4917,0.5969,0.3603,0.1204,0.5934
893cf2d4ba3ffff,5,1,22.612312,88.367749,0.8048,2044.3,0.1378,0.5028,0.3703,1.2254,0.617
893cf2d5dabffff,5,6,22.595149,88.318803,0.7451,4710.5,0.0014,0.5915,0.41,0.6994,0.486
893cf2c434bffff,14,5,22.488722,88.41685,0.803,9045.8,0.4214,0.5622,0.3418,0.3763,0.5216
893cf2c7323ffff,5,1,22.500404,88.36616,0.709,4179.2,0.0842,0.662,0.28,0.7019,0.5024
893cf2d41d7ffff,15,6,22.631855,88.293843,0.6873,8841.8,0.2853,0.5906,0.2553,0.8824,0.5517
893cf2c6213ffff,15,5,22.547325,88.366105,0.9403,1402.8,0.4513,0.608,0.3488,0.7705,0.6469
893cf2c71a7ffff,4,1,22.531229,88.371278,0.6316,2055.0,0.2949,0.6385,0.1665,0.4442,0.5505
893cf2d492fffff,13,0,22.624847,88.380623,0.7804,2041.1,0.4787,0.7431,0.2954,0.2227,0.6476
893cf289697ffff,3,4,22.622665,88.383203,0.7815,1989.5,0,0.543,0.4263,1.0571,0.5513
893cf2c6dd3ffff,12,5,22.590733,88.434796,0.6945,2895.1,0.5213,0.6756,0.3238,0.1107,0.6384
893cf2c606bffff,13,1,22.556683,88.378121,0.7848,1859.4,0.6461,0.7036,0.2451,0.0874,0.6295
893cf2c0c87ffff,3,4,22.488157,88.283741,0.5841,1913.1,0.1387,0.6376,0.4596,1.1472,0.5636
893cf2d4e4fffff,18,2,22.603691,88.317933,0.716,5118.2,0.9047,0.6323,0.2071,0,0.6323
893cf2d4197ffff,7,2,22.639213,88.298987,0.8417,8912.9,0.2831,0.5441,0.2738,0,0.5063
893cf289687ffff,23,2,22.620483,88.385784,0.7005,1963.1,0.1255,0.6477,0.3053,1.2298,0.5167
893cf2c606bffff,0,4,22.556683,88.378121,0.5773,1914.7,0,0.5499,0.3636,0.7359,0.5101
893cf2d456fffff,7,5,22.634034,88.291263,0.6665,8779.0,0.2955,0.6714,0.3028,0.2465,0.5296
893cf2c44a7ffff,4,3,22.538215,88.395323,0.5159,4728.2,0.1142,0.5827,0.3331,0.3554,0.4753
893cf2890d3ffff,17,5,22.621294,88.398672,0.8999,845.1,0.7862,0.734,0.6346,0.0568,0.8277
893cf2c71a7ffff,20,2,22.531229,88.371278,0.8342,2247.4,0.6475,0.595,0.4034,0.5928,0.6945
893cf2c4137ffff,5,5,22.524537,88.439153,0.6114,5459.6,0.0973,0.7244,0.3294,0.9224,0.4745
893cf2d5bd7ffff,12,1,22.556796,88.317994,0.7449,2723.1,0.5537,0.5846,0.3632,0.9517,0.5532
893cf2c624bffff,8,0,22.534598,88.362684,0.7444,1422.5,0.6183,0.6736,0.2372,0.1676,0.6909
893cf2c4e93ffff,9,0,22.515987,88.44002,0.691,6454.4,0.5532,0.5614,0.2889,0.1646,0.55
893cf2d416fffff,15,2,22.618774,88.309323,0.7566,6366.4,0.5617,0.5668,0.3287,0.8669,0.5573
893cf289143ffff,17,3,22.618548,88.429613,0.716,3342.9,0.6707,0.5998,0.305,0.3705,0.6572
893cf28940fffff,7,4,22.632018,88.395224,0.9773,696.5,0.3553,0.7337,0.553,0.1592,0.7521
893cf2d59d3ffff,8,6,22.578064,88.320543,0.5932,3286.0,0.8348,0.6212,0.6338,0,0.6126
893cf2c4557ffff,17,4,22.53266,88.406497,0.8114,4566.5,0.7389,0.7059,0.2812,0.0284,0.6378
893cf2c65c3ffff,18,3,22.589864,88.371211,0.7001,619.6,0.6728,0.6042,0.2441,0.3937,0.7056
893cf2c68cfffff,14,2,22.564097,88.433961,0.7386,1395.9,0.4918,0.6514,0.2991,0.0037,0.7275
893cf2c6573ffff,11,3,22.584314,88.382386,0.6874,1331.2,0.3881,0.5685,0.314,0.0335,0.6085
893cf2c74abffff,18,6,22.53534,88.324893,0.574,1871.8,0.8092,0.5124,0.1509,0.6897,0.5471
893cf2c7067ffff,14,1,22.509327,88.346396,0.7727,2156.3,0.2154,0.6541,0.2489,0.4872,0.5601
893cf2d5977ffff,4,2,22.571335,88.33773,0.6075,1624.8,0.0752,0.4651,0.295,0.1862,0.5174
893cf2d4957ffff,19,6,22.623035,88.3643,0.5935,2962.7,0.7246,0.5779,0.2443,0.0949,0.5829
893cf2d5acbffff,8,4,22.543436,88.292249,0.7396,4485.3,0.679,0.4529,0.4148,0.3428,0.6194
893cf2c2b23ffff,14,3,22.501704,88.300035,0.589,350.5,0.4746,0.5864,0.3746,0.9724,0.6622
893cf2c6507ffff,3,0,22.590676,88.384098,0.7116,1041.3,0.1974,0.6124,0.3334,0.5221,0.5715
893cf2d5d53ffff,2,0,22.58579,88.306791,0.7119,4717.6,0.0782,0.5803,0.3357,0.4782,0.5002
893cf2c7663ffff,18,6,22.501335,88.318926,0.599,2100.4,0.6762,0.5562,0.3798,0.4644,0.6304
893cf289537ffff,2,0,22.644175,88.427011,0.6051,3284.5,0.0675,0.5507,0.3679,0.9165,0.4589
893cf2c687bffff,14,6,22.557544,88.441701,0.8103,2753.1,0.5305,0.5085,0.3711,0.369,0.6226
893cf2895a3ffff,4,4,22.648539,88.421849,0.6195,3093.5,0.1541,0.6248,0.4059,1.0802,0.468
893cf2c4137ffff,11,1,22.524537,88.439153,0.814,5287.9,0.5016,0.6654,0.2744,0.7496,0.5497
893cf28b2cbffff,14,6,22.646475,88.364273,0.69,3856.2,0.4841,0.595,0.2522,0.6173,0.5464
893cf289147ffff,20,1,22.619545,88.43305,0.7449,3620.0,0.6345,0.6239,0.2816,0.1551,0.6137
893cf2c6c53ffff,12,0,22.576204,88.415045,0.7742,1079.8,0.4259,0.5774,0.4043,0.2584,0.7137
893cf2c4197ffff,21,1,22.532281,88.425398,0.6753,4181.9,0.3494,0.5243,0.351,0.7182,0.5127
893cf2c55a7ffff,23,2,22.493662,88.383345,0.6548,6350.5,0.1085,0.5035,0.3901,0.68,0.3847
893cf2892c7ffff,9,2,22.597848,88.398697,0.8412,1701.8,0.7288,0.6115,0.2611,0.047,0.7421
893cf2c6863ffff,6,3,22.558541,88.445137,0.7881,2734.4,0.1479,0.5323,0.2793,0.7752,0.5414
893cf2d4ad7ffff,9,3,22.601327,88.329962,0.7185,4030.9,0.6962,0.575,0.2324,0.5627,0.569
893cf2c296bffff,14,6,22.513434,88.300019,0.7463,1574.6,0.484,0.4692,0.3309,0.4281,0.6391
893cf2c4037ffff,4,3,22.517557,88.415103,0.639,5721.3,0.0937,0.5811,0.304,1.2802,0.4214
893cf28920fffff,0,6,22.59448,88.407293,0.6791,3061.6,0.0347,0.6735,0.2587,0.4693,0.4871
893cf2d41d7ffff,19,2,22.631855,88.293843,0.6566,8470.6,0.5946,0.6608,0.3303,0.7444,0.5636
893cf2c401bffff,3,6,22.513567,88.401362,0.6314,6006.0,0.1961,0.5369,0.3274,1.0145,0.452
893cf289e5bffff,9,3,22.602268,88.444239,0.7277,4406.9,0.5977,0.5317,0.1808,0,0.5992
893cf2d43abffff,1,2,22.610415,88.300745,0.6545,6819.8,0.0185,0.7559,0.2095,1.6088,0.3944
893cf289387ffff,23,3,22.612188,88.4279,0.6461,3239.5,0.1699,0.6754,0.2245,0.323,0.5427
893cf2c4e73ffff,23,3,22.500879,88.448625,0.5827,8052.5,0.0136,0.7537,0.3373,0.026,0.4876
893cf2c62abffff,17,1,22.549322,88.372975,0.7111,1950.7,0.5464,0.5535,0.3422,0.0305,0.6033
893cf2c72cfffff,7,2,22.491602,88.325808,0.6825,2605.2,0.3779,0.6665,0.1773,0.6786,0.5526
893cf2896c3ffff,22,3,22.612127,88.3772,0.6776,1346.8,0.1597,0.5143,0.3278,0.5387,0.6059
893cf2896c3ffff,19,6,22.612127,88.3772,0.7456,1337.0,0.8441,0.7137,0.4465,0.33,0.709
893cf2d4b13ffff,9,1,22.607135,88.360022,0.724,1713.7,0.7678,0.6076,0.5114,0.5081,0.7122
893cf2c2b87ffff,19,3,22.510435,88.28972,0.6746,1500.1,0.6884,0.4657,0.348,0.7138,0.6891
893cf2c6563ffff,10,0,22.582132,88.384966,0.6966,1443.8,0.7579,0.6197,0.3056,0.0739,0.7093
893cf2d5a97ffff,23,1,22.557162,88.2991,0.7229,4246.7,0.025,0.6596,0.5206,1.1279,0.4718
893cf2d4ddbffff,14,0,22.641666,88.337643,0.9228,6456.4,0.4799,0.5666,0.3714,0.398,0.6284
893cf2895a3ffff,18,2,22.648539,88.421849,0.5952,2815.3,0.7749,0.5876,0.3214,0.6111,0.5558
893cf2c6e5bffff,5,3,22.550753,88.408197,0.6591,2389.9,0.0206,0.6883,0.3746,0.0133,0.6013
893cf2c45a3ffff,14,6,22.544201,88.415936,0.699,2705.9,0.4362,0.7354,0.3518,0.4818,0.5925
893cf2c2927ffff,1,3,22.524979,88.309449,0.669,2025.6,0,0.6223,0.4252,0.8808,0.5233
893cf289167ffff,10,1,22.619356,88.442504,0.9155,4420.0,0.765,0.6049,0.3338,0,0.6753
893cf2c70d7ffff,2,5,22.519246,88.330066,0.5893,250.4,0,0.3883,0.3423,3.3007,0.415
893cf2c653bffff,12,0,22.588493,88.386678,0.8654,1557.6,0.4306,0.6418,0.4279,0.5834,0.6829
893cf289267ffff,6,4,22.590113,88.412453,0.6158,2169.1,0.2854,0.5786,0.2606,0.3637,0.5114
893cf2c4e73ffff,18,1,22.500879,88.448625,0.6609,8212.5,0.5575,0.6268,0.3295,0.1408,0.5367
893cf2891c3ffff,11,4,22.626094,88.425309,0.6915,2580.3,0.4018,0.6309,0.2874,0.1064,0.6226
893cf289017ffff,17,4,22.622105,88.411562,0.8688,1004.1,0.766,0.7312,0.4424,0,0.7762
893cf2d5c6fffff,23,3,22.574249,88.297359,0.7535,5480.1,0.0365,0.6209,0.2751,0.852,0.443
893cf2c459bffff,10,6,22.543392,88.403049,0.6946,3437.3,0.7037,0.5982,0.311,0.3683,0.6377
893cf2c6c8fffff,10,3,22.586744,88.42105,0.791,1734.4,0.736,0.6109,0.2602,0.4953,0.6961
893cf2d580bffff,16,0,22.565523,88.307677,0.7266,4119.5,0.5634,0.5115,0.3846,0.4489,0.6019
893cf2c7083ffff,23,6,22.523427,88.334355,0.5976,454.8,0,0.5893,0.3103,1.9404,0.4814
893cf2c6d63ffff,22,4,22.58081,88.451133,0.6842,3718.1,0.1689,0.7546,0.3248,0.3912,0.5748
893cf289683ffff,17,5,22.619485,88.382348,0.6359,1903.9,0.803,0.4447,0.271,0.5776,0.632
893cf2d588bffff,22,1,22.573067,88.303372,0.637,4070.3,0.1625,0.6446,0.1787,0.7496,0.4012
893cf2c4083ffff,18,6,22.522116,88.400494,0.6786,5607.7,0.601,0.5426,0.2779,0,0.5164
893cf2c0d3bffff,17,3,22.485422,88.314654,0.798,1858.3,0.7112,0.4795,0.1985,0.0889,0.6374
893cf2c551bffff,7,0,22.484302,88.371331,0.7243,5478.8,0.2331,0.3654,0.2773,0.0545,0.4974
893cf2c44b7ffff,16,4,22.540399,88.392743,0.7016,4139.0,0.5734,0.6084,0.2923,0.387,0.6193
893cf2c0d0fffff,4,3,22.484422,88.311221,0.7198,1850.4,0.0235,0.451,0.2784,0.6595,0.5426
893cf2c4edbffff,22,6,22.505443,88.434015,0.5779,7084.8,0.0173,0.5344,0.287,0.3983,0.4525
893cf2c703bffff,14,4,22.514693,88.344672,0.8356,1644.4,0.5567,0.6647,0.2195,0.3415,0.7081
893cf2d49cbffff,15,5,22.624218,88.358284,0.7559,3543.0,0.5732,0.5049,0.365,0.0589,0.6203
893cf2d4987ffff,14,2,22.635754,88.367722,0.8928,3655.8,0.5189,0.5542,0.3131,0.3324,0.6157
893cf2c4137ffff,10,0,22.524537,88.439153,0.7703,5195.2,0.5656,0.5122,0.3922,0,0.5681
893cf2c63bbffff,14,4,22.558491,88.394442,0.8387,2722.6,0.4695,0.5714,0.3017,0.3862,0.5967
893cf2c76d3ffff,15,3,22.511251,88.302598,0.7943,1422.1,0.3701,0.7292,0.3954,0.3936,0.6503
893cf2d4267ffff,15,0,22.592695,88.280157,0.6343,7720.8,0.6028,0.5495,0.329,0.501,0.5158
893cf28908fffff,20,6,22.624287,88.408982,0.685,1053.9,0.7617,0.575,0.4909,0.6112,0.6494
893cf28940fffff,1,5,22.632018,88.395224,0.8549,665.4,0.1784,0.6804,0.597,0.4911,0.7224
893cf2d456fffff,21,3,22.634034,88.291263,0.6885,9056.1,0.3776,0.6493,0.3037,0.8725,0.564
893cf2895a3ffff,1,5,22.648539,88.421849,0.5514,3053.6,0.0607,0.5973,0.2228,0.8726,0.4273
893cf2d59a7ffff,15,4,22.584058,88.341151,0.7393,2919.0,0.5596,0.676,0.2826,0.6883,0.6621
893cf2c6387ffff,22,4,22.560675,88.391863,0.7008,2552.5,0,0.5209,0.3726,0.436,0.5549
893cf2c426fffff,6,3,22.482547,88.405689,0.6495,8408.5,0.4165,0.5864,0.268,0.7079,0.4354
893cf2c4323ffff,15,2,22.499077,88.432303,0.7755,7885.6,0.6503,0.6555,0.3399,0.2188,0.6035
893cf289537ffff,1,2,22.644175,88.427011,0.7032,3146.3,0.0842,0.6369,0.3264,0.2011,0.5744
893cf2c2bbbffff,14,1,22.508252,88.292299,0.7108,888.4,0.5755,0.5003,0.3194,0.1278,0.6741
893cf2c714bffff,22,6,22.512323,88.356698,0.6723,3140.7,0.122,0.6365,0.3169,0.8348,0.5357
893cf28b277ffff,9,3,22.645108,88.379742,0.7933,2756.5,0.5968,0.5472,0.3745,0,0.6535
893cf2d4bcbffff,22,2,22.601958,88.352296,0.5712,2261.4,0.0782,0.5723,0.2991,0.6497,0.4219
893cf2c2967ffff,14,3,22.517616,88.304307,0.7664,2009.2,0.4423,0.5315,0.3653,0,0.6425
893cf2c408bffff,2,6,22.518934,88.399638,0.6432,5807.6,0.0542,0.5558,0.3525,0.4563,0.4627
893cf2c6613ffff,6,6,22.562605,88.348049,0.6286,755.4,0.2602,0.7343,0.2899,0.6638,0.5364
893cf2891d7ffff,6,0,22.629274,88.426165,0.7054,2748.1,0.2056,0.5559,0.3567,0.0282,0.5852
893cf2c75c3ffff,13,6,22.538337,88.335195,0.5993,1563.4,0.4508,0.5224,0.4561,0.7629,0.5909
893cf2d48dbffff,7,6,22.619408,88.331657,0.7285,4928.1,0.3751,0.477,0.2273,0.7219,0.4429
893cf2c68a3ffff,12,5,22.573451,88.445983,0.6188,3068.3,0.574,0.6519,0.2629,0,0.5802
893cf2c413bffff,7,0,22.520358,88.434861,0.85,5589.4,0.2608,0.516,0.3184,0.6841,0.5231
893cf2c6ebbffff,5,1,22.565474,88.418493,0.5735,523.7,0.1631,0.6232,0.3105,0.0778,0.5845
893cf2c4493ffff,21,3,22.539589,88.379858,0.7128,3328.8,0.3353,0.5054,0.284,0.5163,0.4937
893cf2c6c8fffff,3,1,22.586744,88.42105,0.6019,1845.5,0.1045,0.6922,0.3275,0.4183,0.6032
893cf2c73c7ffff,12,3,22.501777,88.350699,0.7772,3051.8,0.5449,0.5375,0.3109,0.8607,0.6163
893cf2c2b17ffff,14,6,22.50507,88.291445,0.5318,1387.8,0.5021,0.4502,0.1591,0.6071,0.5712
893cf2c6333ffff,4,0,22.554124,88.399602,0.6894,2984.2,0.0581,0.5743,0.2001,0.5407,0.5206
893cf2892b7ffff,0,4,22.607201,88.410718,0.5086,2845.3,0.2452,0.5861,0.2706,0.9791,0.4787
893cf2896afffff,21,0,22.617116,88.39438,0.6583,1299.0,0.585,0.7834,0.2694,0,0.6623
893cf2c6507ffff,22,6,22.590676,88.384098,0.8203,1288.0,0.2438,0.6302,0.4583,0.4198,0.6989
893cf2c5cd7ffff,15,0,22.480361,88.408268,0.6832,9117.5,0.525,0.5617,0.3292,0.4847,0.5275
893cf2d4a8bffff,1,6,22.602326,88.333396,0.6664,3581.5,0.1922,0.5473,0.3677,0.7404,0.4663
893cf289233ffff,22,4,22.598658,88.411586,0.7165,3418.4,0,0.6327,0.2261,0.6842,0.4788
893cf2d4923ffff,4,6,22.627028,88.378043,0.7035,2410.4,0.0988,0.5115,0.1988,1.1678,0.5227
893cf2c42dbffff,7,0,22.491477,88.385924,0.7293,6484.1,0.2437,0.508,0.2809,0.6225,0.522
893cf2d4c67ffff,0,1,22.628948,88.334222,0.6369,5560.0,0.0507,0.5286,0.3038,0.7318,0.4093
893cf2d492fffff,2,6,22.624847,88.380623,0.6606,2388.0,0.1228,0.62,0.3751,1.5014,0.4871
893cf2d588bffff,14,1,22.573067,88.303372,0.8701,4689.3,0.5281,0.5814,0.3173,0.5175,0.5793
893cf2c45abffff,20,1,22.541019,88.41508,0.6579,3355.0,0.7336,0.6472,0.3205,0.6412,0.5769
893cf289203ffff,13,1,22.596663,88.404713,0.6824,2501.1,0.5196,0.6158,0.304,0.3156,0.6133
893cf2c64b3ffff,3,1,22.592232,88.359181,0.637,803.8,0.0052,0.6358,0.2887,0.3714,0.6414
893cf2d6b4fffff,5,0,22.648207,88.329902,0.6302,7359.0,0.104,0.6158,0.2037,0.4861,0.3977
893cf2d4b33ffff,3,3,22.60695,88.369473,0.6295,1046.6,0.1496,0.5162,0.4562,0.6685,0.566
893cf2890d3ffff,3,3,22.621294,88.398672,0.6528,1178.0,0.1531,0.7968,0.6157,0.3565,0.6728
893cf2d4c47ffff,11,1,22.62913,88.324772,0.74,6431.6,0.5261,0.5561,0.2647,0.2941,0.5404
893cf2891d7ffff,11,4,22.629274,88.426165,0.6584,2704.9,0.5256,0.5816,0.3149,0.3896,0.6448
893cf2d580bffff,18,0,22.565523,88.307677,0.6033,3628.0,0.7946,0.5423,0.3365,0,0.6502
893cf2c60d3ffff,7,2,22.569781,88.362643,0.8969,782.3,0.3596,0.4737,0.3833,1.0344,0.6007
893cf2d4b13ffff,2,4,22.607135,88.360022,0.7488,1817.1,0.1091,0.4683,0.3902,1.1248,0.5429
893cf2c64b7ffff,4,1,22.59323,88.362616,0.7027,467.2,0,0.724,0.4872,1.024,0.6149
893cf2c66a3ffff,7,6,22.567784,88.355773,0.68,782.8,0.2703,0.4582,0.4333,0.6688,0.6013
893cf289157ffff,14,2,22.621728,88.43047,0.7534,3294.0,0.3989,0.6275,0.2757,0.7096,0.5235
893cf2d4ab7ffff,20,3,22.608503,88.344557,0.6187,2915.2,0.7457,0.6483,0.3462,0.3291,0.6199
893cf28b35bffff,13,3,22.648102,88.390051,0.8343,2281.9,0.5681,0.5628,0.3577,0.4034,0.7143
893cf2d5b77ffff,4,5,22.549066,88.331746,0.6065,1193.6,0.0003,0.5877,0.3382,1.0649,0.5229
893cf2d5a33ffff,14,1,22.548434,88.309417,0.7795,3421.9,0.4843,0.6102,0.2989,0.5288,0.6187
893cf2896cbffff,14,4,22.608946,88.376345,0.7293,1059.5,0.4659,0.5683,0.4787,0.4206,0.6188
893cf2c7173ffff,19,3,22.517502,88.364422,0.5848,2913.4,0.6178,0.5938,0.3238,0.4337,0.5444
893cf289233ffff,5,3,22.598658,88.411586,0.6176,2940.4,0.0895,0.6109,0.2643,0.7937,0.5004
893cf2c7193ffff,7,4,22.532601,88.355815,0.7202,726.5,0.3752,0.668,0.3499,0.618,0.6388
893cf2c6227ffff,22,4,22.545953,88.381569,0.6691,2671.9,0.0986,0.555,0.2289,0.1156,0.5309
893cf2c623bffff,5,4,22.543956,88.374699,0.5932,2356.8,0.0878,0.673,0.319,0.6404,0.5148
893cf2c6893ffff,13,0,22.575825,88.43395,0.7369,1322.4,0.3851,0.4916,0.2133,0.3476,0.5832
893cf2c4557ffff,18,2,22.53266,88.406497,0.7392,4304.4,0.5078,0.6643,0.3641,0.4165,0.5784
893cf2d5babffff,14,2,22.557611,88.330876,0.8156,1322.6,0.563,0.5849,0.234,0.1882,0.6908
893cf28b2c3ffff,10,1,22.649655,88.365128,0.8576,3820.6,0.6057,0.5157,0.3805,0.4594,0.61
893cf2c76abffff,16,6,22.513066,88.318911,0.7868,1549.9,0.4866,0.5576,0.2727,0,0.6478
893cf2c2943ffff,13,6,22.516799,88.291428,0.7258,2420.5,0.3613,0.7234,0.2463,0.0406,0.6776
893cf2d5973ffff,20,0,22.570336,88.334296,0.8028,1841.0,0.6525,0.5254,0.3546,0.2672,0.7101
893cf2d5bcbffff,7,6,22.550433,88.316285,0.608,2861.6,0.358,0.5876,0.2723,0.1895,0.562
893cf2c2bbbffff,8,3,22.508252,88.292299,0.6087,1160.1,0.6533,0.6424,0.3228,0.4747,0.6342
893cf2d4323ffff,0,6,22.606054,88.305904,0.5551,6225.2,0.0852,0.7384,0.3506,1.2921,0.4328
893cf2894b7ffff,4,3,22.644736,88.398648,0.7115,1617.7,0.1229,0.556,0.5488,0.4454,0.662
893cf2c463bffff,11,0,22.506393,88.386767,0.8103,5267.1,0.5047,0.6115,0.2283,0.2695,0.5508
893cf2c618fffff,16,1,22.579761,88.396997,0.6753,2368.7,0.47,0.6729,0.2882,0.4945,0.6493
893cf2c4607ffff,15,2,22.508578,88.384187,0.7909,4651.2,0.3851,0.7365,0.3247,0.2197,0.5791
893cf2d49cbffff,12,0,22.624218,88.358284,0.7281,3714.7,0.453,0.5034,0.2717,0.0077,0.5565
893cf2d49cbffff,11,4,22.624218,88.358284,0.7511,3394.5,0.6171,0.6761,0.2585,0.3517,0.6265
893cf2c4493ffff,12,4,22.539589,88.379858,0.6569,3178.7,0.5358,0.6713,0.2789,0.1176,0.6476
893cf2d5dabffff,11,4,22.595149,88.318803,0.831,4699.6,0.5037,0.5871,0.3244,0.0209,0.6294
893cf2c6483ffff,10,1,22.590235,88.35231,0.8499,1445.9,0.6098,0.5951,0.4133,0.1104,0.7045
893cf2c7463ffff,11,1,22.523612,88.324908,0.7146,775.4,0.5194,0.5116,0.2149,0.9241,0.632
893cf2c401bffff,4,2,22.513567,88.401362,0.581,5746.3,0.0298,0.4504,0.2827,0.7054,0.4158
893cf2893c3ffff,17,3,22.603833,88.419314,0.6365,3297.2,0.6203,0.5044,0.2954,0,0.6388
893cf2c7073ffff,21,0,22.510512,88.340383,0.651,1869.1,0.307,0.483,0.151,0.1841,0.5859
893cf2c2977ffff,15,6,22.519798,88.301728,0.7778,1958.9,0.5173,0.5992,0.2759,0,0.6784
893cf2c459bffff,1,6,22.543392,88.403049,0.5556,3603.9,0.2097,0.5056,0.3658,0.3637,0.5305
893cf2c09b3ffff,20,3,22.480869,88.329256,0.6768,3775.6,0.7133,0.6387,0.258,0.0753,0.5791
893cf289273ffff,13,1,22.591299,88.406437,0.8893,2698.7,0.629,0.696,0.1885,0,0.6977
893cf2c432bffff,12,4,22.495894,88.431447,0.7478,8239.4,0.4365,0.6259,0.253,0.6363,0.5659
893cf2c6183ffff,3,0,22.581944,88.394418,0.7057,2425.0,0.1622,0.7684,0.2423,0.7161,0.6021
893cf2c6ed7ffff,14,5,22.562482,88.408185,0.7207,1317.5,0.4599,0.5652,0.3538,0.1245,0.692
893cf2c453bffff,19,6,22.535653,88.416803,0.8176,3846.1,0.6095,0.5088,0.2658,0.9676,0.5596
893cf2c5557ffff,21,5,22.481119,88.370476,0.576,6058.9,0.3477,0.7129,0.1934,0.6692,0.4707
893cf289697ffff,17,5,22.622665,88.383203,0.8735,1907.8,0.8618,0.6767,0.2165,0.2279,0.698
893cf2c4457ffff,14,0,22.525676,88.382451,0.7196,3963.0,0.4899,0.6067,0.2824,0.474,0.5883
893cf2c2827ffff,7,4,22.517982,88.285416,0.9558,2503.4,0.2451,0.6558,0.3762,0,0.6482
893cf2c0d0fffff,3,2,22.484422,88.311221,0.7526,2144.7,0.2377,0.5918,0.3198,0.5231,0.6049
893cf2c4687ffff,9,0,22.516129,88.379884,0.6103,4308.0,0.6743,0.6397,0.339,0.4782,0.6068
893cf28915bffff,6,6,22.617551,88.426176,0.6173,2687.9,0.3481,0.5279,0.3003,0.4172,0.54
893cf2d4e4bffff,3,0,22.602692,88.314498,0.6713,5353.7,0.1645,0.6531,0.4284,0.9708,0.5131
893cf2c446fffff,6,3,22.520121,88.393624,0.8816,4779.4,0.2341,0.456,0.3251,0.424,0.546
893cf2c76abffff,20,3,22.513066,88.318911,0.6506,1239.0,0.703,0.5628,0.2575,0.3941,0.6726
893cf2896c3ffff,6,2,22.612127,88.3772,0.761,1308.9,0.2753,0.5014,0.3631,0.3758,0.6371
893cf2d4357ffff,8,6,22.602055,88.292167,0.8221,7588.1,0.5607,0.5713,0.3342,0.0961,0.6204
893cf2c2b67ffff,21,1,22.495339,88.298327,0.6553,492.6,0.1481,0.5602,0.1553,1.8865,0.4938
893cf2d5e7bffff,6,1,22.553163,88.285366,0.8473,5597.1,0.1715,0.5208,0.2537,0.1571,0.5177
893cf2c7527ffff,10,6,22.538965,88.357526,0.9134,765.7,0.8064,0.5801,0.3923,0.5497,0.7691
893cf2d5acbffff,19,3,22.543436,88.292249,0.6466,4726.3,0.8255,0.6575,0.2983,0.15,0.5801
893cf2c432bffff,9,6,22.495894,88.431447,0.6858,8147.8,0.7748,0.5694,0.3757,0.3682,0.5469
893cf2d49d3ffff,8,5,22.629579,88.356559,0.608,4226.9,0.7263,0.5587,0.2107,0.013,0.5912
893cf28b25bffff,21,3,22.641115,88.365997,0.6702,3560.8,0.2173,0.5039,0.3637,1.0185,0.5099
893cf2c66a3ffff,22,1,22.567784,88.355773,0.628,1171.4,0.0745,0.5538,0.2939,0.8458,0.497
893cf2c4cdbffff,18,5,22.52772,88.440009,0.6528,5390.9,0.5661,0.5597,0.3085,0.4669,0.5166
893cf2896abffff,3,1,22.616119,88.390944,0.6903,1203.5,0.0254,0.739,0.3827,1.2138,0.5573
893cf2c5433ffff,4,0,22.480309,88.357595,0.6032,5320.9,0.2209,0.6357,0.2952,0.5924,0.4578
893cf2c623bffff,20,4,22.543956,88.374699,0.7854,1905.9,0.6972,0.6621,0.4142,1.2769,0.6496
893cf2d5babffff,4,0,22.557611,88.330876,0.6347,1124.5,0.1694,0.6087,0.2847,0.6772,0.526
893cf2c665bffff,19,4,22.552063,88.342049,0.6774,329.7,0.8074,0.6973,0.4021,0.3284,0.7235
893cf2c40cfffff,4,0,22.512569,88.397927,0.6688,5508.8,0.093,0.5516,0.2212,0.8536,0.3943
893cf2c6287ffff,14,2,22.553688,88.367816,0.7403,1163.7,0.3949,0.6229,0.3248,0.9024,0.6026
893cf2c43dbffff,6,4,22.498462,88.409968,0.6874,7647.0,0.3615,0.5271,0.1768,0.1365,0.4799
893cf2c4083ffff,8,6,22.522116,88.400494,0.7236,5807.7,0.7469,0.5128,0.4048,0.0849,0.5972
893cf2d412bffff,21,1,22.625133,88.311032,0.6203,6721.2,0.4228,0.5153,0.2999,0.5603,0.481
893cf2c660fffff,15,4,22.55824,88.353208,0.61,886.4,0.5168,0.4958,0.2876,0.7617,0.6163
893cf2892b7ffff,2,0,22.607201,88.410718,0.5495,2595.8,0.215,0.6027,0.4095,0.4214,0.5074
893cf2c425bffff,2,4,22.483924,88.390227,0.6324,7440.3,0.0487,0.4507,0.3616,1.1857,0.4035
893cf2c7067ffff,17,6,22.509327,88.346396,0.7231,2625.5,0.5703,0.5359,0.2637,0.4973,0.6169
893cf2d5b0fffff,10,6,22.551248,88.329167,0.7287,1351.0,0.6576,0.551,0.198,0.2288,0.6497
893cf2c7263ffff,11,2,22.48605,88.336978,0.7523,3813.7,0.4986,0.5654,0.3213,0.1928,0.6043
893cf2c5c8fffff,0,1,22.482356,88.415138,0.7199,9437.8,0.1872,0.4869,0.4349,0.606,0.4508
893cf2c70afffff,22,5,22.521058,88.346381,0.6171,1481.7,0.2362,0.6234,0.3086,0.6247,0.6087
893cf289163ffff,1,0,22.618359,88.439067,0.6944,4713.6,0.0766,0.5677,0.378,0.8686,0.4921
893cf2c71b3ffff,15,0,22.532415,88.365264,0.9048,1851.5,0.528,0.5934,0.2905,0,0.7061
893cf2c63cfffff,4,4,22.550132,88.38586,0.6094,2972.3,0.086,0.6684,0.2344,0.5073,0.5219
893cf28934bffff,14,5,22.593105,88.422762,0.732,2403.3,0.3855,0.6257,0.357,0.5628,0.6118
893cf2c4c4fffff,19,0,22.518978,88.450327,0.593,6546.1,0.723,0.674,0.4041,0.7221,0.5439
893cf2d40afffff,13,5,22.626675,88.28612,0.7979,8853.7,0.3351,0.6979,0.2659,0.1332,0.5686
893cf2c7073ffff,22,5,22.510512,88.340383,0.6334,1158.3,0.2369,0.7057,0.2825,0.2618,0.5942
893cf289203ffff,5,3,22.596663,88.404713,0.5933,2866.6,0.0528,0.5214,0.1595,0.741,0.4849
893cf2c6e8fffff,9,4,22.564477,88.415057,0.6795,879.3,0.7367,0.6668,0.2774,0,0.7089
893cf2d580fffff,20,1,22.566523,88.311111,0.6104,3525.6,0.8264,0.5217,0.2481,0.432,0.6028
893cf2c6dd3ffff,5,2,22.590733,88.434796,0.7305,3108.2,0.1141,0.5688,0.3631,0.7406,0.5064
893cf2c456fffff,15,4,22.527104,88.417671,0.6998,4554.4,0.5952,0.6075,0.2166,0.6899,0.577
893cf2891c3ffff,21,5,22.626094,88.425309,0.7044,2469.7,0.513,0.7207,0.3071,0.5971,0.6004
893cf2c68a3ffff,20,2,22.573451,88.445983,0.6229,2897.7,0.677,0.5296,0.2372,0.3197,0.6786
893cf2c5d57ffff,10,0,22.479787,88.436616,0.6851,10333.0,0.6771,0.5401,0.2592,1.1276,0.5445
893cf2d4b6fffff,2,2,22.595227,88.369487,0.593,465.4,0.0424,0.7189,0.3342,0.3548,0.614
893cf289297ffff,17,6,22.607389,88.401265,0.8582,2207.7,0.7011,0.5452,0.3787,0.5659,0.6996
893cf2c4607ffff,0,2,22.508578,88.384187,0.697,4984.7,0,0.5678,0.2942,0.9626,0.4296
893cf2c5493ffff,19,2,22.488047,88.343845,0.7166,3749.4,0.6875,0.6029,0.3831,0.5753,0.6472
893cf2d41bbffff,6,1,22.634853,88.304147,0.7638,7838.7,0.0495,0.6354,0.3393,0.2198,0.5062
893cf2c463bffff,4,5,22.506393,88.386767,0.6474,5074.2,0.0495,0.4997,0.4039,0.4727,0.452
893cf2c71b3ffff,17,5,22.532415,88.365264,0.6482,2063.6,0.5565,0.6087,0.1829,0,0.626
893cf2c4557ffff,15,2,22.53266,88.406497,0.7264,4696.4,0.4957,0.6464,0.2619,0.0292,0.6241
893cf2c401bffff,8,4,22.513567,88.401362,0.8591,6176.0,0.7218,0.586,0.3883,0.6352,0.5888
893cf2c4047ffff,12,5,22.5082,88.403086,0.6692,6813.1,0.5784,0.459,0.2411,0.7687,0.4591
893cf2d4bafffff,0,3,22.61013,88.370329,0.6639,1686.3,0.0368,0.6971,0.3289,1.0665,0.5466
893cf2c2b6fffff,19,6,22.492156,88.297473,0.6353,782.5,0.5862,0.6058,0.2592,0.6933,0.6497
893cf2c4117ffff,19,6,22.524728,88.429701,0.6595,5139.5,0.5921,0.5076,0.4349,0.3168,0.5506
893cf2d5c9bffff,5,2,22.590515,88.282736,0.609,7184.1,0,0.5238,0.2261,0.1524,0.4304
893cf2c413bffff,17,0,22.520358,88.434861,0.8259,5948.5,0.7682,0.5519,0.3191,0.7124,0.5694
893cf2c76d3ffff,21,3,22.511251,88.302598,0.4876,1542.4,0.2006,0.5881,0.252,1.0075,0.4529
893cf2c70d7ffff,21,6,22.519246,88.330066,0.4834,50,0.2607,0.5646,0.4011,2.4293,0.5156
893cf2c4c9bffff,22,2,22.535081,88.445158,0.6239,4516.0,0.2746,0.5655,0.2986,0.2082,0.4918
893cf289267ffff,15,1,22.590113,88.412453,0.7499,2261.3,0.4916,0.55,0.2882,0.1637,0.6121
893cf289cd7ffff,8,0,22.636252,88.450225,0.8616,5238.7,0.5942,0.6358,0.1963,0.2745,0.5716
893cf2c7577ffff,2,4,22.533786,88.349801,0.6583,661.3,0.023,0.5592,0.2312,1.2172,0.5209
893cf2c68abffff,23,6,22.570269,88.445127,0.7298,2595.9,0.3273,0.6822,0.3642,1.1109,0.586
893cf2c64b7ffff,12,4,22.59323,88.362616,0.7404,502.3,0.4435,0.5648,0.4365,0.0488,0.7027
893cf2d4c57ffff,13,4,22.631311,88.322192,0.6726,6678.5,0.4868,0.7334,0.3034,0.4068,0.5333
893cf2d4ac7ffff,3,6,22.599146,88.332541,0.5613,3619.4,0.1675,0.5508,0.321,1.0804,0.4693
893cf2c4493ffff,11,1,22.539589,88.379858,0.7574,2939.6,0.5524,0.5739,0.2723,0.0467,0.6535
893cf2c721bffff,10,6,22.492601,88.329242,0.6922,2970.2,0.6293,0.5712,0.289,0.3429,0.6149
893cf2c6c93ffff,19,5,22.591111,88.41589,0.6815,2122.1,0.8684,0.4693,0.308,0.4901,0.6578
893cf2d495bffff,6,1,22.618857,88.360009,0.8623,2586.4,0.2835,0.5454,0.2567,0.1115,0.6174
893cf2c63bbffff,13,6,22.558491,88.394442,0.6995,2817.5,0.632,0.6532,0.3608,0.3553,0.6212
893cf2c728bffff,9,3,22.497968,88.327517,0.7263,2495.4,0.6878,0.6279,0.2458,0.3049,0.6786
893cf2c74abffff,7,0,22.53534,88.324893,0.8102,1601.6,0.2502,0.622,0.3654,0.5291,0.6262
893cf2d4b53ffff,20,4,22.599776,88.354876,0.6004,1648.9,0.8386,0.5629,0.437,0.8053,0.6507
893cf2d4d67ffff,12,6,22.635939,88.35827,0.8145,4420.9,0.4435,0.7073,0.2765,0,0.55
893cf2c551bffff,11,6,22.484302,88.371331,0.688,5813.7,0.6161,0.5963,0.3397,0,0.5075
893cf2d489bffff,1,4,22.626767,88.336802,0.3869,4966.7,0.0837,0.6909,0.288,0.766,0.3731
893cf2c6a87ffff,18,4,22.552369,88.433972,0.7115,2441.7,0.6937,0.5519,0.2541,0.4661,0.649
893cf2d5b6fffff,13,6,22.543702,88.333471,0.7619,1561.6,0.5179,0.6275,0.3161,0.1115,0.6587
893cf2c60d3ffff,14,2,22.569781,88.362643,0.598,1645.9,0.4692,0.5877,0.3651,0.9431,0.643
893cf2d41a7ffff,12,2,22.636852,88.311017,0.7521,7811.0,0.4745,0.6029,0.2515,0.3866,0.4915
893cf2c732bffff,23,2,22.497222,88.365304,0.7128,4252.9,0,0.6039,0.4179,0.8137,0.4759
893cf2c432bffff,20,0,22.495894,88.431447,0.6541,8638.6,0.8006,0.6388,0.2602,1.0108,0.5349
893cf2892b7ffff,23,3,22.607201,88.410718,0.5333,2855.1,0.2026,0.5384,0.4781,0.7933,0.4666
893cf28912fffff,15,1,22.623533,88.446798,0.6627,4993.4,0.4165,0.5979,0.4126,0,0.5223
893cf2c7263ffff,1,0,22.48605,88.336978,0.7554,3608.4,0,0.615,0.3569,0.6926,0.5432
893cf2c466fffff,4,4,22.497843,88.387635,0.6809,5944.6,0.0821,0.6644,0.3668,0.8848,0.4029
893cf289e53ffff,16,5,22.605449,88.445095,0.7611,4484.1,0.5363,0.4025,0.206,0.4846,0.5187
893cf2c4133ffff,21,2,22.52354,88.435717,0.6792,5584.6,0.3936,0.6554,0.3725,0.7721,0.5204
893cf2d588bffff,2,2,22.573067,88.303372,0.7371,4423.0,0.1927,0.5159,0.4214,0.8628,0.4939
893cf2c41c7ffff,1,0,22.522734,88.42283,0.5727,5390.5,0.1151,0.5953,0.3904,0.7245,0.5038
893cf2c4543ffff,13,1,22.529478,88.405641,0.7877,4149.1,0.6062,0.6275,0.1888,0.8423,0.5912
893cf2c76b3ffff,19,1,22.518431,88.317186,0.756,1079.3,0.7714,0.5965,0.2347,0,0.7344
893cf2d5cc7ffff,11,4,22.585154,88.284462,0.7893,6961.2,0.5883,0.7535,0.2931,0.3722,0.5678
893cf2c4e47ffff,11,6,22.499882,88.445189,0.7131,8337.8,0.5114,0.5969,0.2477,0,0.5326
893cf2c418bffff,0,5,22.525916,88.423686,0.6216,4886.0,0.1415,0.5432,0.3503,0.6799,0.4577
893cf2c7063ffff,10,4,22.508329,88.342962,0.5868,1653.9,0.5807,0.607,0.2102,0,0.5908
893cf2893c3ffff,6,4,22.603833,88.419314,0.8851,3577.6,0.3055,0.6319,0.3651,0.6368,0.5383
893cf289e43ffff,15,3,22.603265,88.447676,0.7623,4737.5,0.5107,0.6524,0.3583,0.3628,0.5946
893cf2d5bd7ffff,20,1,22.556796,88.317994,0.5683,2648.0,0.7739,0.633,0.376,0.6287,0.5974
893cf2c6107ffff,19,3,22.575395,88.402157,0.7034,1672.6,0.791,0.5838,0.3433,0.4,0.6608
893cf289203ffff,16,0,22.596663,88.404713,0.7814,2629.3,0.4535,0.6618,0.2973,0,0.6774
893cf2c75c3ffff,6,1,22.538337,88.335195,0.7428,1587.1,0.4786,0.5466,0.407,0.0302,0.691
893cf2c5c93ffff,9,2,22.486727,88.409979,0.7705,8848.1,0.6414,0.5606,0.302,0.2482,0.57
893cf2c2d3bffff,5,3,22.538255,88.284529,0.7717,4618.7,0.0629,0.5403,0.3024,0.6781,0.4756
893cf2d492fffff,10,6,22.624847,88.380623,0.8341,2192.3,0.6464,0.6061,0.3303,0.0568,0.6373
893cf2c6387ffff,13,4,22.560675,88.391863,0.5795,3038.0,0.5216,0.5394,0.2658,0,0.5982
893cf2d4ddbffff,15,3,22.641666,88.337643,0.7346,6137.4,0.5276,0.6099,0.2963,0.2427,0.5481
893cf2c665bffff,11,4,22.552063,88.342049,0.6383,411.3,0.6474,0.6704,0.6922,0.1429,0.7711
893cf2c612fffff,21,6,22.572025,88.410753,0.6045,1164.8,0.116,0.5456,0.3106,0.7905,0.5248
893cf2c4407ffff,5,4,22.530854,88.390176,0.5728,4464.9,0.0641,0.5015,0.3056,0.3161,0.43
893cf2c4223ffff,4,1,22.492096,88.408256,0.5674,8156.6,0.2853,0.6132,0.2435,0.5702,0.4546
893cf2d4ad7ffff,6,4,22.601327,88.329962,0.6586,3937.0,0.199,0.727,0.3229,0.0983,0.4959
893cf2d453bffff,13,1,22.642573,88.290392,0.7494,9861.9,0.4814,0.6847,0.3212,0.4557,0.5174
893cf2c45abffff,0,5,22.541019,88.41508,0.657,2962.2,0.0701,0.5767,0.3941,0.6337,0.4969
893cf2d496fffff,11,5,22.617489,88.375476,0.6978,2110.7,0.6415,0.6115,0.381,0.6032,0.6612
893cf2c291bffff,14,1,22.523163,88.293136,0.7462,2589.4,0.4272,0.6129,0.264,0.8841,0.5254
893cf2c401bffff,16,4,22.513567,88.401362,0.7431,6077.7,0.4813,0.5933,0.2934,0.5232,0.5572
893cf28961bffff,19,4,22.610943,88.383216,0.6331,1450.4,0.7046,0.6581,0.38,0.405,0.7115
893cf2d4923ffff,3,0,22.627028,88.378043,0.661,2138.5,0.1324,0.6767,0.2357,0.0289,0.607
893cf2c649bffff,14,4,22.589236,88.348875,0.8844,1638.8,0.4458,0.6586,0.2096,0.633,0.6831
893cf28918bffff,19,2,22.630271,88.429602,0.6671,3505.5,0.6482,0.6682,0.4778,0.3962,0.6117
893cf289517ffff,0,4,22.644363,88.417556,0.622,2608.2,0,0.6686,0.2811,0.4901,0.5619
893cf2c757bffff,2,0,22.529605,88.345512,0.6611,1333.5,0.2184,0.5368,0.3606,0.8104,0.6016
893cf2d4943ffff,9,2,22.619856,88.363444,0.7594,2907.0,0.6706,0.71,0.3147,0.193,0.6645
893cf2c64b3ffff,19,1,22.592232,88.359181,0.6154,678.3,0.7043,0.7055,0.3648,0.2758,0.7113
893cf2c4473ffff,11,3,22.524489,88.388465,0.7686,4219.2,0.5813,0.6662,0.2919,0.5578,0.6254
893cf2d496fffff,22,6,22.617489,88.375476,0.5817,1948.5,0.1473,0.5906,0.2869,0.4984,0.5156
893cf2d588bffff,1,2,22.573067,88.303372,0.6306,4643.5,0,0.5677,0.2855,0.7597,0.4501
893cf289517ffff,12,6,22.644363,88.417556,0.8217,2515.7,0.7143,0.6544,0.3596,0.4796,0.6506
893cf2d5953ffff,17,3,22.57052,88.324847,0.8606,2296.2,0.7633,0.6687,0.2314,0,0.7219
893cf2c2dbbffff,3,1,22.5458,88.280224,0.5232,5304.7,0.1767,0.6487,0.3143,0.3394,0.4499
893cf2c09a7ffff,16,4,22.479684,88.335269,0.6277,4319.0,0.5593,0.7099,0.4038,0.698,0.5892
893cf2c688bffff,21,0,22.57046,88.435674,0.6342,2007.3,0.2459,0.6293,0.3785,0.5636,0.5641
893cf2c6423ffff,22,0,22.582504,88.366065,0.6706,431.8,0.1061,0.7123,0.4812,0.7709,0.6063
893cf2c7663ffff,16,1,22.501335,88.318926,0.7121,2123.3,0.5238,0.5626,0.3333,0.8189,0.5782
893cf2c6c8fffff,0,3,22.586744,88.42105,0.5926,2123.8,0.0002,0.5885,0.2446,1.193,0.4917
893cf2d4e57ffff,3,5,22.609052,88.316208,0.5963,5188.0,0.2014,0.5312,0.2985,0.6452,0.4799
893cf2c665bffff,6,2,22.552063,88.342049,0.6377,349.9,0.2065,0.5706,0.5151,0.4472,0.5913
893cf2d5b97ffff,0,0,22.564157,88.323138,0.7238,1874.1,0.0836,0.7103,0.3934,0.813,0.5508
893cf2c4037ffff,9,4,22.517557,88.415103,0.6539,6275.7,0.7255,0.5514,0.3367,0.4118,0.5728
893cf2d5bd7ffff,4,4,22.556796,88.317994,0.6843,2255.8,0.1356,0.73,0.334,0.3577,0.5531
893cf2c65a3ffff,2,6,22.597037,88.385809,0.6969,687.2,0.137,0.7799,0.5596,0.6369,0.6403
893cf2c6a43ffff,14,0,22.53646,88.42969,0.6942,3865.6,0.568,0.6272,0.2685,0.3046,0.605
893cf2d5993ffff,21,2,22.585425,88.325687,0.6781,3974.7,0.341,0.5758,0.3827,0.8612,0.4768
893cf28908fffff,7,1,22.624287,88.408982,0.9488,1198.2,0.4328,0.5784,0.4166,0.3993,0.7393
893cf2890afffff,20,1,22.624099,88.418435,0.6634,1791.1,0.7111,0.6416,0.3161,0.9772,0.6424
893cf2d4c4bffff,3,2,22.624951,88.320482,0.6602,6330.7,0,0.6465,0.3116,0.9107,0.4511
893cf2d5867ffff,9,0,22.562159,88.31627,0.6707,2817.2,0.6666,0.6845,0.1793,0.641,0.6018
893cf2c2bcfffff,16,6,22.499888,88.283725,0.7549,1768.1,0.6221,0.7568,0.1969,0.2874,0.6771
893cf2c6cabffff,5,5,22.585558,88.427066,0.5896,1715.6,0.0116,0.6806,0.3958,0.1444,0.5745
893cf2882c7ffff,14,3,22.649348,88.434741,0.6308,4038.9,0.6128,0.5243,0.2649,0.432,0.5755
893cf2c09b7ffff,4,3,22.481868,88.33269,0.5692,4057.8,0,0.6767,0.3762,0.6934,0.4592
893cf2c4493ffff,3,0,22.539589,88.379858,0.6026,3227.7,0.1692,0.5856,0.4271,0.2892,0.5307
893cf2c5433ffff,11,1,22.480309,88.357595,0.611,5372.1,0.6066,0.7359,0.3012,0.1551,0.5518
893cf28901bffff,5,3,22.617927,88.407269,0.6645,1269.6,0.1836,0.7304,0.4642,0.4181,0.6562
893cf2d48a7ffff,18,6,22.628581,88.353124,0.6626,3946.5,0.7302,0.5858,0.3117,0.1812,0.617
893cf2d4813ffff,5,6,22.622405,88.341962,0.8294,4267.0,0.1422,0.6264,0.37,0.5307,0.5396
893cf2d5a33ffff,10,6,22.548434,88.309417,0.6924,3479.7,0.714,0.8384,0.4615,0,0.6962
893cf2d4b33ffff,4,5,22.60695,88.369473,0.6135,1375.9,0.1533,0.6996,0.4687,0.8742,0.5669
893cf2c68cfffff,18,1,22.564097,88.433961,0.4887,1948.6,0.6706,0.692,0.3758,0.5492,0.6322
893cf2c2b87ffff,2,1,22.510435,88.28972,0.6399,1703.7,0.0605,0.7026,0.361,1.2246,0.5394
893cf2c4e4fffff,9,5,22.496699,88.444333,0.8133,8347.3,0.7095,0.4514,0.2607,0.6847,0.5747
893cf2890afffff,0,5,22.624099,88.418435,0.5222,2142.5,0.0595,0.6359,0.2635,0.7707,0.4879
893cf2d4eabffff,20,0,22.61741,88.324787,0.8179,4946.9,0.4059,0.6687,0.2512,0.3977,0.5334
893cf2c6d73ffff,11,6,22.582994,88.448553,0.622,3346.4,0.5379,0.72,0.275,0.1181,0.6506
893cf2c613bffff,23,5,22.573211,88.404737,0.495,1628.5,0.0932,0.5818,0.3843,1.1394,0.4754
893cf2d580bffff,20,6,22.565523,88.307677,0.6635,3258.4,0.7591,0.6704,0.2854,1.0556,0.6021
893cf2c611bffff,9,1,22.573399,88.395286,0.7267,2624.7,0.5021,0.5667,0.315,0,0.6212
893cf2d419bffff,21,3,22.635034,88.294698,0.6097,8848.4,0.2402,0.6073,0.2954,0.7331,0.4576
893cf2d453bffff,11,5,22.642573,88.290392,0.6764,9243.3,0.5762,0.5368,0.3041,0.8675,0.494
893cf28b35bffff,8,0,22.648102,88.390051,0.7896,2228.5,0.729,0.7008,0.2601,0.1495,0.6619
893cf289167ffff,9,3,22.619356,88.442504,0.65,4328.8,0.736,0.6418,0.4287,0.3831,0.572
893cf2c742bffff,9,0,22.527793,88.329197,0.7131,685.9,0.7188,0.5535,0.2204,0.94,0.6313
893cf2d4ad3ffff,8,1,22.600328,88.326527,0.7861,3755.8,0.6766,0.6299,0.3162,0.6229,0.642
893cf2c456bffff,1,2,22.526106,88.414235,0.6315,5317.1,0.1703,0.4147,0.3781,0.6308,0.4692
893cf289577ffff,14,1,22.636818,88.421861,0.8376,2344.9,0.5486,0.6243,0.3078,0.6297,0.6493
893cf2d5993ffff,10,6,22.585425,88.325687,0.7271,3984.6,0.633,0.6615,0.2968,0.2786,0.6096
893cf2d4343ffff,8,6,22.598875,88.291313,0.6276,7373.8,0.6875,0.4376,0.3534,0.6867,0.5266
893cf2c642fffff,3,5,22.580322,88.368645,0.6424,136.8,0.1375,0.6172,0.4759,0.8464,0.613
893cf2890d3ffff,16,6,22.621294,88.398672,0.9914,1088.8,0.4288,0.8069,0.5458,0.6504,0.7693
893cf2c70cfffff,14,0,22.51388,88.331791,0.6222,908.5,0.4607,0.5555,0.2721,0.7228,0.6263
893cf2c7593ffff,18,5,22.547882,88.33776,0.6038,1119.6,0.845,0.6562,0.268,1.0391,0.6365
893cf28955bffff,3,4,22.632829,88.408114,0.8072,1175.8,0.0482,0.7194,0.5292,0,0.6809
893cf2d4e57ffff,21,4,22.609052,88.316208,0.7085,5417.1,0.2694,0.6874,0.2511,0.3396,0.4802
893cf2c449bffff,1,6,22.536407,88.379003,0.3756,2799.7,0.0391,0.7258,0.3324,0.4884,0.454
893cf2d4ac7ffff,22,3,22.599146,88.332541,0.6771,3792.4,0.0441,0.5673,0.2078,0.3376,0.4726
893cf2c4363ffff,2,6,22.491714,88.427155,0.6229,8581.8,0,0.5648,0.3419,0.7611,0.4322
893cf2c426bffff,9,5,22.481549,88.402254,0.8294,8137.4,0.7418,0.5779,0.2241,0.3729,0.6126
893cf2c63dbffff,18,3,22.551318,88.379845,0.6486,2315.9,0.4876,0.6101,0.2913,0.5518,0.6091
893cf2c618fffff,0,6,22.579761,88.396997,0.7162,2904.5,0.1039,0.5714,0.2175,0.8479,0.4541
893cf2894c3ffff,9,5,22.634386,88.383191,0.7567,1875.8,0.7002,0.6351,0.3909,0.4274,0.6873
893cf2d59d3ffff,2,3,22.578064,88.320543,0.6248,3530.1,0.1229,0.5176,0.2589,1.0938,0.4692
893cf2d4b27ffff,23,2,22.605766,88.375489,0.7076,746.9,0,0.5888,0.4954,1.3987,0.5368
893cf2c653bffff,4,0,22.588493,88.386678,0.7547,1481.6,0.1026,0.7123,0.3816,0.5923,0.5921
893cf2c6647ffff,17,1,22.55406,88.348918,0.7321,376.5,0.7354,0.6067,0.3188,1.0195,0.7225
893cf2c742bffff,20,0,22.527793,88.329197,0.6534,712.0,0.653,0.4504,0.207,0.6987,0.6587
893cf2d4a53ffff,7,1,22.592785,88.330832,0.8051,3800.8,0.3214,0.592,0.283,0.3389,0.5152
893cf2d5dc7ffff,22,4,22.592151,88.3085,0.5744,5462.5,0.0719,0.5533,0.286,0.7146,0.4094
893cf2c5533ffff,12,4,22.487296,88.381634,0.6478,6377.3,0.3921,0.5242,0.3063,0.2435,0.4856
893cf2d4c97ffff,13,2,22.646209,88.323031,0.7168,7211.0,0.5718,0.5212,0.3085,0,0.5799
893cf2c2963ffff,15,6,22.516616,88.300873,0.6304,1612.2,0.5343,0.6495,0.389,0.0849,0.5948
893cf2c6047ffff,12,3,22.561049,88.372962,0.794,1638.3,0.4849,0.5697,0.3427,0.11,0.692
893cf2d4d67ffff,18,0,22.635939,88.35827,0.615,4061.9,0.8026,0.6541,0.3273,0.5966,0.6232
893cf2d48dbffff,10,3,22.619408,88.331657,0.7416,5042.1,0.8174,0.6053,0.2079,0.4635,0.5302
893cf28912fffff,23,6,22.623533,88.446798,0.6679,4904.8,0.1139,0.6245,0.2287,1.2052,0.4508
893cf2c292fffff,4,4,22.521797,88.308594,0.5926,2240.3,0.0235,0.7046,0.2348,0.2638,0.4931
893cf2d5a33ffff,17,3,22.548434,88.309417,0.8513,3207.9,0.6935,0.6617,0.2955,0.5045,0.6566
893cf2c46cbffff,19,4,22.504585,88.370449,0.578,4582.9,0.7194,0.5305,0.3898,0.6452,0.4889
893cf2d5ccfffff,23,4,22.581973,88.283607,0.5353,6690.9,0.0817,0.6194,0.1671,0.9124,0.4176
893cf2c7663ffff,20,5,22.501335,88.318926,0.6948,1846.1,0.847,0.5712,0.3011,0.9363,0.6564
893cf289133ffff,1,1,22.627899,88.441637,0.6659,4123.5,0,0.564,0.4082,0.8032,0.4723
893cf2c0dbbffff,22,4,22.492972,88.31035,0.776,1397.4,0.2163,0.5549,0.2413,0.9935,0.5446
893cf289193ffff,2,0,22.635633,88.427878,0.738,3100.4,0.172,0.4822,0.3582,0.7433,0.5567
893cf2c2bcfffff,14,0,22.499888,88.283725,0.8242,1720.0,0.5075,0.5762,0.2806,0.0675,0.6304
893cf2d4073ffff,6,3,22.616136,88.280123,0.8085,9191.7,0.4264,0.6681,0.2779,0.5469,0.5126
893cf288267ffff,1,4,22.641615,88.448502,0.665,5455.0,0.1352,0.6286,0.2382,0.5478,0.4628
893cf2c756bffff,19,5,22.527422,88.348091,0.7017,1440.5,0.6967,0.5963,0.4082,0,0.7081
893cf2d4b0fffff,8,6,22.602772,88.365182,0.8093,1335.1,0.778,0.6382,0.3062,0,0.7072
893cf2c6dd7ffff,8,6,22.59173,88.438232,0.8866,3133.4,0.8111,0.4965,0.2578,0.8264,0.6501
893cf2d41a7ffff,2,2,22.636852,88.311017,0.7233,7538.2,0,0.5921,0.2018,1.151,0.3945
893cf2c612fffff,22,3,22.572025,88.410753,0.6499,898.6,0.0719,0.5183,0.2661,0.7815,0.5614
893cf289667ffff,5,6,22.605393,88.394393,0.6917,1427.3,0.2,0.3764,0.3406,0.9392,0.5972
893cf28b2cbffff,9,3,22.646475,88.364273,0.8405,4162.4,0.5653,0.6526,0.3068,0.6197,0.6181
893cf2d4e13ffff,2,6,22.615412,88.317917,0.4844,5225.2,0.2475,0.4389,0.2955,1.1256,0.4324
893cf2c7463ffff,0,3,22.523612,88.324908,0.6159,910.1,0,0.646,0.2886,1.5753,0.535
893cf2c688bffff,9,4,22.57046,88.435674,0.8011,2017.1,0.7531,0.672,0.4149,0,0.7414
893cf2c654bffff,4,6,22.579137,88.37466,0.649,326.7,0,0.6777,0.2255,1.0801,0.5378
893cf2d49a3ffff,23,1,22.634571,88.373738,0.6871,2831.4,0.1387,0.6076,0.2749,0.5036,0.5303
893cf2894bbffff,11,6,22.640559,88.394355,0.7004,1354.4,0.529,0.7014,0.4522,0.4416,0.684
893cf289367ffff,8,3,22.597094,88.436509,0.7415,3774.8,0.8184,0.6155,0.2588,0.3718,0.6284
893cf2c0d0bffff,10,6,22.483423,88.307787,0.7311,1868.2,0.6497,0.6765,0.2327,0.3848,0.6651
893cf2c6647ffff,0,3,22.55406,88.348918,0.6513,631.4,0.118,0.5439,0.3211,1.0238,0.5328
893cf2c684fffff,23,6,22.556547,88.438264,0.5065,2338.3,0.0333,0.674,0.3478,1.062,0.4543
893cf2c7513ffff,1,1,22.540335,88.342063,0.7552,931.3,0.0366,0.7132,0.4057,1.1787,0.6281
893cf288267ffff,19,3,22.641615,88.448502,0.5776,5154.7,0.7129,0.6449,0.3817,0.331,0.5518
893cf2d592fffff,19,3,22.573332,88.3446,0.6861,1561.8,0.6421,0.5326,0.3715,0.0096,0.6339
893cf2c5493ffff,4,6,22.488047,88.343845,0.6654,3719.7,0.2412,0.613,0.335,0.3006,0.5559
893cf2d4307ffff,12,1,22.607235,88.29989,0.6643,6976.2,0.5448,0.7431,0.1781,0.3976,0.5602
893cf2892b7ffff,1,2,22.607201,88.410718,0.6261,2908.6,0,0.6981,0.3298,0.7162,0.5101
893cf2c6a43ffff,0,3,22.53646,88.42969,0.5967,3816.0,0.1089,0.6381,0.355,0.9087,0.4981
893cf2d5d53ffff,10,5,22.58579,88.306791,0.7417,5150.3,0.7827,0.6676,0.3077,0.3808,0.5895
893cf2c6e13ffff,10,2,22.561295,88.414201,0.7013,679.3,0.5342,0.5601,0.2006,0.8025,0.6231
893cf2d4c6bffff,7,2,22.624769,88.329932,0.772,5371.6,0.2904,0.6102,0.2878,0.6239,0.5567
893cf2c7617ffff,16,6,22.512067,88.315477,0.9203,1788.6,0.6322,0.6135,0.1513,0.382,0.6742
893cf2c705bffff,7,2,22.507515,88.330081,0.7849,1474.4,0.2544,0.6696,0.2491,0.2326,0.5963
893cf2d4bd7ffff,23,6,22.608318,88.354007,0.7676,2320.5,0.1525,0.611,0.3221,0.8467,0.5632
893cf289203ffff,17,6,22.596663,88.404713,0.8449,2746.7,0.8204,0.5535,0.2149,0.0846,0.7245
893cf2d4177ffff,3,2,22.624134,88.307598,0.612,7172.6,0.1375,0.5847,0.3386,0.7269,0.4221
893cf2d43b7ffff,17,2,22.616775,88.302454,0.8955,6881.3,0.8201,0.5473,0.2146,0.679,0.6256
893cf2c68cfffff,8,1,22.564097,88.433961,0.7658,1324.7,0.5578,0.6061,0.3702,0.6683,0.6706
893cf289273ffff,1,0,22.591299,88.406437,0.6924,2573.6,0.0758,0.5932,0.3147,0.822,0.4876
893cf2c46cfffff,13,5,22.505583,88.373884,0.7536,4422.7,0.4244,0.8113,0.2994,0.0879,0.5776
893cf2c2b87ffff,21,1,22.510435,88.28972,0.6038,1439.0,0.0656,0.674,0.3572,0.7741,0.551
893cf2d5d37ffff,1,4,22.593967,88.324817,0.7275,4394.1,0.1987,0.6319,0.4217,0.5438,0.5248
893cf2d41a7ffff,13,3,22.636852,88.311017,0.8031,7621.1,0.3898,0.6843,0.2069,0.3875,0.5559
893cf2c6d43ffff,6,5,22.581,88.44168,0.7019,2921.8,0.5329,0.6489,0.1479,0.1112,0.6136
893cf2c6337ffff,20,0,22.555121,88.403037,0.5465,2295.2,0.6452,0.6014,0.3745,0,0.6775
893cf2c6533ffff,0,4,22.591674,88.387533,0.6333,1062.3,0.2106,0.5366,0.3379,0.2673,0.5939
893cf2c75abffff,21,1,22.542332,88.348932,0.578,245.9,0.3636,0.5079,0.5395,1.739,0.5795
893cf2c453bffff,7,1,22.535653,88.416803,0.7875,3364.6,0.2825,0.663,0.1595,0.7543,0.5177
893cf2c65a7ffff,11,5,22.598035,88.389245,0.8423,747.1,0.54,0.7482,0.4729,0.1851,0.7381
893cf2d4acbffff,17,5,22.594966,88.328252,0.6638,3273.8,0.6237,0.4464,0.3222,0.4612,0.5531
893cf28955bffff,23,1,22.632829,88.408114,0.6482,1117.2,0.0736,0.7805,0.4547,0.9599,0.5642
893cf2c2b6fffff,11,0,22.492156,88.297473,0.7606,1132.6,0.4193,0.4869,0.2617,0.3703,0.6329
893cf2c65cfffff,21,6,22.587682,88.373791,0.6029,542.4,0.1845,0.6296,0.2035,0.9187,0.5473
893cf289147ffff,8,4,22.619545,88.43305,0.6544,3817.9,0.8443,0.5628,0.2452,0.3683,0.6007
893cf2c6883ffff,8,3,22.573641,88.43653,0.7118,1625.7,0.7249,0.5387,0.3122,0.2871,0.6208
893cf2d4bcbffff,9,2,22.601958,88.352296,0.6465,2016.7,0.733,0.5344,0.2682,1.0784,0.5805
893cf2c639bffff,2,2,22.558679,88.384992,0.5669,2441.7,0,0.6311,0.3085,0.884,0.4743
893cf2c71c3ffff,4,2,22.523055,88.35325,0.63,2160.9,0.1994,0.6325,0.2518,0.5097,0.541
893cf2c4e1bffff,10,4,22.505251,88.443466,0.7505,7593.5,0.6596,0.5753,0.3388,0.4503,0.5164
893cf2c7173ffff,9,4,22.517502,88.364422,0.709,2911.6,0.7322,0.6474,0.2719,0.3769,0.6501
893cf2c4543ffff,6,3,22.529478,88.405641,0.8426,4781.5,0.3289,0.6065,0.1346,0.5419,0.5399
893cf2c6647ffff,1,6,22.55406,88.348918,0.7181,754.4,0.1728,0.5447,0.2678,1.0134,0.5735
893cf2c2b37ffff,15,3,22.504886,88.300889,0.601,803.0,0.5823,0.6295,0.2738,1.3587,0.5333
893cf2c6303ffff,10,3,22.552128,88.392731,0.748,3500.6,0.4575,0.5773,0.2471,0.1864,0.5672
893cf2d4c4bffff,9,2,22.624951,88.320482,0.7725,5798.7,0.6265,0.7624,0.3255,0.3646,0.6186
893cf2d5b0fffff,20,2,22.551248,88.329167,0.601,1319.9,0.6989,0.4286,0.3732,0.9842,0.5778
893cf289e43ffff,12,1,22.603265,88.447676,0.7724,4538.2,0.5488,0.5983,0.3384,0.5052,0.5756
893cf289127ffff,20,0,22.626713,88.447655,0.6617,5300.5,0.6484,0.5682,0.192,0.6349,0.5392
893cf2d5b03ffff,14,6,22.553431,88.326587,0.7707,1419.1,0.4242,0.4831,0.2219,0.295,0.6222
893cf2c446fffff,3,6,22.520121,88.393624,0.5993,4808.9,0,0.5893,0.3417,0.962,0.4249
893cf28945bffff,0,2,22.625845,88.384059,0.5687,1499.6,0.3025,0.6208,0.4704,0.1247,0.6096
893cf2c296bffff,15,3,22.513434,88.300019,0.6916,1531.8,0.525,0.6843,0.3972,0.7141,0.6674
893cf2d4343ffff,11,4,22.598875,88.291313,0.6031,6944.6,0.6115,0.6066,0.3034,0.2842,0.5025
893cf2c7357ffff,15,4,22.49641,88.352423,0.6619,3363.7,0.5576,0.461,0.3755,0.3148,0.5721
893cf2c65cfffff,17,2,22.587682,88.373791,0.6588,808.5,0.7603,0.6708,0.2696,0.5367,0.7117
893cf289157ffff,3,6,22.621728,88.43047,0.6972,3385.5,0.1733,0.6262,0.3092,1.1164,0.5466
893cf2d4c2fffff,16,6,22.633126,88.338512,0.8134,5483.8,0.5114,0.5407,0.2807,0.6302,0.5446
893cf2c5557ffff,14,2,22.481119,88.370476,0.7138,5908.8,0.4796,0.6253,0.2638,0,0.5835
893cf2d5c8bffff,15,2,22.588334,88.285316,0.8903,7023.0,0.4088,0.7076,0.2167,0,0.5847
893cf2c45c3ffff,12,2,22.537029,88.401338,0.8136,3752.7,0.5447,0.5588,0.2174,0.2777,0.6239
893cf2c5c17ffff,18,0,22.48017,88.417717,0.6792,9810.8,0.6501,0.6453,0.3468,0.3557,0.568
893cf2c4283ffff,3,0,22.499839,88.394504,0.6681,6247.1,0,0.5572,0.3485,0.617,0.4916
893cf2c6203ffff,3,5,22.545142,88.368685,0.8274,1969.7,0.2624,0.7436,0.2056,0.4622,0.5987
893cf2d4807ffff,21,0,22.621223,88.347978,0.5937,3848.7,0.2232,0.5564,0.3391,0.6301,0.4947
893cf2d4177ffff,22,3,22.624134,88.307598,0.6842,6831.5,0.0086,0.5592,0.205,0.3364,0.4417
893cf2d4b6fffff,23,0,22.595227,88.369487,0.781,596.0,0.2085,0.5517,0.301,0.5768,0.6175
893cf289517ffff,19,3,22.644363,88.417556,0.6852,2433.8,0.8302,0.5707,0.2988,0.242,0.6905
893cf2d4a87ffff,14,4,22.606505,88.337686,0.7778,3525.6,0.3708,0.5741,0.2335,0.4624,0.5806
893cf2c2827ffff,15,0,22.517982,88.285416,0.6605,2187.5,0.6529,0.5258,0.2933,0.5594,0.5904
893cf2c766bffff,23,1,22.498153,88.318071,0.4728,1844.0,0.0138,0.5315,0.2177,0.4585,0.4716
893cf28938fffff,12,5,22.609008,88.427044,0.7704,3163.9,0.3702,0.5288,0.3151,0.0086,0.5858
893cf2c2d0fffff,4,6,22.537255,88.281095,0.7124,5104.7,0.1832,0.5643,0.3346,0.8113,0.4417
893cf2c6c93ffff,20,5,22.591111,88.41589,0.7139,2608.2,0.7087,0.6019,0.2682,0.2456,0.6469
893cf2d584bffff,21,2,22.558161,88.302534,0.7247,3809.0,0.363,0.5902,0.326,0.6347,0.5459
893cf2c6387ffff,19,2,22.560675,88.391863,0.5217,3037.8,0.6943,0.5812,0.2781,0.3309,0.5504
893cf2c71a7ffff,6,0,22.531229,88.371278,0.7875,2382.5,0.3764,0.6515,0.1878,0.1487,0.5867
893cf2d4e8fffff,9,5,22.618592,88.318772,0.7271,5928.8,0.7129,0.6244,0.3384,0.532,0.5658
893cf2c6a87ffff,1,2,22.552369,88.433972,0.623,2586.4,0.1726,0.6461,0.3426,0.9079,0.562
893cf2c2b17ffff,20,5,22.50507,88.291445,0.6209,1174.3,0.8103,0.67,0.2844,1.1007,0.6654
893cf2c2963ffff,9,3,22.516616,88.300873,0.7805,1789.8,0.6524,0.5341,0.2696,0.5706,0.7002
893cf289377ffff,22,5,22.599277,88.433928,0.6449,3514.8,0.0137,0.7023,0.3173,0.3717,0.4867
893cf2c4437ffff,18,3,22.532849,88.397047,0.7006,4470.7,0.7,0.6778,0.3002,0.3585,0.6127
893cf289033ffff,8,4,22.620919,88.417579,0.6732,2221.1,0.7418,0.6067,0.2857,0.4454,0.7022
893cf2d4b53ffff,2,6,22.599776,88.354876,0.7516,1488.0,0.1733,0.6482,0.2338,0.4627,0.5759
893cf2d43bbffff,1,1,22.612595,88.298165,0.7589,7169.5,0.1589,0.7618,0.291,0.7166,0.4756
893cf2c7463ffff,13,1,22.523612,88.324908,0.6298,1092.2,0.3516,0.5504,0.2855,0.8575,0.5597
893cf2c4137ffff,6,0,22.524537,88.439153,0.7549,5390.2,0.4353,0.6982,0.4001,0.9024,0.568
893cf2d4d0fffff,20,5,22.640301,88.35311,0.6229,5081.1,0.6157,0.6231,0.2677,0.6565,0.5073
893cf2d5a0fffff,21,5,22.544253,88.305129,0.6145,3631.1,0.4591,0.6171,0.264,0.2675,0.5235
893cf2c68a3ffff,21,6,22.573451,88.445983,0.6762,2603.2,0.3823,0.6341,0.4088,0.1258,0.6072
893cf2c722fffff,1,5,22.49123,88.3447,0.5441,3630.5,0.1393,0.6286,0.3285,1.1332,0.4528
893cf2d5c93ffff,11,3,22.593695,88.283591,0.6658,7541.5,0.5633,0.5677,0.293,0.4475,0.5536
893cf28b34bffff,23,2,22.64592,88.392631,0.6143,2025.2,0.1822,0.5918,0.3449,0.9454,0.4827
893cf2d5dabffff,17,2,22.595149,88.318803,0.7556,4549.3,0.7127,0.673,0.2413,0.2047,0.6027
893cf2c711bffff,18,5,22.52187,88.359264,0.7818,2029.7,0.7,0.6783,0.1467,0,0.6445
893cf2d43b7ffff,8,0,22.616775,88.302454,0.8425,6917.4,0.7642,0.5934,0.2512,0.2283,0.634
893cf2c722fffff,4,6,22.49123,88.3447,0.7386,3634.2,0,0.5441,0.302,0.5347,0.4708
893cf2891d7ffff,10,3,22.629274,88.426165,0.7482,2830.7,0.4714,0.8033,0.2579,0.329,0.6516
893cf2d4143ffff,10,0,22.621135,88.297294,0.876,7582.7,0.5033,0.6315,0.3285,0.3305,0.6044
893cf2d4b0fffff,22,0,22.602772,88.365182,0.7563,1222.6,0,0.5016,0.3023,0.3907,0.5926
893cf2c76bbffff,12,3,22.515249,88.316332,0.8346,1555.2,0.4156,0.6305,0.2769,0,0.6499
893cf2c55d7ffff,9,2,22.488671,88.366173,0.6374,5205.8,0.6369,0.4073,0.2273,0.3953,0.4746
893cf28901bffff,11,0,22.617927,88.407269,0.7809,1397.6,0.5889,0.7556,0.3124,0.2525,0.6632
893cf2d4cabffff,10,6,22.639668,88.330772,0.8096,6220.7,0.6348,0.5329,0.2504,0.6349,0.5816
893cf2d4153ffff,17,1,22.623315,88.294714,0.7949,8286.0,0.6365,0.5671,0.2704,0.5431,0.58
893cf2d48a7ffff,4,3,22.628581,88.353124,0.6666,4025.0,0.0872,0.6493,0.3631,0.4244,0.4996
893cf2c4c4fffff,22,1,22.518978,88.450327,0.8088,6026.3,0,0.6231,0.209,0.016,0.5547
893cf2c613bffff,19,6,22.573211,88.404737,0.5707,1170.4,0.5396,0.6484,0.2829,0.0212,0.6694
893cf2c2977ffff,4,0,22.519798,88.301728,0.647,2234.9,0.0352,0.5392,0.257,0.6537,0.5045
893cf2c6c2bffff,3,2,22.578009,88.43137,0.6823,1141.9,0.1367,0.5192,0.3375,1.1782,0.5403
893cf2c401bffff,21,1,22.513567,88.401362,0.6456,6153.1,0.3635,0.4802,0.2905,0.7628,0.5217
893cf2d4c97ffff,10,5,22.646209,88.323031,0.7535,7466.9,0.6417,0.5996,0.2696,0,0.5709
893cf2890c7ffff,6,4,22.62011,88.404689,0.6807,1032.0,0.2721,0.7153,0.5844,0.6991,0.686
893cf2c6ebbffff,0,2,22.565474,88.418493,0.4748,586.2,0.2525,0.6758,0.2151,0.206,0.5646
893cf2890dbffff,2,0,22.618114,88.397816,0.6458,1466.8,0.0649,0.789,0.3859,0.3921,0.5846
893cf2d4bdbffff,9,1,22.60414,88.349716,0.7463,1850.0,0.6835,0.645,0.4037,0.0305,0.6912
893cf2c291bffff,16,1,22.523163,88.293136,0.8266,2853.9,0.5241,0.5236,0.2665,0.0914,0.6176
893cf2c6aa3ffff,2,2,22.551181,88.439988,0.7922,2577.0,0.0911,0.6306,0.3104,0.9859,0.5586
893cf2d4c87ffff,11,2,22.644029,88.325612,0.767,7173.8,0.4714,0.5998,0.3945,0.3302,0.4943
893cf2c6c2bffff,11,3,22.578009,88.43137,0.6594,1342.0,0.4256,0.6061,0.3125,0.6228,0.5741
893cf2c4223ffff,5,6,22.492096,88.408256,0.682,8375.5,0.0906,0.5487,0.3526,0.9724,0.5239
893cf2c7297ffff,15,4,22.504333,88.329227,0.6863,2091.3,0.5163,0.5354,0.2382,0.4532,0.6235
893cf2d4cabffff,13,2,22.639668,88.330772,0.7096,6220.8,0.548,0.5191,0.4099,0.8388,0.5356
893cf2d58a7ffff,17,6,22.577065,88.317109,0.7624,3559.6,0.6073,0.5588,0.3316,0.7083,0.5933
893cf2c72cfffff,3,0,22.491602,88.325808,0.7115,2539.6,0.1533,0.6223,0.3057,0.8575,0.5161
893cf2d58a7ffff,11,6,22.577065,88.317109,0.717,3579.8,0.5585,0.5095,0.3494,0.3418,0.6108
893cf2c731bffff,4,4,22.499593,88.353278,0.5855,3533.6,0.1017,0.5603,0.3349,0.993,0.4465
893cf2c623bffff,22,5,22.543956,88.374699,0.7854,2076.1,0.1301,0.4624,0.305,0.7789,0.6173
893cf2d5a3bffff,1,0,22.545253,88.308563,0.5881,3580.6,0.0233,0.5965,0.273,1.383,0.3722
893cf2c7593ffff,22,0,22.547882,88.33776,0.5539,960.8,0,0.6528,0.1718,0.4297,0.4971
893cf2d5c97ffff,20,3,22.594695,88.287024,0.6244,7427.9,0.8079,0.4716,0.3367,0.2816,0.5593
893cf28934bffff,0,1,22.593105,88.422762,0.7816,2449.9,0.0774,0.5354,0.3498,0.9136,0.5588
893cf2d5bcbffff,1,1,22.550433,88.316285,0.6586,2569.7,0.1451,0.4964,0.2443,1.2285,0.4564
893cf2d5a17ffff,12,3,22.549617,88.303404,0.6553,3979.0,0.5246,0.6277,0.3064,0.4401,0.5972
893cf2d5c93ffff,8,6,22.593695,88.283591,0.8125,7626.1,0.5736,0.503,0.3141,0,0.5594
893cf2882c7ffff,12,2,22.649348,88.434741,0.8252,4346.2,0.5273,0.5617,0.4071,0.209,0.6106
893cf2c291bffff,22,3,22.523163,88.293136,0.7206,3026.9,0.1224,0.569,0.2401,0.143,0.5612
893cf2d4d67ffff,8,5,22.635939,88.35827,0.8149,4312.3,0.6457,0.6852,0.3118,0.0294,0.6715
893cf2c2963ffff,3,1,22.516616,88.300873,0.6259,1632.1,0.0847,0.5874,0.3047,0.5172,0.6071
893cf2c282fffff,11,5,22.5148,88.284562,0.7825,2077.9,0.3721,0.5801,0.3012,0.5718,0.5855
893cf2c551bffff,18,2,22.484302,88.371331,0.7424,5645.7,0.6719,0.615,0.1607,0.7095,0.5755
893cf2c66b3ffff,0,5,22.569966,88.353194,0.5171,1489.7,0.0045,0.4923,0.1907,1.494,0.4238
893cf2c7153ffff,1,4,22.517689,88.354974,0.5011,2366.7,0.175,0.6306,0.2685,0.8964,0.4352
893cf2c5d1bffff,9,0,22.48297,88.437472,0.6501,9884.3,0.7635,0.6454,0.2408,0.3771,0.5902
893cf2d4a43ffff,0,6,22.590603,88.333411,0.5071,3361.6,0.1396,0.8252,0.1401,0.1087,0.5134
893cf2c2bbbffff,13,4,22.508252,88.292299,0.6596,1220.4,0.2842,0.6685,0.3283,0.9669,0.5921
893cf28960bffff,20,3,22.60876,88.385796,0.5864,1233.3,0.7619,0.6536,0.3438,0.0049,0.7441
893cf2c55c3ffff,20,0,22.485488,88.365318,0.7043,5401.9,0.7734,0.5945,0.2056,0.314,0.5403
893cf2c2943ffff,18,3,22.516799,88.291428,0.6482,2431.0,0.7282,0.5289,0.3356,0.3104,0.6524
893cf2c4323ffff,10,3,22.499077,88.432303,0.7736,8162.8,0.6585,0.7344,0.4234,0.717,0.5676
893cf289367ffff,5,0,22.597094,88.436509,0.614,3717.1,0.0066,0.499,0.2615,0.306,0.4985
893cf2893b3ffff,0,1,22.613185,88.431337,0.5836,3314.0,0.216,0.5348,0.3649,0.5485,0.5044
893cf2c660fffff,19,2,22.55824,88.353208,0.463,566.7,0.7324,0.5085,0.2134,1.7724,0.5151
893cf2c7473ffff,17,4,22.525794,88.322329,0.7814,1018.0,0.8675,0.495,0.1865,0.5975,0.7045
893cf2c608fffff,2,3,22.572775,88.372949,0.5734,556.1,0.0903,0.5952,0.2524,2.3252,0.4539
893cf28918bffff,2,0,22.630271,88.429602,0.5377,3008.2,0,0.6139,0.2601,1.0906,0.4049
893cf2c6387ffff,16,6,22.560675,88.391863,0.6534,3102.3,0.7435,0.6148,0.291,0.1373,0.6729
893cf2c737bffff,9,1,22.492042,88.357581,0.7027,4330.9,0.6374,0.6208,0.2861,0.0112,0.5934
893cf2d5b67ffff,5,5,22.546883,88.334325,0.6493,1066.5,0.0866,0.6526,0.3674,0.4688,0.5873
893cf2d5a77ffff,21,5,22.542071,88.307708,0.6541,3326.7,0.2451,0.6949,0.2425,0.8063,0.4402
893cf2c4e8bffff,4,0,22.510619,88.441743,0.6355,7218.8,0.2028,0.6205,0.3305,1.0601,0.5485
893cf2c6893ffff,15,2,22.575825,88.43395,0.8549,1451.4,0.4819,0.663,0.2933,0.5379,0.7098
893cf2c6cb3ffff,15,4,22.590922,88.425342,0.7597,2367.4,0.3552,0.6373,0.4127,0.2427,0.6801
893cf2c4513ffff,21,1,22.539024,88.408209,0.5981,3568.6,0.3028,0.6469,0.3478,0.4512,0.5435
893cf28934bffff,8,4,22.593105,88.422762,0.7466,2742.4,0.772,0.6843,0.2334,0.7279,0.6378
893cf2c7563ffff,6,1,22.530604,88.348946,0.7609,800.6,0.3228,0.6448,0.3123,0.5452,0.6446
893cf2d6acbffff,21,5,22.647751,88.298116,0.6318,9112.6,0.3569,0.3968,0.2529,0.6587,0.4547
893cf2890cfffff,2,6,22.616929,88.403833,0.677,1878.6,0.0312,0.7562,0.3374,0.4591,0.5456
893cf2d4a6bffff,13,5,22.587239,88.342006,0.6855,2318.7,0.6487,0.528,0.3073,0.2856,0.66
893cf28938fffff,13,0,22.609008,88.427044,0.5322,3588.4,0.6887,0.7725,0.2726,0.1077,0.5798
893cf2d4c97ffff,7,0,22.646209,88.323031,0.8608,7641.4,0.1846,0.5694,0.2853,0.4524,0.541
893cf2d4c4bffff,6,0,22.624951,88.320482,0.7657,5985.7,0.382,0.6598,0.4284,0.3642,0.5625
893cf2d4cb3ffff,18,5,22.645028,88.329047,0.8016,7412.2,0.6543,0.6931,0.2748,0.3241,0.6535
893cf2d5c93ffff,3,4,22.593695,88.283591,0.5901,7101.1,0.1232,0.6571,0.3142,0.6769,0.4496
893cf2c459bffff,16,5,22.543392,88.403049,0.8041,3596.5,0.4632,0.531,0.4081,0,0.6134
893cf2d5b2fffff,5,4,22.551064,88.338615,0.6129,534.4,0,0.4883,0.2634,0,0.5611
893cf2d4c4fffff,6,4,22.625951,88.323917,0.5738,5517.9,0.229,0.5417,0.3508,0.571,0.4104
893cf2d4acbffff,12,3,22.594966,88.328252,0.7746,3735.0,0.5003,0.6445,0.3549,0.0616,0.6345
893cf2d4933ffff,14,4,22.62921,88.375463,0.6993,2323.1,0.4988,0.6177,0.2553,0.8175,0.5584
893cf2893c3ffff,9,4,22.603833,88.419314,0.7755,3495.0,0.549,0.4528,0.219,0.837,0.5897
893cf2c76abffff,5,2,22.513066,88.318911,0.7621,1362.1,0,0.4923,0.2887,0.4924,0.6169
893cf2c296bffff,5,3,22.513434,88.300019,0.6409,1362.4,0.0471,0.689,0.3311,0.3971,0.5831
893cf289453ffff,17,1,22.629024,88.384915,0.8572,1666.9,0.8649,0.5969,0.215,0.2896,0.7186
893cf2c654bffff,14,5,22.579137,88.37466,0.8958,703.3,0.3952,0.6894,0.4131,0.6249,0.7159
893cf2c4ec3ffff,20,6,22.50644,88.437451,0.5016,7009.8,0.7326,0.6213,0.446,0.6467,0.5145
893cf2895a3ffff,22,5,22.648539,88.421849,0.586,2816.4,0,0.5327,0.2338,0.6246,0.4498
893cf2c2bbbffff,15,5,22.508252,88.292299,0.601,1116.4,0.6246,0.5777,0.23,0.815,0.5666
893cf289577ffff,1,4,22.636818,88.421861,0.678,2304.8,0.1768,0.6601,0.2797,0.7842,0.5409
893cf2d5ad3ffff,0,2,22.5488,88.290524,0.6933,5252.1,0.3188,0.6121,0.3179,0.8734,0.5064
893cf2c6423ffff,8,2,22.582504,88.366065,0.7635,144.3,0.7243,0.479,0.5231,0,0.7871
893cf2d4ba7ffff,13,4,22.61331,88.371185,0.7168,1802.0,0.5426,0.5727,0.4192,0,0.7122
893cf2d4c57ffff,1,0,22.631311,88.322192,0.7922,6771.3,0.1201,0.7307,0.3165,0.9711,0.4948
893cf2c76d3ffff,16,0,22.511251,88.302598,0.614,1411.1,0.5051,0.6117,0.3722,0.8524,0.6092
893cf2c74abffff,20,2,22.53534,88.324893,0.6653,1766.3,0.5309,0.5881,0.27,0.7866,0.6284
893cf289387ffff,20,1,22.612188,88.4279,0.6145,3423.3,0.6738,0.6562,0.3002,0.4556,0.6265
893cf2c41cbffff,5,1,22.518554,88.418538,0.6315,5686.1,0.1537,0.5954,0.2801,0.8452,0.3901
893cf2d4b57ffff,3,3,22.600775,88.358312,0.5903,1600.5,0.1226,0.5855,0.3623,0.5218,0.5493
893cf2893b3ffff,13,6,22.613185,88.431337,0.7658,3407.4,0.3863,0.7048,0.2509,0.3447,0.6162
893cf2c46cfffff,14,0,22.505583,88.373884,0.7048,4481.1,0.5442,0.6346,0.304,0.0737,0.5522
893cf289517ffff,9,5,22.644363,88.417556,0.701,2640.6,0.6285,0.6978,0.3405,0.6199,0.6419
893cf2d4ba3ffff,3,5,22.612312,88.367749,0.6772,2255.3,0.185,0.6167,0.2085,0.282,0.4851
893cf2c4407ffff,2,2,22.530854,88.390176,0.618,4703.6,0.1814,0.5237,0.1696,0.9496,0.4393
893cf2c449bffff,22,0,22.536407,88.379003,0.5261,2915.4,0.1476,0.7317,0.3068,0.5364,0.4633
893cf2c62a7ffff,22,1,22.553501,88.377266,0.8201,1910.0,0.1394,0.5978,0.2593,0.8025,0.6038
893cf2c0d0bffff,9,5,22.483423,88.307787,0.725,1928.6,0.7865,0.4771,0.3005,0.2213,0.6806
893cf2c5557ffff,15,0,22.481119,88.370476,0.6483,5812.9,0.5677,0.7113,0.2633,0.2716,0.5418
893cf2c5c8fffff,6,6,22.482356,88.415138,0.7215,9050.3,0.2678,0.4899,0.3148,0.3611,0.5162
893cf2d59afffff,6,6,22.580877,88.340295,0.7431,2858.0,0.2266,0.3796,0.3891,0.5643,0.5408
893cf2c613bffff,17,6,22.573211,88.404737,0.7064,1480.4,0.734,0.6264,0.2315,0.1078,0.7022
893cf2d5a4fffff,17,4,22.536891,88.299987,0.7888,3465.0,0.7846,0.771,0.2178,0.4253,0.6375
893cf2c40cfffff,23,3,22.512569,88.397927,0.6359,5688.3,0.0087,0.6109,0.3062,0.3462,0.3966
893cf2d4e8fffff,10,4,22.618592,88.318772,0.788,5879.3,0.7337,0.4878,0.3252,0.0905,0.5927
893cf2c418bffff,22,4,22.525916,88.423686,0.7584,5027.0,0.0597,0.5224,0.328,0.5614,0.5028
893cf2d5b83ffff,8,0,22.560976,88.322283,0.7357,2050.0,1,0.4615,0.4756,0.6062,0.6794
893cf2d4bbbffff,6,3,22.611314,88.364313,0.6852,2115.2,0.3689,0.5855,0.2752,0.0623,0.5766
893cf288267ffff,10,1,22.641615,88.448502,0.6463,5277.0,0.6498,0.5415,0.2884,0.4108,0.4842
893cf2d43bbffff,8,0,22.612595,88.298165,0.6173,6899.1,0.5224,0.6151,0.2664,0.3609,0.5467
893cf2c63cfffff,2,5,22.550132,88.38586,0.6978,3054.1,0.0079,0.773,0.2553,0.7581,0.4924
893cf2c742bffff,15,6,22.527793,88.329197,0.8301,774.4,0.4125,0.5406,0.2868,0.5882,0.637
893cf2892abffff,2,0,22.600841,88.409005,0.683,2931.2,0.1187,0.622,0.3417,0.8261,0.546
893cf2d5953ffff,11,5,22.57052,88.324847,0.7783,2629.6,0.5327,0.5421,0.2236,0.2425,0.681
893cf28b26bffff,6,5,22.638749,88.37803,0.6881,2749.8,0.2626,0.6029,0.2503,0.4768,0.5686
893cf2c0da7ffff,9,3,22.49497,88.317217,0.7549,1698.2,0.6202,0.5307,0.3249,0.5144,0.6719
893cf289e5bffff,19,0,22.602268,88.444239,0.6977,4040.6,0.8844,0.6336,0.3034,0.1912,0.6531
893cf2d5d2bffff,15,3,22.587606,88.323107,0.7846,3967.9,0.5943,0.5536,0.2935,0.9394,0.5747
893cf2c6337ffff,13,4,22.555121,88.403037,0.7002,2095.4,0.4397,0.5894,0.2632,0.4492,0.5805
893cf2c5c37ffff,1,0,22.479979,88.427166,0.7134,10039.3,0.078,0.5548,0.295,0.6343,0.4357
893cf2d4c67ffff,1,4,22.628948,88.334222,0.4781,5574.1,0,0.4811,0.4468,0.6284,0.4436
893cf2894cfffff,19,5,22.632204,88.385771,0.8303,1660.8,0.7945,0.5901,0.3606,0.4735,0.7107
893cf2d4ac7ffff,17,0,22.599146,88.332541,0.6045,3361.3,0.6383,0.7016,0.2763,0.6726,0.5683
893cf2d598fffff,20,3,22.581061,88.330846,0.6817,3180.5,0.6208,0.5292,0.3087,0.5735,0.6075
893cf28918bffff,8,0,22.630271,88.429602,0.7201,3131.1,0.5402,0.5613,0.2101,0.4897,0.5418
893cf2c6cabffff,3,0,22.585558,88.427066,0.6449,1562.3,0.1444,0.6069,0.2446,0.4313,0.5274
893cf2c606bffff,1,0,22.556683,88.378121,0.5819,1999.1,0.0056,0.6648,0.2595,0.3724,0.4918
893cf2d4813ffff,14,5,22.622405,88.341962,0.7173,3631.3,0.4817,0.6498,0.1199,0,0.5884
893cf2c09b3ffff,16,3,22.480869,88.329256,0.8122,3321.2,0.4569,0.5828,0.4215,0.5631,0.626
893cf2c5c8fffff,7,6,22.482356,88.415138,0.7904,9220.1,0.2396,0.6955,0.3344,0.3145,0.5351
893cf2d5e4fffff,14,0,22.552163,88.281933,0.7874,6280.4,0.4994,0.6349,0.2969,0.5159,0.5283
893cf2c65a7ffff,1,1,22.598035,88.389245,0.5709,993.2,0.0905,0.674,0.4841,0.557,0.5242
893cf2c6c57ffff,6,0,22.577201,88.418481,0.6578,497.2,0.3786,0.5904,0.2392,0.8908,0.6352
893cf2d4197ffff,21,0,22.639213,88.298987,0.6383,8603.1,0.3184,0.5755,0.2712,0,0.5662
893cf2c55abffff,10,4,22.489481,88.379055,0.8126,5976.4,0.6349,0.6931,0.353,0.2274,0.6237
893cf289663ffff,4,2,22.604396,88.390957,0.6029,1594.2,0,0.595,0.3642,0.2701,0.5438
893cf2d40afffff,6,3,22.626675,88.28612,0.6606,9378.4,0.3268,0.545,0.3925,0.0107,0.5554
893cf2c09b3ffff,17,5,22.480869,88.329256,0.7969,3762.2,0.6808,0.6208,0.2012,0.7185,0.6544
893cf2c42afffff,16,0,22.497464,88.406533,0.7534,7443.0,0.4409,0.5828,0.2706,0.1553,0.5559
893cf2d4cabffff,14,4,22.639668,88.330772,0.5141,6507.9,0.3776,0.5521,0.2576,0.5479,0.4552
893cf2c64b7ffff,0,5,22.59323,88.362616,0.6028,478.1,0.0951,0.7169,0.467,0,0.6609
893cf2d4ed7ffff,1,2,22.616593,88.311903,0.6008,6151.0,0.0734,0.402,0.3091,1.5716,0.3992
893cf2c68cfffff,16,6,22.564097,88.433961,0.6884,1322.7,0.4336,0.6809,0.3616,0.438,0.5993
893cf2c42afffff,7,3,22.497464,88.406533,0.7097,7789.5,0.131,0.5612,0.3291,0.0145,0.5157
893cf28b21bffff,8,1,22.648472,88.371145,0.6207,3611.3,0.5184,0.6021,0.3379,0.2099,0.57
893cf2c6dd7ffff,22,4,22.59173,88.438232,0.6774,3042.4,0,0.7511,0.2245,0.6992,0.5208
893cf2c4117ffff,14,1,22.524728,88.429701,0.6507,4880.1,0.5307,0.6631,0.2227,0.3992,0.5435
893cf2d43bbffff,2,2,22.612595,88.298165,0.7454,7314.8,0.1705,0.4938,0.2292,0.9482,0.436
893cf2d4813ffff,23,3,22.622405,88.341962,0.6491,4303.6,0.0456,0.4347,0.4388,0.3534,0.4645
893cf289523ffff,19,1,22.640995,88.426154,0.5993,2818.7,0.5101,0.6141,0.1629,0.4634,0.5749
893cf2d4bbbffff,4,5,22.611314,88.364313,0.5952,2205.0,0.2701,0.6574,0.3153,0.5408,0.5606
893cf28b35bffff,21,1,22.648102,88.390051,0.5103,2184.6,0.2198,0.7664,0.215,0.314,0.5628
893cf2d4cb3ffff,13,4,22.645028,88.329047,0.6973,6882.1,0.5028,0.5009,0.2811,0.4425,0.4619
893cf2c46cbffff,3,5,22.504585,88.370449,0.7411,4557.9,0.1202,0.6652,0.3731,0.6533,0.5473
893cf2c6e2bffff,20,0,22.55574,88.425376,0.6923,1718.9,0.7526,0.6531,0.3052,0.7206,0.6374
893cf2c6563ffff,8,0,22.582132,88.384966,0.6791,1046.4,0.7544,0.4469,0.3167,0.3679,0.6856
893cf2890dbffff,17,6,22.618114,88.397816,0.8377,1122.7,0.645,0.5151,0.3441,0.0944,0.7586
893cf2d4073ffff,3,0,22.616136,88.280123,0.6581,9295.4,0.0842,0.7865,0.236,0.5684,0.4782
893cf2c6303ffff,18,1,22.552128,88.392731,0.5977,3616.9,0.6491,0.5878,0.3232,0.3674,0.5525
893cf2c432bffff,1,3,22.495894,88.431447,0.5598,8670.9,0.04,0.7137,0.4133,1.1597,0.429
893cf2d596fffff,21,2,22.565971,88.339455,0.7926,1387.8,0.4035,0.5623,0.3931,1.0432,0.6585
893cf2c6477ffff,9,1,22.578325,88.361774,0.9141,726.7,0.7221,0.7086,0.5044,0.1399,0.8078
893cf2c0d13ffff,12,3,22.488789,88.306063,0.7195,1247.6,0.2389,0.5681,0.2454,0.6989,0.6006
893cf2c5c93ffff,4,0,22.486727,88.409979,0.594,8414.4,0.0702,0.6246,0.264,1.0047,0.4383
893cf2c418bffff,14,4,22.525916,88.423686,0.6421,4756.7,0.5491,0.6943,0.3256,0.6068,0.4988
893cf2d5b83ffff,22,5,22.560976,88.322283,0.595,2527.4,0.1627,0.6062,0.2794,0.3744,0.5665
893cf2d4843ffff,8,6,22.612865,88.339397,0.7964,3642.4,0.7877,0.7237,0.2752,0.4531,0.6417
893cf2d5dabffff,19,4,22.595149,88.318803,0.6249,4828.2,0.6448,0.7935,0.2823,0.4389,0.5718
893cf2c40cfffff,17,0,22.512569,88.397927,0.8598,5900.4,0.8633,0.7511,0.3141,0.1948,0.6677
893cf2d492fffff,12,6,22.624847,88.380623,0.8084,2176.1,0.4854,0.6718,0.3399,0.3716,0.6437
893cf28934fffff,3,6,22.594103,88.426199,0.6565,2556.5,0.0796,0.638,0.3071,0.405,0.5211
893cf2c4283ffff,13,4,22.499839,88.394504,0.797,6135.0,0.4299,0.4892,0.2673,0.2762,0.5681
893cf2c4223ffff,1,0,22.492096,88.408256,0.6998,8238.3,0.2217,0.6087,0.3235,0.0656,0.5307
893cf2c660fffff,18,1,22.55824,88.353208,0.6122,667.6,0.7665,0.4597,0.3482,1.01,0.6522
893cf28b25bffff,9,0,22.641115,88.365997,0.6436,3574.7,0.7955,0.6105,0.2844,0,0.6746
893cf2d4d6fffff,21,0,22.632759,88.357415,0.6095,4149.2,0.3464,0.5696,0.2232,1.1177,0.4893
893cf2890dbffff,12,4,22.618114,88.397816,0.8109,1230.8,0.6898,0.6797,0.2589,0.2562,0.7436
893cf2d5b6fffff,16,4,22.543702,88.333471,0.7319,1711.5,0.5845,0.8028,0.2592,0.349,0.7551
893cf2d5acbffff,13,6,22.543436,88.292249,0.7257,4742.2,0.4243,0.7332,0.4432,0.0222,0.6133
893cf2c6477ffff,8,3,22.578325,88.361774,0.7966,1124.2,0.5247,0.8103,0.3937,0.4477,0.7523
893cf2c62a3ffff,23,5,22.552503,88.373831,0.6302,1339.3,0.1433,0.6464,0.1863,0.4152,0.5717
893cf2d489bffff,9,3,22.626767,88.336802,0.6983,5271.2,0.6265,0.7166,0.3177,0.5032,0.5772
893cf2d5977ffff,16,4,22.571335,88.33773,0.7021,1846.1,0.4968,0.5094,0.2879,0.3435,0.5737
893cf2c2b93ffff,17,5,22.511617,88.283708,0.7584,2658.2,0.5778,0.6455,0.2548,0.6797,0.5838
893cf28934bffff,18,5,22.593105,88.422762,0.686,2417.4,0.519,0.6271,0.2285,0.5633,0.6091
893cf2c6ab7ffff,8,4,22.554363,88.440844,0.8416,2865.1,0.7193,0.6016,0.2056,0.4917,0.673
893cf2c4303ffff,5,3,22.499268,88.422853,0.6561,8151.2,0.0393,0.5484,0.2991,0.4872,0.464
893cf2892c7ffff,14,6,22.597848,88.398697,0.7289,1600.8,0.596,0.5226,0.3644,0,0.6416
893cf2c74abffff,5,4,22.53534,88.324893,0.6829,1694.0,0.1656,0.5051,0.3359,0.0152,0.6132
893cf2894cfffff,9,4,22.632204,88.385771,0.6662,1104.7,0.6094,0.6504,0.5877,0.2529,0.679
893cf2c66b7ffff,4,1,22.570965,88.356629,0.6522,1222.1,0.0457,0.5155,0.2343,1.6018,0.4708
893cf2d4d2fffff,1,4,22.640117,88.362561,0.7002,3796.0,0.0983,0.7049,0.3728,0.4857,0.4895
893cf28920fffff,21,2,22.59448,88.407293,0.5802,2629.8,0.3429,0.6146,0.2767,0.3711,0.5546
893cf289203ffff,7,2,22.596663,88.404713,0.7482,2814.6,0.2491,0.6139,0.2946,0.6424,0.5297
893cf2c55a7ffff,18,2,22.493662,88.383345,0.6926,6336.1,0.5321,0.5967,0.321,0,0.5667
893cf2c703bffff,18,3,22.514693,88.344672,0.6856,1461.5,0.6539,0.6743,0.3805,0.9237,0.7088
893cf2c426bffff,14,1,22.481549,88.402254,0.7182,8623.6,0.4839,0.5208,0.4081,0,0.537
893cf28b2c3ffff,18,3,22.649655,88.365128,0.6314,4209.1,0.6477,0.6678,0.3672,0,0.6039
893cf2893d7ffff,11,0,22.607013,88.420171,0.7529,3399.9,0.4674,0.4884,0.2769,0.3379,0.5965
893cf2c7617ffff,12,5,22.512067,88.315477,0.7709,1817.4,0.5046,0.7347,0.318,0.2148,0.7293
893cf2893c3ffff,3,2,22.603833,88.419314,0.6786,3494.5,0.1917,0.7211,0.2789,1.2743,0.4686
893cf2d4a47ffff,0,3,22.591602,88.336846,0.7342,3036.1,0.0175,0.5675,0.1916,0.2277,0.5272
893cf289327ffff,0,0,22.604452,88.441658,0.6472,4130.8,0.1619,0.5713,0.1993,0.7324,0.5117
893cf2c0d0bffff,21,4,22.483423,88.307787,0.6063,1999.3,0.3439,0.6253,0.373,0.192,0.5649
893cf2c2bbbffff,9,6,22.508252,88.292299,0.61,1189.9,0.5964,0.5711,0.2748,0.3546,0.5607
893cf2d4307ffff,8,6,22.607235,88.29989,0.6873,7220.0,0.5877,0.4767,0.2565,0.515,0.5231
893cf2d4eb3ffff,13,5,22.622771,88.323062,0.7434,5735.3,0.3933,0.7194,0.355,0,0.4781
893cf2d59d3ffff,1,0,22.578064,88.320543,0.7351,3358.3,0.056,0.5816,0.2759,0.8047,0.5219
893cf2c65a3ffff,1,1,22.597037,88.385809,0.6408,493.1,0,0.7955,0.5052,0.6874,0.5952
893cf2d412bffff,7,2,22.625133,88.311032,0.8847,7184.7,0.147,0.5589,0.3384,0.2816,0.5276
893cf2890afffff,4,5,22.624099,88.418435,0.6797,1813.4,0.1749,0.5827,0.2772,0.7992,0.5305
893cf2c425bffff,0,2,22.483924,88.390227,0.6852,7206.8,0.0528,0.5903,0.3322,0.7788,0.4362
893cf2c61a7ffff,0,6,22.582754,88.407305,0.6581,1959.5,0.1024,0.6789,0.3978,0.7943,0.5334
893cf2c7043ffff,23,6,22.508514,88.333515,0.765,1579.5,0.1267,0.5768,0.2218,0.9862,0.557
893cf2c4607ffff,2,2,22.508578,88.384187,0.6018,5022.5,0,0.5206,0.2996,0.6874,0.452
893cf2d4323ffff,3,2,22.606054,88.305904,0.5292,6618.9,0,0.6209,0.2788,1.2032,0.3305
893cf2d4d1bffff,11,4,22.641483,88.347094,0.8267,5963.1,0.4605,0.5752,0.2625,0.3339,0.4822
893cf2d4ab7ffff,11,4,22.608503,88.344557,0.7002,2858.7,0.5084,0.6151,0.3208,0.3284,0.6138
893cf2c4457ffff,10,3,22.525676,88.382451,0.8834,3679.2,0.7114,0.5155,0.2871,0.6545,0.665
893cf2d4307ffff,14,4,22.607235,88.29989,0.655,6935.5,0.4107,0.5968,0.2374,0.2968,0.4599
893cf2c4483ffff,10,5,22.537405,88.382438,0.6186,2952.4,0.6743,0.589,0.3263,0.1602,0.5591
893cf2d4ad7ffff,3,1,22.601327,88.329962,0.6624,4116.9,0,0.4729,0.2304,0.8803,0.4417
893cf2c408bffff,0,2,22.518934,88.399638,0.7004,5316.4,0.167,0.5689,0.3579,0.4553,0.4902
893cf289523ffff,6,3,22.640995,88.426154,0.8174,2485.2,0.4415,0.5983,0.4051,0.5765,0.5844
893cf2c711bffff,2,5,22.52187,88.359264,0.6438,2439.9,0.1315,0.5512,0.2353,0.6845,0.551
893cf2c40cfffff,6,2,22.512569,88.397927,0.5813,5622.5,0.1842,0.6823,0.3426,0.8739,0.459
893cf2c408bffff,14,4,22.518934,88.399638,0.6916,5598.2,0.4129,0.7003,0.1647,0.6612,0.4629
893cf2d5973ffff,19,4,22.570336,88.334296,0.7152,1922.3,0.5381,0.5888,0.3257,0.0402,0.6692
893cf2d4b7bffff,22,6,22.596411,88.363471,0.6603,629.2,0.0371,0.5838,0.3163,0.3903,0.5491
893cf2c453bffff,1,4,22.535653,88.416803,0.6706,3958.3,0.1044,0.4901,0.2179,0.9191,0.4907
893cf2c4363ffff,12,0,22.491714,88.427155,0.7152,8684.5,0.5298,0.5905,0.237,0.4613,0.5721
893cf2c6507ffff,1,6,22.590676,88.384098,0.7425,1331.0,0,0.5762,0.301,0.9691,0.5802
893cf2d43abffff,4,6,22.610415,88.300745,0.6044,6835.1,0.0185,0.61,0.3217,0.8821,0.4499
893cf28960bffff,21,1,22.60876,88.385796,0.6788,1080.2,0.3843,0.6196,0.4161,0.6313,0.6188
893cf2d5ad3ffff,7,2,22.5488,88.290524,0.8371,5161.6,0.2539,0.6161,0.2626,0.094,0.5283
893cf289267ffff,13,6,22.590113,88.412453,0.789,2353.6,0.4773,0.6478,0.2252,0.418,0.641
893cf2893c3ffff,1,4,22.603833,88.419314,0.54,3669.8,0.2254,0.643,0.2704,1.1078,0.4642
893cf2d4e03ffff,11,3,22.613231,88.320497,0.6746,5212.7,0.4041,0.6532,0.2641,0.3169,0.5188
893cf2893d7ffff,12,5,22.607013,88.420171,0.7671,3079.8,0.4291,0.5088,0.2478,0.4285,0.5772
893cf289163ffff,14,1,22.618359,88.439067,0.7304,3906.9,0.6092,0.5293,0.3779,0.863,0.6274
893cf2c60b3ffff,5,2,22.576955,88.37724,0.5986,718.4,0.1303,0.7247,0.2266,0.5712,0.5688
893cf28b257ffff,13,5,22.645293,88.370289,0.7092,3485.2,0.4458,0.7597,0.3941,0.9486,0.5789
893cf289203ffff,10,4,22.596663,88.404713,0.7961,2598.4,0.6371,0.6039,0.2432,0.054,0.6396
893cf2c76bbffff,8,0,22.515249,88.316332,0.8124,1367.7,0.6359,0.5554,0.307,0.0942,0.6565
893cf289687ffff,0,5,22.620483,88.385784,0.8086,1460.0,0.2463,0.6277,0.4102,0.3056,0.6836
893cf2c653bffff,15,1,22.588493,88.386678,0.835,1656.9,0.4187,0.6803,0.301,0.7248,0.6667
893cf28934fffff,10,4,22.594103,88.426199,0.6728,2865.3,0.8297,0.6299,0.2939,0.3422,0.6419
893cf2c6d63ffff,23,0,22.58081,88.451133,0.6212,3429.2,0.1765,0.5546,0.3456,0.2213,0.5507
893cf289297ffff,7,2,22.607389,88.401265,0.7691,2220.3,0.2947,0.6533,0.3629,0.3196,0.5949
893cf2c4047ffff,7,4,22.5082,88.403086,0.7623,6727.9,0.3736,0.55,0.2594,0.121,0.5334
893cf2c68a3ffff,7,0,22.573451,88.445983,0.7538,2702.7,0.2598,0.6781,0.4105,0.4734,0.6096
893cf2d4843ffff,1,2,22.612865,88.339397,0.5478,3561.5,0.0207,0.429,0.3047,0.8256,0.3909
893cf289523ffff,12,3,22.640995,88.426154,0.9606,2570.2,0.5698,0.6386,0.3787,0,0.6932
893cf2c45abffff,5,1,22.541019,88.41508,0.7783,3205.6,0.2928,0.6568,0.2921,0.1876,0.5423
893cf2c61d3ffff,21,5,22.576768,88.38669,0.6148,1816.8,0.5098,0.7803,0.2153,0.8558,0.6271
893cf2c2917ffff,14,3,22.527345,88.297424,0.7336,3239.4,0.4678,0.4948,0.31,0,0.57
893cf2c456bffff,23,4,22.526106,88.414235,0.587,4786.1,0.1692,0.578,0.3568,0.8117,0.4352
893cf2c46cbffff,11,2,22.504585,88.370449,0.8685,4682.2,0.5209,0.4728,0.2569,0.3615,0.522
893cf2c4207ffff,1,0,22.493284,88.402242,0.6963,7674.3,0.1712,0.6479,0.311,0.5388,0.4892
893cf2d4cabffff,19,3,22.639668,88.330772,0.5473,6863.9,0.6562,0.4959,0.4088,0.3297,0.5407
893cf2c623bffff,3,0,22.543956,88.374699,0.56,2116.9,0.1523,0.5823,0.4896,0.4557,0.533
893cf2c4323ffff,3,4,22.499077,88.432303,0.5668,8180.7,0,0.6079,0.1739,0.3639,0.4024
893cf2c7563ffff,23,5,22.530604,88.348946,0.5925,941.9,0.1123,0.5998,0.3745,0.8316,0.5314
893cf2d5c9bffff,3,6,22.590515,88.282736,0.6724,7019.6,0.0167,0.6477,0.3006,0.3747,0.4404
893cf2c6e5bffff,16,4,22.550753,88.408197,0.7251,2420.6,0.4746,0.651,0.226,0.5831,0.5438
893cf289273ffff,5,6,22.591299,88.406437,0.8337,3062.3,0.0847,0.7199,0.2846,1.076,0.5752
893cf2c6213ffff,10,6,22.547325,88.366105,0.858,1270.6,0.7181,0.6355,0.3579,0.4647,0.738
893cf2c62abffff,12,6,22.549322,88.372975,0.8506,1855.4,0.5425,0.5542,0.3157,0.2564,0.6666
893cf2c62a7ffff,5,6,22.553501,88.377266,0.6219,1625.8,0,0.6386,0.3466,0.8719,0.5705
893cf2d4c2fffff,20,0,22.633126,88.338512,0.609,5604.8,0.4692,0.6152,0.268,0.297,0.515
893cf2c6813ffff,3,5,22.568276,88.438254,0.8172,1748.0,0,0.5037,0.1916,0.9426,0.5188
893cf2c0d13ffff,16,1,22.488789,88.306063,0.6369,1410.2,0.5862,0.6108,0.2699,0.117,0.6386
893cf2c401bffff,23,6,22.513567,88.401362,0.5119,6086.6,0.2041,0.4902,0.3056,0.7082,0.4099
893cf2d4d6fffff,22,6,22.632759,88.357415,0.8151,4121.9,0.0101,0.5314,0.3741,0.4895,0.4904
893cf2d4b57ffff,11,5,22.600775,88.358312,0.7884,1053.6,0.4987,0.6162,0.326,0.5149,0.6559
893cf2c458fffff,3,5,22.542206,88.409065,0.7442,3073.3,0.0042,0.5946,0.2532,0.7562,0.543
893cf2891c3ffff,12,2,22.626094,88.425309,0.9,2464.1,0.6023,0.6549,0.2228,0.2931,0.6687
893cf2c70d7ffff,15,2,22.519246,88.330066,0.5721,170.0,0.4012,0.5793,0.3708,1.4536,0.6018
893cf2c413bffff,11,6,22.520358,88.434861,0.6041,5762.4,0.5613,0.6758,0.2958,0.4033,0.5303
893cf2d4963ffff,22,6,22.61967,88.372896,0.5867,2325.7,0,0.5763,0.2786,1.2473,0.4613
893cf2c73c7ffff,17,0,22.501777,88.350699,0.7727,2898.9,0.8927,0.5625,0.205,0.9672,0.6753
893cf2c6853ffff,20,6,22.560916,88.433105,0.6711,1604.1,0.5376,0.6816,0.2454,0.2176,0.6144
893cf2d4963ffff,20,2,22.61967,88.372896,0.4992,2394.6,0.7357,0.6792,0.2602,0.3876,0.5533
893cf2c7563ffff,16,4,22.530604,88.348946,0.7246,996.4,0.5622,0.6437,0.222,0.2915,0.6526
893cf289327ffff,10,6,22.604452,88.441658,0.8016,4283.8,0.6216,0.6921,0.3103,0.543,0.628
893cf2c76d3ffff,23,2,22.511251,88.302598,0.6066,1416.0,0.1895,0.5447,0.3396,1.5161,0.5492
893cf2d43abffff,8,1,22.610415,88.300745,0.5091,7230.1,0.7259,0.5898,0.2318,0.73,0.4586
893cf2d5bbbffff,0,1,22.559793,88.328297,0.6494,1717.3,0,0.5026,0.326,0.9064,0.4809
893cf2d456fffff,19,0,22.634034,88.291263,0.5097,8983.3,0.4306,0.5165,0.4016,0.5724,0.4506
893cf2d4bbbffff,21,5,22.611314,88.364313,0.7873,2255.8,0.2603,0.6706,0.4041,0.0918,0.6563
893cf2c2b67ffff,0,5,22.495339,88.298327,0.5976,799.4,0,0.6367,0.303,2.4611,0.4654
893cf2c2b47ffff,19,3,22.495522,88.288882,0.558,1137.5,0.5056,0.47,0.294,0.8851,0.5886
893cf2c2b23ffff,22,5,22.501704,88.300035,0.5172,378.8,0.26,0.5806,0.2803,1.5003,0.5208
893cf2c65cfffff,23,2,22.587682,88.373791,0.6217,1113.2,0.1585,0.6387,0.2733,1.2527,0.5166
893cf2c6dd3ffff,13,0,22.590733,88.434796,0.7324,2647.6,0.3632,0.6112,0.1924,0.5929,0.5835
893cf2d5d67ffff,7,5,22.584425,88.322253,0.7768,4065.2,0.155,0.6321,0.3046,0.6718,0.5202
893cf2c55c3ffff,17,4,22.485488,88.365318,0.7167,5432.1,0.6293,0.5456,0.3591,0.3534,0.571
893cf2c6533ffff,6,3,22.591674,88.387533,0.75,1009.0,0.0749,0.5748,0.4233,0.3728,0.6189
893cf2d4a53ffff,5,3,22.592785,88.330832,0.6302,3049.6,0.1196,0.6036,0.3303,0.4401,0.4942
893cf2d6a73ffff,16,4,22.645391,88.310146,0.6988,8360.2,0.4826,0.473,0.2038,0.5276,0.4958
893cf28b26bffff,15,5,22.638749,88.37803,0.7002,2294.6,0.4089,0.5386,0.2123,0.6692,0.5974
893cf2c2b47ffff,7,0,22.495522,88.288882,0.6459,1370.4,0.3247,0.5564,0.2323,0,0.6253
893cf2c428fffff,5,0,22.497654,88.397084,0.6966,6970.2,0.1724,0.5618,0.2743,0.9199,0.4425
893cf2d4c57ffff,17,1,22.631311,88.322192,0.7278,6713.8,0.7171,0.6322,0.291,0.3568,0.6161
893cf2d59c3ffff,0,2,22.575882,88.323123,0.622,2776.9,0.1062,0.6455,0.236,0.7063,0.4825
893cf2c0d0bffff,23,2,22.483423,88.307787,0.596,2237.4,0.2593,0.5446,0.2487,0.2355,0.5937
893cf2c291bffff,7,0,22.523163,88.293136,0.8429,2290.8,0.3177,0.759,0.336,0.2196,0.6498
893cf289663ffff,11,6,22.604396,88.390957,0.8002,1739.7,0.5754,0.7099,0.3967,0.0258,0.7574
893cf2c4457ffff,6,0,22.525676,88.382451,0.7758,4037.7,0.2719,0.4596,0.2752,0.5905,0.5107
893cf2c7153ffff,21,5,22.517689,88.354974,0.6093,2645.4,0.1957,0.6657,0.3116,0.136,0.584
893cf2c742bffff,13,0,22.527793,88.329197,0.5998,1069.2,0.3681,0.5837,0.223,1.0468,0.5302
893cf2c4e1bffff,9,1,22.505251,88.443466,0.6566,7518.3,0.6554,0.5117,0.2195,0.8701,0.482
893cf2c6883ffff,9,1,22.573641,88.43653,0.8495,1933.4,0.8075,0.6586,0.2744,0.4193,0.7626
893cf2d6a43ffff,20,6,22.643392,88.303276,0.7104,8489.4,0.859,0.548,0.2413,0.9974,0.545
893cf2c6c5bffff,11,1,22.573023,88.414189,0.742,970.4,0.4592,0.651,0.2783,0.725,0.6227
893cf289327ffff,4,2,22.604452,88.441658,0.6955,4501.9,0.0207,0.6706,0.3147,0.8353,0.4447
893cf2d4b0fffff,6,2,22.602772,88.365182,0.8135,1411.4,0.1778,0.6844,0.3116,0.227,0.6527
893cf2d6b4fffff,7,5,22.648207,88.329902,0.679,7124.9,0.1436,0.6051,0.3888,0.0943,0.5269
893cf2d5babffff,6,3,22.557611,88.330876,0.8317,1189.7,0.3849,0.6336,0.2119,0.8773,0.5975
893cf289357ffff,4,0,22.599467,88.424475,0.6725,3555.8,0.1103,0.4982,0.3594,0.0995,0.5334
893cf2c6387ffff,3,1,22.560675,88.391863,0.8076,3412.2,0,0.6166,0.2486,1.0106,0.4703
893cf2d5a97ffff,22,2,22.557162,88.2991,0.6204,4650.1,0.0202,0.6199,0.3512,0.6313,0.4825
893cf2c639bffff,4,6,22.558679,88.384992,0.6848,2599.8,0.0624,0.5135,0.3026,0.9623,0.4781
893cf2c6507ffff,5,3,22.590676,88.384098,0.7982,1232.0,0.3008,0.6735,0.2875,0.3692,0.6462
893cf2c09b3ffff,15,6,22.480869,88.329256,0.7104,3685.0,0.1533,0.6063,0.2533,0.2972,0.5489
893cf2c6c93ffff,1,4,22.591111,88.41589,0.7096,2508.9,0,0.5537,0.2998,0.8102,0.5562
893cf2c7153ffff,18,0,22.517689,88.354974,0.5154,2434.1,0.6693,0.6767,0.3572,0.0022,0.6127
893cf2d4813ffff,3,0,22.622405,88.341962,0.5341,4535.8,0.2739,0.5901,0.2223,0.9053,0.4707
893cf2c6107ffff,11,5,22.575395,88.402157,0.7962,1823.7,0.2497,0.7134,0.3749,0.1884,0.6405
893cf2c2827ffff,22,4,22.517982,88.285416,0.6879,2605.0,0.149,0.6479,0.1964,0.2316,0.5528
893cf2d4c87ffff,10,1,22.644029,88.325612,0.7619,7248.4,0.6568,0.5788,0.2823,0.7111,0.5341
893cf2c2827ffff,8,1,22.517982,88.285416,0.675,2518.0,0.7225,0.6907,0.362,0.4727,0.671
893cf2c6eafffff,9,3,22.564287,88.424509,0.7681,708.3,0.5482,0.5795,0.1936,0.3532,0.6548
893cf2c7063ffff,18,5,22.508329,88.342962,0.6571,1821.9,0.8745,0.7207,0.289,0.4179,0.6939
893cf2c7297ffff,13,0,22.504333,88.329227,0.7475,1930.5,0.629,0.6869,0.3593,0,0.6825
893cf2d4353ffff,11,2,22.601056,88.288733,0.6746,7754.9,0.625,0.6244,0.3264,0.021,0.568
893cf2d4b27ffff,4,0,22.605766,88.375489,0.8797,703.8,0,0.7225,0.2538,0.1665,0.6576
893cf2c5493ffff,8,6,22.488047,88.343845,0.7725,3785.0,0.7128,0.5166,0.4511,0.1589,0.6337
893cf2d6a6fffff,18,0,22.641031,88.315306,0.6648,7710.1,0.4629,0.6436,0.2652,0.6227,0.5134
893cf2d415bffff,2,2,22.620136,88.29386,0.6276,8213.6,0.0417,0.5433,0.432,0.6683,0.4558
893cf2c684fffff,20,6,22.556547,88.438264,0.5605,2351.9,0.5621,0.6035,0.3569,0.5909,0.6036
893cf2d48a7ffff,11,6,22.628581,88.353124,0.6547,4043.3,0.3259,0.6472,0.2793,0.4282,0.5521
893cf2c6a5bffff,22,5,22.535463,88.426255,0.5662,3724.4,0.4281,0.537,0.3155,0.9568,0.5017
893cf2c2993ffff,5,1,22.533891,88.289687,0.7308,3626.6,0.1666,0.5164,0.2949,0.6033,0.545
893cf2892abffff,10,3,22.600841,88.409005,0.8389,3184.1,0.6503,0.7037,0.3393,0.0323,0.6394
893cf2c7593ffff,12,2,22.547882,88.33776,0.7178,577.3,0.5654,0.5771,0.2858,0,0.7072
893cf2c2d0fffff,9,1,22.537255,88.281095,0.7658,4480.5,0.5642,0.6157,0.2913,0.4622,0.5511
893cf2c708bffff,23,2,22.520245,88.3335,0.4411,825.1,0.0612,0.6238,0.3348,2.0263,0.4359
893cf2d4b7bffff,2,1,22.596411,88.363471,0.6437,780.1,0.0774,0.681,0.2906,0.7176,0.6038
893cf2c6eafffff,8,2,22.564287,88.424509,0.8549,626.5,0.6717,0.6889,0.3464,0.0709,0.7358
893cf2d6a6fffff,4,4,22.641031,88.315306,0.7059,7850.2,0.1311,0.549,0.266,0.5332,0.472
893cf2c43cbffff,20,3,22.496276,88.412547,0.7513,8457.7,0.6914,0.5413,0.2101,0.9407,0.4872
893cf2c4407ffff,20,0,22.530854,88.390176,0.6755,4192.8,0.6515,0.6318,0.3271,0.4877,0.5861
893cf2d5bcbffff,16,5,22.550433,88.316285,0.7955,2715.6,0.4714,0.7838,0.3527,0.5767,0.5673
893cf2c4323ffff,19,1,22.499077,88.432303,0.6824,8208.8,0.7979,0.6333,0.265,0.284,0.6516
893cf2890d3ffff,15,4,22.621294,88.398672,0.8256,697.4,0.4733,0.7649,0.6354,0.1399,0.7734
893cf2d4c97ffff,22,3,22.646209,88.323031,0.6601,7614.1,0.1782,0.7968,0.2671,0.7348,0.4756
893cf2d496fffff,2,0,22.617489,88.375476,0.7639,1606.6,0.1055,0.6204,0.3094,0.4078,0.542
893cf2d419bffff,18,2,22.635034,88.294698,0.4693,8620.6,0.7839,0.5159,0.2404,0.2131,0.5162
893cf2c6227ffff,10,4,22.545953,88.381569,0.8299,2619.5,0.6018,0.5512,0.3199,0,0.6257
893cf2d5993ffff,3,1,22.585425,88.325687,0.672,3873.9,0.1945,0.4844,0.232,0.7036,0.5176
893cf2d4ccbffff,10,1,22.632492,88.316177,0.7974,6772.4,0.6704,0.6964,0.3833,0.5646,0.6528
893cf2c459bffff,7,5,22.543392,88.403049,0.7805,3655.2,0.3566,0.5878,0.2402,0.5305,0.5851
893cf2c63cfffff,13,6,22.550132,88.38586,0.6944,2923.7,0.4773,0.5913,0.2636,0.432,0.5889
893cf28908fffff,4,1,22.624287,88.408982,0.6409,1335.2,0.154,0.63,0.5064,0.1436,0.5908
893cf2d4e13ffff,21,3,22.615412,88.317917,0.6303,5607.0,0.3464,0.5847,0.3129,1.1296,0.3829
893cf2c62abffff,19,5,22.549322,88.372975,0.6987,1960.6,0.5979,0.6468,0.1793,0.7372,0.6418
893cf2c2bcfffff,11,4,22.499888,88.283725,0.9198,1676.4,0.5076,0.5512,0.3826,0.5605,0.7139
893cf2c6647ffff,20,1,22.55406,88.348918,0.789,429.6,0.691,0.6313,0.2828,0.6363,0.7176
893cf2c6d43ffff,22,3,22.581,88.44168,0.7668,2437.2,0.1417,0.5526,0.4127,0.5172,0.5431
893cf28b20bffff,13,4,22.646291,88.373725,0.7769,3269.6,0.6764,0.6105,0.3967,0.2812,0.6642
893cf2c6a63ffff,9,1,22.536269,88.439142,0.8198,3780.6,0.7447,0.632,0.4312,0.9749,0.6272
893cf2c45c3ffff,6,4,22.537029,88.401338,0.7154,4025.3,0.2411,0.4329,0.2789,0.2623,0.5041
893cf2c6aa3ffff,4,5,22.551181,88.439988,0.7194,3220.6,0.0317,0.6427,0.3674,0.4546,0.5313
893cf2c7083ffff,9,1,22.523427,88.334355,0.533,704.5,0.6938,0.4684,0.1793,0.9842,0.6013
893cf2d4267ffff,19,3,22.592695,88.280157,0.6602,7927.7,0.6551,0.725,0.2496,0.4643,0.5505
893cf2c4367ffff,4,1,22.492711,88.430591,0.545,8757.0,0.2923,0.5338,0.3096,0.5899,0.5147
893cf2c62dbffff,14,2,22.54433,88.355801,0.6841,402.8,0.5225,0.4933,0.3014,0.7786,0.6553
893cf2d5c4fffff,9,0,22.57443,88.287912,0.7726,5961.1,0.6255,0.5857,0.3554,0.0752,0.5753
893cf2d4ddbffff,2,2,22.641666,88.337643,0.6194,6009.0,0.3734,0.7097,0.2298,0.7639,0.4107
893cf2d5dc3ffff,23,5,22.591152,88.305065,0.5128,5378.2,0.0973,0.5613,0.4647,0.6104,0.451
893cf2c756bffff,1,5,22.527422,88.348091,0.778,1575.5,0.0906,0.608,0.3961,1.0022,0.5432
893cf2c09a7ffff,5,3,22.479684,88.335269,0.8683,4287.1,0.0607,0.6208,0.1836,0.665,0.5077
893cf289693ffff,8,6,22.621667,88.379768,0.7813,2337.5,0.7918,0.451,0.3847,0.2361,0.6693
893cf2c458fffff,0,4,22.542206,88.409065,0.6238,3633.7,0.1003,0.6272,0.3655,0.5921,0.4371
893cf2c44cbffff,9,5,22.526861,88.376437,0.8333,2718.9,0.6973,0.7363,0.1704,0.5488,0.6522
893cf289e53ffff,22,5,22.605449,88.445095,0.5548,4588.4,0,0.6849,0.1122,0.1363,0.4068
893cf2c4c83ffff,8,0,22.536077,88.448594,0.8844,4627.3,0.6284,0.5783,0.1686,0.3456,0.6193
893cf2c6dbbffff,19,4,22.59472,88.448543,0.6173,4027.3,0.7135,0.6787,0.3702,0.4612,0.5915
893cf289577ffff,21,0,22.636818,88.421861,0.6687,2656.0,0.359,0.5552,0.3936,0.1234,0.624
893cf2c5533ffff,2,6,22.487296,88.381634,0.7294,6269.4,0,0.5538,0.1716,0.5391,0.4063
893cf289e53ffff,20,5,22.605449,88.445095,0.7677,4818.4,0.7799,0.3877,0.2774,0.8017,0.5661
893cf2d5a17ffff,2,4,22.549617,88.303404,0.6399,4131.7,0.1335,0.4309,0.3502,0.4632,0.4876
893cf28921bffff,5,0,22.595665,88.401277,0.7337,2131.9,0.2125,0.6265,0.2848,0.3891,0.5625
893cf28b21bffff,22,3,22.648472,88.371145,0.6698,3746.7,0,0.5173,0.3602,0.8928,0.4285
893cf2c6483ffff,20,4,22.590235,88.35231,0.696,1280.1,0.6117,0.5346,0.2952,0.3215,0.6096
893cf2d4ed7ffff,16,4,22.616593,88.311903,0.7459,6424.1,0.4071,0.6223,0.2787,0.2647,0.5604
893cf2c60afffff,11,5,22.572589,88.382399,0.8365,1201.6,0.5359,0.539,0.2032,0.2371,0.7035
893cf2d580fffff,2,5,22.566523,88.311111,0.5992,3375.5,0.1227,0.656,0.3955,0.3031,0.4996
893cf2d5bbbffff,11,0,22.559793,88.328297,0.9428,1514.0,0.596,0.6357,0.3998,0.2888,0.7594
893cf2c612bffff,13,2,22.571028,88.407317,0.913,1241.1,0.5807,0.7188,0.3651,0.3181,0.7375
893cf2d4ed3ffff,16,3,22.615594,88.308468,0.8223,6301.0,0.4943,0.5419,0.4866,0.2609,0.545
893cf2d4e77ffff,6,0,22.608869,88.325657,0.6963,4252.1,0.2536,0.5627,0.2769,0.994,0.4878
893cf2d4197ffff,22,3,22.639213,88.298987,0.6133,8513.6,0.1426,0.7084,0.3175,0.8357,0.492
893cf2c2bbbffff,12,1,22.508252,88.292299,0.7367,1224.0,0.6317,0.6506,0.3081,0.942,0.6868
893cf2d5b83ffff,6,1,22.560976,88.322283,0.9547,2163.0,0.5826,0.5745,0.3261,0.6242,0.685
893cf2c408bffff,20,0,22.518934,88.399638,0.5717,5965.8,0.7571,0.5944,0.3183,0.3979,0.5282
893cf2c7527ffff,12,4,22.538965,88.357526,0.8043,682.9,0.5879,0.6228,0.2984,0.3084,0.7087
893cf2c2993ffff,10,4,22.533891,88.289687,0.7857,4259.7,0.6508,0.5448,0.3249,0.0225,0.5989
893cf2c4e73ffff,12,0,22.500879,88.448625,0.6125,8393.6,0.4052,0.5252,0.3488,0.3467,0.5159
893cf2c6cabffff,8,6,22.585558,88.427066,0.8612,1652.8,0.5763,0.7204,0.2432,1.1114,0.6208
893cf2c45abffff,19,6,22.541019,88.41508,0.7512,3648.2,0.7972,0.6137,0.3981,0.6725,0.6368
893cf2894c3ffff,11,5,22.634386,88.383191,0.8158,1654.1,0.6113,0.6366,0.2758,0.1886,0.6489
893cf2d5d37ffff,8,5,22.593967,88.324817,0.7389,4090.7,0.8045,0.5925,0.3353,0.482,0.609
893cf28955bffff,12,0,22.632829,88.408114,0.9386,850.7,0.5765,0.7636,0.5709,0.2142,0.8126
893cf2c0d0bffff,22,4,22.483423,88.307787,0.6248,2058.0,0.115,0.6909,0.3079,0.8149,0.5916
893cf2c0dafffff,6,3,22.491787,88.316362,0.7523,1888.8,0.2257,0.6572,0.2126,0.6904,0.567
893cf2d6b7bffff,21,1,22.649206,88.333337,0.6779,7087.7,0.0559,0.7212,0.1944,0.1016,0.4717
893cf2d4e4fffff,3,0,22.603691,88.317933,0.7499,4806.8,0,0.7048,0.4765,0.7153,0.4785
893cf2d4143ffff,2,0,22.621135,88.297294,0.5099,7193.0,0.2662,0.7526,0.3136,0.5415,0.492
893cf2c4323ffff,23,6,22.499077,88.432303,0.6398,7638.8,0.0757,0.662,0.4563,0.4727,0.525
893cf2c6c53ffff,19,6,22.576204,88.415045,0.5448,703.5,0.7759,0.5632,0.3165,0,0.6595
893cf2d5bafffff,7,0,22.55861,88.334311,0.7611,885.4,0.3044,0.5732,0.3305,0.0773,0.6124
893cf2d6a6fffff,7,4,22.641031,88.315306,0.7165,7736.7,0.1606,0.6075,0.2526,0.15,0.4934
893cf2c6aa3ffff,3,5,22.551181,88.439988,0.7086,3019.9,0.0664,0.7745,0.2317,1.146,0.4695
893cf2d5a3bffff,16,6,22.545253,88.308563,0.808,3424.9,0.621,0.6525,0.2538,0.098,0.6064
893cf2d4e13ffff,23,4,22.615412,88.317917,0.6603,5466.1,0.1311,0.6061,0.4264,0.4825,0.5199
893cf2d4a53ffff,11,6,22.592785,88.330832,0.7072,3735.9,0.5792,0.6094,0.3161,0.5403,0.5641
893cf2c760bffff,20,2,22.505702,88.313768,0.5356,1546.4,0.8095,0.6099,0.2385,0.7,0.6213
893cf288233ffff,23,2,22.650157,88.447634,0.5174,5662.6,0.3559,0.5867,0.2342,1.1839,0.4213
893cf2d4ac7ffff,15,3,22.599146,88.332541,0.6878,3544.0,0.4464,0.6216,0.3361,0,0.5805
893cf2d4e4fffff,10,5,22.603691,88.317933,0.5046,5038.0,0.7671,0.7037,0.3751,0.1418,0.5257
893cf2d5a33ffff,21,2,22.548434,88.309417,0.5922,3759.5,0.2417,0.5784,0.2904,0.3467,0.5063
893cf2c66a3ffff,16,5,22.567784,88.355773,0.6329,856.3,0.3652,0.5569,0.2732,0.3039,0.6228
893cf2d5b53ffff,20,3,22.548251,88.318864,0.7176,2749.4,0.7177,0.6429,0.3039,0.5266,0.6359
893cf2d4b7bffff,10,6,22.596411,88.363471,0.7601,852.2,0.8435,0.4523,0.2129,0,0.7121
893cf2c7473ffff,21,5,22.525794,88.322329,0.6387,580.8,0.3538,0.4727,0.266,1.2931,0.579
893cf2c7153ffff,11,4,22.517689,88.354974,0.7364,2711.0,0.6077,0.6621,0.3968,0.3344,0.6934
893cf2c458fffff,14,6,22.542206,88.409065,0.8628,3320.1,0.5674,0.6461,0.2307,0.2885,0.6293
893cf2c658fffff,14,0,22.595041,88.378938,0.7786,273.9,0.5862,0.74,0.6147,0.3578,0.7428
893cf2c6c2bffff,4,0,22.578009,88.43137,0.6835,1313.9,0.132,0.583,0.2571,0.8189,0.5827
893cf2c44b7ffff,8,3,22.540399,88.392743,0.7161,4198.6,0.7567,0.6261,0.3765,0.4294,0.6082
893cf2c296fffff,9,4,22.514433,88.303452,0.7545,1804.8,0.6872,0.6433,0.2358,0.0782,0.6369
893cf2892b7ffff,17,6,22.607201,88.410718,0.7569,3107.0,0.6551,0.556,0.2964,0,0.6531
893cf2c757bffff,15,2,22.529605,88.345512,0.8293,1509.3,0.5882,0.5441,0.3136,0.1097,0.7149
893cf2c458fffff,22,6,22.542206,88.409065,0.5534,3611.4,0,0.5725,0.2511,0.8251,0.4303
893cf2d4ed7ffff,0,2,22.616593,88.311903,0.4811,6094.6,0.0615,0.548,0.2572,0.2514,0.3874
893cf2c2977ffff,2,5,22.519798,88.301728,0.7429,2261.4,0.0377,0.5311,0.2551,1.2297,0.5096
893cf2c66a3ffff,20,5,22.567784,88.355773,0.6743,1032.1,0.8156,0.548,0.2479,1.3735,0.5851
893cf2c4e73ffff,10,1,22.500879,88.448625,0.7386,8059.7,0.765,0.624,0.3011,0.2272,0.5334
893cf28960bffff,8,4,22.60876,88.385796,0.8204,1162.3,0.6032,0.6907,0.4469,0.3215,0.7284
893cf2c2993ffff,21,2,22.533891,88.289687,0.5468,3927.5,0.3735,0.6112,0.3134,0.6441,0.4761
893cf2c649bffff,23,4,22.589236,88.348875,0.7204,1506.5,0.2179,0.7488,0.3269,0.6233,0.634
893cf289e43ffff,11,2,22.603265,88.447676,0.89,4692.0,0.3913,0.4941,0.3985,0.1354,0.5682
893cf2d49c7ffff,18,1,22.628397,88.362575,0.6907,3656.5,0.8457,0.6695,0.409,0.5874,0.6845
893cf289127ffff,21,5,22.626713,88.447655,0.6906,4799.3,0.2941,0.6016,0.2165,0.0332,0.5302
893cf2c7367ffff,3,5,22.494039,88.364449,0.7835,4959.2,0.1424,0.6844,0.151,0.4009,0.4951
893cf2c6e03ffff,12,1,22.559111,88.41678,0.8271,1345.3,0.3456,0.6356,0.3574,0.7502,0.6198
893cf2c7067ffff,21,2,22.509327,88.346396,0.7267,2105.6,0.3389,0.5566,0.2821,0.1259,0.6262
893cf2c5533ffff,20,2,22.487296,88.381634,0.5227,6133.0,0.9269,0.7427,0.2665,0.3826,0.552
893cf2d5dc3ffff,13,4,22.591152,88.305065,0.8012,5793.6,0.4298,0.4836,0.2986,0.868,0.5011
893cf2c6c5bffff,14,0,22.573023,88.414189,0.7483,546.8,0.5096,0.6216,0.2497,0.1526,0.6978
893cf2c7073ffff,4,2,22.510512,88.340383,0.4494,1247.3,0.1061,0.5561,0.3167,0.7156,0.4605
893cf2c6ddbffff,5,5,22.587552,88.433939,0.4769,2584.2,0,0.6442,0.2932,0.7479,0.4742
893cf2c43dbffff,7,2,22.498462,88.409968,0.6758,7903.7,0.4329,0.5263,0.2891,0.7244,0.5278
893cf2c6893ffff,23,5,22.575825,88.43395,0.6569,1476.5,0.1515,0.5831,0.4036,0.705,0.578
893cf2c61a7ffff,7,1,22.582754,88.407305,0.8135,1940.8,0.5193,0.5465,0.2595,0.1625,0.6413
893cf2c68abffff,11,1,22.570269,88.445127,0.7346,2691.0,0.4114,0.5528,0.2876,0,0.6291
893cf2c434fffff,5,0,22.48972,88.420285,0.678,8923.3,0.2736,0.6023,0.3608,0.3454,0.5371
893cf2c4473ffff,13,4,22.524489,88.388465,0.7351,4055.8,0.6049,0.6341,0.3111,0.4228,0.6463
893cf2c4303ffff,16,3,22.499268,88.422853,0.7556,8109.0,0.4346,0.5103,0.2891,0.7299,0.5307
893cf2c66a7ffff,3,2,22.568782,88.359208,0.5675,1371.9,0.0365,0.5708,0.2226,1.7912,0.4027
893cf2c2b6fffff,5,4,22.492156,88.297473,0.7224,892.4,0.1472,0.6058,0.3127,1.2819,0.5731
893cf28940fffff,9,0,22.632018,88.395224,0.8312,245.3,0.8699,0.7304,0.6433,0,0.8289
893cf2c7577ffff,4,1,22.533786,88.349801,0.7657,500.3,0.177,0.4021,0.2751,0.7611,0.6138
893cf28b2cbffff,8,6,22.646475,88.364273,0.6394,3966.6,0.6385,0.5174,0.2256,0.075,0.5621
893cf2c6233ffff,3,3,22.547138,88.375555,0.7554,2391.2,0.0951,0.7616,0.2859,0.4505,0.5657
893cf2d4d6fffff,14,5,22.632759,88.357415,0.7235,3888.7,0.3782,0.6337,0.4201,0.4353,0.5881
893cf2d5b2fffff,12,4,22.551064,88.338615,0.7789,865.2,0.5005,0.5024,0.3427,0.5219,0.6925
893cf289537ffff,15,0,22.644175,88.427011,0.7087,3330.3,0.5983,0.697,0.2891,0.5303,0.6408
893cf2c7457ffff,10,5,22.526978,88.316316,0.6935,1680.3,0.6873,0.5506,0.2494,0.4918,0.601
893cf28940fffff,12,5,22.632018,88.395224,0.8635,50,0.3932,0.7156,0.6994,0.585,0.7777
893cf2c6dbbffff,17,3,22.59472,88.448543,0.677,3749.9,0.8765,0.5276,0.2996,0.2885,0.6956
893cf289537ffff,7,2,22.644175,88.427011,0.853,2920.8,0.439,0.5544,0.3755,0.6889,0.5729
893cf28921bffff,22,0,22.595665,88.401277,0.731,2588.7,0.1702,0.4238,0.165,0.6745,0.5708
893cf2d4807ffff,3,1,22.621223,88.347978,0.6815,3886.4,0.0036,0.6157,0.2183,0.5491,0.4975
893cf2893d7ffff,17,4,22.607013,88.420171,0.6266,3308.4,0.5731,0.7276,0.3329,0.7692,0.5441
893cf289e5bffff,17,6,22.602268,88.444239,0.6794,4573.8,0.6154,0.4931,0.1276,0,0.5476
893cf2d6acfffff,12,1,22.648751,88.301551,0.881,9450.5,0.475,0.6136,0.1783,0.4574,0.5539
893cf289033ffff,17,0,22.620919,88.417579,0.7241,2128.6,0.6775,0.4774,0.22,0.3563,0.6208
893cf2c4207ffff,3,1,22.493284,88.402242,0.7506,7486.9,0.1135,0.5877,0.3613,0.7979,0.494
893cf2d6a43ffff,6,4,22.643392,88.303276,0.7229,8690.0,0.3558,0.574,0.3002,0.2886,0.5619
893cf2d4a87ffff,16,3,22.606505,88.337686,0.8941,3593.6,0.4723,0.5312,0.402,0.4549,0.6043
893cf289cd7ffff,11,2,22.636252,88.450225,0.7275,5169.3,0.7058,0.4879,0.315,0.4075,0.5824
893cf2c4437ffff,2,3,22.532849,88.397047,0.5551,4880.8,0.203,0.6702,0.409,0.3499,0.4997
893cf2c2927ffff,8,2,22.524979,88.309449,0.7575,2182.0,0.7294,0.5914,0.4096,0.0894,0.7114
893cf2c6e8fffff,17,3,22.564477,88.415057,0.8243,719.4,0.6915,0.5676,0.3505,0.3381,0.6737
893cf2c6c2bffff,15,1,22.578009,88.43137,0.9428,1670.9,0.5273,0.5529,0.2514,0,0.7215
893cf2893d7ffff,0,6,22.607013,88.420171,0.6693,3324.7,0.2545,0.6796,0.2681,0.8259,0.5226
893cf2c70cfffff,12,2,22.51388,88.331791,0.6952,386.6,0.5482,0.5597,0.3381,0.8822,0.6374
893cf2c7043ffff,2,0,22.508514,88.333515,0.6044,917.1,0.0895,0.5476,0.3356,0.7669,0.5487
893cf2d5bd7ffff,23,1,22.556796,88.317994,0.6505,2758.9,0,0.4879,0.21,0.5732,0.4391
893cf2d4acbffff,13,0,22.594966,88.328252,0.6994,3589.7,0.5758,0.5211,0.2395,0.0714,0.6263
893cf2d5bafffff,15,6,22.55861,88.334311,0.9517,1265.0,0.5478,0.7683,0.2523,0.5784,0.6648
893cf2d592fffff,22,4,22.573332,88.3446,0.8485,2310.2,0.0008,0.4797,0.3485,0.6927,0.6042
893cf2d4c6bffff,12,4,22.624769,88.329932,0.8844,5379.6,0.5897,0.6479,0.4078,0.0113,0.5958
893cf28b20bffff,5,2,22.646291,88.373725,0.5104,3224.0,0.0449,0.6168,0.1622,0.1439,0.447
893cf28904fffff,21,3,22.609384,88.408137,0.6876,2128.5,0.1565,0.6433,0.3645,0.0651,0.5635
893cf2c4037ffff,7,3,22.517557,88.415103,0.8643,5964.0,0.327,0.4639,0.3524,0.2474,0.5104
893cf2c6c8fffff,20,1,22.586744,88.42105,0.6171,1550.0,0.5719,0.5989,0.2516,0.48,0.6131
893cf2d419bffff,22,6,22.635034,88.294698,0.598,9044.4,0.1705,0.6794,0.318,0.6057,0.4151
893cf2c463bffff,8,2,22.506393,88.386767,0.7038,5470.2,0.8408,0.572,0.3497,0.3508,0.6008
893cf2c756bffff,14,5,22.527422,88.348091,0.8097,1243.0,0.5562,0.631,0.2687,0.465,0.7016
893cf2c63bbffff,18,6,22.558491,88.394442,0.7233,3052.7,0.6706,0.5202,0.4315,0.9112,0.6437
893cf2c73a7ffff,23,4,22.508954,88.365291,0.6608,3970.0,0.2046,0.6925,0.2817,0.3835,0.5382
893cf2d4943ffff,4,2,22.619856,88.363444,0.7325,2520.6,0.1194,0.5749,0.2939,0.8735,0.5488
893cf2d4cabffff,4,1,22.639668,88.330772,0.7384,6495.1,0.0116,0.6096,0.3499,0.7221,0.4951
893cf2d5c3bffff,15,1,22.582791,88.296488,0.8468,5613.0,0.4559,0.5726,0.3563,0.19,0.5568
893cf2c2927ffff,7,1,22.524979,88.309449,0.8434,2080.1,0.3098,0.5409,0.2241,0.5055,0.6353
893cf2d5d37ffff,21,2,22.593967,88.324817,0.5762,4191.1,0.2742,0.4225,0.2045,0.2232,0.4366
893cf2c4483ffff,1,6,22.537405,88.382438,0.7659,3416.3,0.2169,0.5507,0.2485,0.3681,0.5568
893cf2d580bffff,19,5,22.565523,88.307677,0.4771,3623.2,0.7663,0.6009,0.3736,0.3056,0.6336
893cf2d4b7bffff,17,3,22.596411,88.363471,0.6617,866.3,0.5182,0.3791,0.2378,0.3868,0.6191
893cf2d41d7ffff,18,3,22.631855,88.293843,0.6706,8825.4,0.5753,0.5977,0.3087,0.5054,0.5448
893cf2d5a2fffff,11,3,22.54407,88.314576,0.6895,3239.8,0.5157,0.5906,0.3084,0.0703,0.6554
893cf2d4a4fffff,8,3,22.588422,88.335991,0.7889,3109.4,0.6033,0.6291,0.319,0.2514,0.6466
893cf2c616bffff,8,5,22.563668,88.402169,0.8051,1799.3,0.8232,0.5535,0.2574,0.1686,0.7308
893cf2c4373ffff,15,0,22.4939,88.424576,0.8614,8473.4,0.2706,0.6792,0.3791,0.3918,0.5464
893cf2c705bffff,18,3,22.507515,88.330081,0.7164,1146.2,0.7959,0.4508,0.3383,0.53,0.6803
893cf2c72cfffff,16,1,22.491602,88.325808,0.7924,2702.3,0.6064,0.5964,0.2195,0.1056,0.6421
893cf2c4367ffff,5,0,22.492711,88.430591,0.5749,8765.0,0.2095,0.676,0.2518,0,0.418
893cf2d4843ffff,9,5,22.612865,88.339397,0.7325,4183.7,0.72,0.4775,0.3695,0.4842,0.5728
893cf2c408bffff,1,3,22.518934,88.399638,0.6135,5546.9,0.018,0.5975,0.333,0.816,0.3854
893cf2d4ac7ffff,4,2,22.599146,88.332541,0.6593,3678.5,0.1188,0.5251,0.3867,0.5754,0.516
893cf2c766bffff,0,0,22.498153,88.318071,0.5975,1937.6,0.0969,0.6237,0.2867,1.4692,0.513
893cf2c6dd7ffff,0,1,22.59173,88.438232,0.6424,3375.6,0.0905,0.3335,0.2193,0.9511,0.4548
893cf2c642fffff,1,2,22.580322,88.368645,0.6041,321.2,0.1469,0.6251,0.4414,0.9068,0.5187
893cf2c4cdbffff,9,1,22.52772,88.440009,0.8063,4786.5,0.755,0.5359,0.2506,0.752,0.5837
893cf2d489bffff,2,4,22.626767,88.336802,0.792,4836.5,0,0.5847,0.3057,0.6373,0.4619
893cf2c68cfffff,10,6,22.564097,88.433961,0.6482,1310.0,0.603,0.5591,0.3214,0.7251,0.6167
893cf2c73a7ffff,18,6,22.508954,88.365291,0.6207,3835.1,0.7511,0.551,0.3143,0.7301,0.5336
893cf2c714bffff,6,4,22.512323,88.356698,0.7478,3173.1,0.4079,0.6042,0.345,0.3164,0.6533
893cf2d4bcbffff,21,1,22.601958,88.352296,0.5756,1674.9,0.3528,0.6213,0.3159,0.4203,0.593
893cf2d5a8bffff,7,5,22.550799,88.297391,0.6888,4679.7,0.4044,0.5061,0.2734,0.3695,0.4933
893cf289e5bffff,13,1,22.602268,88.444239,0.8809,4216.1,0.385,0.6648,0.3489,0,0.5926
893cf28b25bffff,5,1,22.641115,88.365997,0.6543,3637.7,0.1862,0.6867,0.3482,0.4277,0.4936
893cf2c687bffff,22,0,22.557544,88.441701,0.606,2634.5,0.0174,0.6295,0.3852,1.0161,0.4861
893cf2d5d2bffff,20,5,22.587606,88.323107,0.4993,4178.4,0.6532,0.582,0.1739,0.4595,0.5363
893cf289233ffff,4,2,22.598658,88.411586,0.5909,3540.5,0.0232,0.6131,0.2795,1.3043,0.4238
893cf2d4567ffff,20,5,22.637214,88.292118,0.6931,9276.3,0.5451,0.6063,0.3287,0.4061,0.5543
893cf2c296fffff,13,3,22.514433,88.303452,0.6399,1676.1,0.5791,0.6789,0.2951,0.4512,0.662
893cf2d4cabffff,16,5,22.639668,88.330772,0.8666,6572.2,0.5288,0.5243,0.2645,0.0403,0.6405
893cf2d43abffff,10,6,22.610415,88.300745,0.8322,6807.8,0.469,0.493,0.2102,0.2501,0.5363
893cf2c705bffff,2,3,22.507515,88.330081,0.6632,1524.4,0,0.5525,0.4199,0.5159,0.5439
893cf2c6c97ffff,10,2,22.592108,88.419326,0.7813,2468.0,0.6257,0.5704,0.2475,0,0.6207
893cf2c6223ffff,4,1,22.544955,88.378134,0.6709,2461.9,0.1206,0.5751,0.2044,0.9274,0.5105
893cf2c71a7ffff,13,5,22.531229,88.371278,0.8111,2153.1,0.5241,0.5609,0.3005,0,0.6718
893cf2c41c7ffff,21,1,22.522734,88.42283,0.5941,5631.9,0.448,0.6555,0.3196,0.596,0.5242
893cf2c0c87ffff,7,4,22.488157,88.283741,0.8097,2112.8,0.1077,0.6704,0.3523,0.1322,0.6454
893cf2c65a3ffff,11,0,22.597037,88.385809,0.9271,816.3,0.4088,0.5531,0.5565,0.4449,0.6941
893cf2d4b6fffff,14,6,22.595227,88.369487,0.7267,598.7,0.5878,0.6602,0.3116,1.0019,0.7234
893cf2c6ddbffff,12,3,22.587552,88.433939,0.7558,2498.6,0.5664,0.6883,0.2393,0.7662,0.6021
893cf2c5cd7ffff,6,1,22.480361,88.408268,0.5834,8957.3,0.289,0.609,0.2652,0,0.4777
893cf2c7463ffff,9,1,22.523612,88.324908,0.7642,784.3,0.847,0.6972,0.3182,1.0915,0.6864
893cf2c6287ffff,18,1,22.553688,88.367816,0.5763,1118.1,0.6684,0.4937,0.2746,1.0021,0.6046
893cf2d4987ffff,10,3,22.635754,88.367722,0.9426,3380.4,0.6444,0.6123,0.3648,0.21,0.6833
893cf2d416fffff,18,5,22.618774,88.309323,0.6341,6768.9,0.7984,0.624,0.3717,0.2568,0.5765
893cf2c60b3ffff,22,1,22.576955,88.37724,0.4839,367.4,0.0376,0.7271,0.2808,0.8189,0.5781
893cf2d4073ffff,15,2,22.616136,88.280123,0.7963,8908.7,0.5758,0.4353,0.3246,0.385,0.57
893cf2d4a47ffff,17,5,22.591602,88.336846,0.7208,3159.1,0.7552,0.5451,0.1845,0.514,0.6289
893cf2c45dbffff,19,4,22.536031,88.397902,0.6838,4107.0,0.7189,0.6538,0.1975,0,0.6509
893cf2c7043ffff,0,5,22.508514,88.333515,0.6726,1494.8,0.3116,0.5729,0.3579,0.923,0.5211
893cf2c7297ffff,16,0,22.504333,88.329227,0.7231,1504.2,0.5366,0.4525,0.4362,0.268,0.6683
893cf2d5d07ffff,5,0,22.591969,88.317948,0.6893,4945.6,0.2582,0.5996,0.1693,0.3689,0.4717
893cf2c72dbffff,20,3,22.492787,88.319796,0.7102,1996.3,0.7137,0.5937,0.2714,0.1751,0.6689
893cf2c447bffff,11,2,22.521307,88.38761,0.7156,4431.1,0.5713,0.5636,0.1512,0.0603,0.5347
893cf2d5b2fffff,19,3,22.551064,88.338615,0.5585,649.8,0.7948,0.5879,0.2858,0.3357,0.6573
893cf2c6853ffff,8,0,22.560916,88.433105,0.8143,1546.2,0.6674,0.666,0.1964,0.1588,0.7034
893cf2c6d63ffff,1,3,22.58081,88.451133,0.6749,3484.3,0.1767,0.6801,0.196,0.1663,0.5648
893cf2c60afffff,16,5,22.572589,88.382399,0.7451,1757.4,0.5227,0.5535,0.3627,0,0.66
893cf2d5a63ffff,23,1,22.53889,88.306854,0.7892,2882.0,0.0572,0.4119,0.2464,0.2621,0.5457
893cf2d4197ffff,8,5,22.639213,88.298987,0.694,8521.3,0.801,0.5887,0.3193,0.5596,0.5857
893cf2c684fffff,16,2,22.556547,88.438264,0.6081,2204.6,0.4864,0.5818,0.1926,1.0142,0.5528
893cf2c7063ffff,23,4,22.508329,88.342962,0.5511,1503.1,0.0878,0.5592,0.1985,0.9856,0.5008
893cf2c6e5bffff,1,4,22.550753,88.408197,0.7303,2854.0,0.2617,0.6592,0.2211,0.758,0.6035
893cf2c4047ffff,17,2,22.5082,88.403086,0.7234,6566.3,0.7929,0.5438,0.3503,0,0.5874
893cf2892b7ffff,20,6,22.607201,88.410718,0.6814,3097.5,0.7039,0.5787,0.28,0.7045,0.6045
893cf2d5bc3ffff,3,0,22.553614,88.31714,0.6575,3020.9,0.0997,0.6185,0.2057,1.0028,0.5268
893cf2c2bcfffff,17,6,22.499888,88.283725,0.5802,1672.7,0.6818,0.6425,0.231,0.0862,0.6372
893cf2d4e57ffff,0,4,22.609052,88.316208,0.7857,5324.9,0.1717,0.6469,0.3382,0.6307,0.5212
893cf2d5cc7ffff,4,1,22.585154,88.284462,0.9278,6839.0,0.0726,0.4899,0.3105,1.0842,0.5089
893cf2c610fffff,16,1,22.572214,88.401301,0.719,1867.8,0.577,0.6462,0.2952,0.2789,0.6709
893cf2c6c97ffff,0,3,22.592108,88.419326,0.7484,2306.5,0,0.6672,0.3982,0.8068,0.5582
893cf2c60afffff,18,4,22.572589,88.382399,0.7427,1496.2,0.6222,0.5845,0.3794,0.1652,0.6961
893cf2c649bffff,10,4,22.589236,88.348875,0.7064,1680.4,0.659,0.6414,0.3153,0.6346,0.7014
893cf2d4353ffff,7,4,22.601056,88.288733,0.7471,7566.5,0.3583,0.5735,0.3759,0.6844,0.5705
893cf2d5867ffff,21,1,22.562159,88.31627,0.628,2897.7,0.155,0.6932,0.3943,0.5128,0.5869
893cf2c7097ffff,22,6,22.526609,88.33521,0.5638,919.4,0,0.661,0.3892,1.3629,0.5433
893cf2d4957ffff,6,3,22.623035,88.3643,0.8716,3359.7,0.3242,0.5788,0.3732,0.3653,0.5964
893cf2c737bffff,0,1,22.492042,88.357581,0.5803,4164.1,0.2043,0.6337,0.3361,0.959,0.4466
893cf2c738fffff,0,4,22.505958,88.354988,0.6307,3106.4,0.1592,0.5818,0.3791,1.024,0.5059
893cf2c0dbbffff,11,0,22.492972,88.31035,0.5885,1320.7,0.4676,0.6315,0.3077,0,0.641
893cf2c73c7ffff,20,6,22.501777,88.350699,0.6582,2813.9,0.609,0.6659,0.408,0.5017,0.5861
893cf2d6acbffff,14,3,22.647751,88.298116,0.7614,9552.1,0.2889,0.6253,0.3271,0.4515,0.4756
893cf2d5973ffff,15,2,22.570336,88.334296,0.8022,2119.8,0.4276,0.6381,0.261,0.0199,0.6675
893cf2c7083ffff,13,4,22.523427,88.334355,0.6193,342.9,0.3894,0.5507,0.2147,0.7962,0.5787
893cf288233ffff,8,1,22.650157,88.447634,0.6469,5521.0,0.8497,0.6862,0.3051,0.3127,0.5874
893cf2d4267ffff,9,0,22.592695,88.280157,0.7737,8000.8,0.6561,0.6537,0.3406,0.4166,0.5988
893cf289537ffff,13,2,22.644175,88.427011,0.8102,3112.9,0.4298,0.6217,0.3288,0.7097,0.5897
893cf2c705bffff,14,5,22.507515,88.330081,0.6021,1459.0,0.4271,0.6344,0.2736,0.5529,0.6431
893cf2d4c6bffff,21,1,22.624769,88.329932,0.7093,5607.4,0.2398,0.6606,0.2279,1.0052,0.4241
893cf2d5c3bffff,10,2,22.582791,88.296488,0.8173,5485.7,0.8291,0.6606,0.3017,0.2938,0.6086
893cf289607ffff,1,4,22.612939,88.390088,0.693,1496.4,0.0434,0.6203,0.2333,0.8292,0.5143
893cf2d5dc3ffff,2,0,22.591152,88.305065,0.7584,5529.0,0.0865,0.6442,0.3665,1.089,0.4667
893cf2d4963ffff,2,2,22.61967,88.372896,0.5125,2706.8,0.061,0.7674,0.1611,0.9534,0.4661
893cf289397ffff,6,1,22.614371,88.42532,0.728,3791.1,0.2583,0.6544,0.4023,0.514,0.5425
893cf2892c7ffff,23,3,22.597848,88.398697,0.6204,2036.5,0.0963,0.5213,0.2757,0.9359,0.5543
893cf2c09a7ffff,4,5,22.479684,88.335269,0.6486,4169.5,0.2063,0.6891,0.2772,0.4599,0.5266
893cf2c60b3ffff,8,3,22.576955,88.37724,0.7751,834.2,0.8178,0.5335,0.2777,0.0337,0.7705
893cf2c7317ffff,0,5,22.503774,88.357567,0.6582,3385.2,0.1045,0.5975,0.3128,0.9485,0.4932
893cf2d4323ffff,12,1,22.606054,88.305904,0.7187,6516.7,0.5188,0.5341,0.2764,0.3419,0.5431
893cf28921bffff,16,3,22.595665,88.401277,0.739,2438.8,0.5348,0.5254,0.3564,0.1525,0.6391
893cf2c4513ffff,18,2,22.539024,88.408209,0.6217,3488.2,0.589,0.5378,0.2855,0.4969,0.5707
893cf289cd7ffff,12,1,22.636252,88.450225,0.7839,5213.0,0.4979,0.7679,0.2034,0.4858,0.5448
893cf2c4cdbffff,19,1,22.52772,88.440009,0.5355,5358.0,0.6396,0.5818,0.3834,0.0179,0.5208
893cf2d4197ffff,16,0,22.639213,88.298987,0.7877,8813.7,0.6265,0.5736,0.2357,0,0.586
893cf2c5c17ffff,17,0,22.48017,88.417717,0.7666,9583.2,0.6701,0.5751,0.215,0.6488,0.5548
893cf2d416fffff,5,3,22.618774,88.309323,0.6198,6341.8,0.0789,0.6646,0.3843,0.4344,0.4855
893cf2c29abffff,15,3,22.528345,88.300857,0.7214,3006.9,0.6486,0.6654,0.3014,0.2434,0.6406
893cf2c4363ffff,19,2,22.491714,88.427155,0.6512,8835.7,0.6241,0.5436,0.2462,0.2396,0.5545
893cf2c7513ffff,2,2,22.540335,88.342063,0.4538,873.4,0.1966,0.7975,0.1762,1.3967,0.4466
893cf2890cfffff,6,0,22.616929,88.403833,0.8953,1238.5,0.1644,0.85,0.4277,0.5956,0.7085
893cf289523ffff,4,6,22.640995,88.426154,0.6311,3165.8,0.0488,0.5288,0.232,0.2109,0.5086
893cf289143ffff,18,1,22.618548,88.429613,0.6027,3153.6,0.5389,0.5292,0.3042,0.5369,0.5338
893cf2d5d2bffff,17,0,22.587606,88.323107,0.636,3737.4,0.7411,0.681,0.3738,0.0908,0.6586
893cf2c41cbffff,10,5,22.518554,88.418538,0.6996,5807.8,0.7557,0.5813,0.3228,0.2205,0.5952
893cf2c6213ffff,23,2,22.547325,88.366105,0.5683,1314.2,0,0.6375,0.3252,0.9405,0.5102
893cf2c4643ffff,13,0,22.500216,88.375607,0.8053,5260.7,0.4865,0.4983,0.3868,0.4586,0.5636
893cf2d4357ffff,16,5,22.602055,88.292167,0.8685,7540.4,0.4514,0.7137,0.2808,0.4858,0.5806
893cf2c2b37ffff,20,2,22.504886,88.300889,0.591,659.9,0.811,0.5064,0.2662,1.0882,0.652
893cf28934fffff,0,6,22.594103,88.426199,0.7192,2757.0,0.1919,0.6182,0.4157,0.7233,0.5782
893cf2892c7ffff,19,3,22.597848,88.398697,0.6653,2155.8,0.7669,0.721,0.3042,0.0326,0.6767
893cf2c68a3ffff,22,6,22.573451,88.445983,0.8186,2748.6,0.174,0.5959,0.4329,0.0302,0.6344
893cf2d4343ffff,4,1,22.598875,88.291313,0.6897,7226.0,0.1189,0.6284,0.2688,0.8585,0.4627
893cf2c43cbffff,23,2,22.496276,88.412547,0.6091,8042.5,0.0807,0.5062,0.3297,0.8754,0.4422
893cf289327ffff,8,5,22.604452,88.441658,0.8242,4601.3,0.6038,0.7445,0.3084,0.2363,0.5949
893cf2c4557ffff,2,3,22.53266,88.406497,0.5236,4430.5,0.0335,0.5763,0.3058,0.494,0.4216
893cf2c6c97ffff,2,3,22.592108,88.419326,0.7163,2717.9,0,0.5127,0.2599,0.7185,0.5403
893cf2c62abffff,11,4,22.549322,88.372975,0.8042,1631.2,0.3993,0.6444,0.3271,0.6681,0.6693
893cf2c4303ffff,21,2,22.499268,88.422853,0.5322,8149.2,0.3288,0.4947,0.4172,0,0.4805
893cf2c4e47ffff,22,4,22.499882,88.445189,0.593,8265.7,0.1422,0.6129,0.325,0.277,0.429
893cf2c7513ffff,21,4,22.540335,88.342063,0.7227,591.8,0.2006,0.4048,0.4247,0.6135,0.6516
893cf2c722fffff,22,6,22.49123,88.3447,0.6386,3641.2,0.0727,0.5398,0.2159,0.4932,0.4592
893cf2d5b97ffff,7,1,22.564157,88.323138,0.7364,2288.6,0.3106,0.6849,0.1595,0.1258,0.5671
893cf2d5acbffff,12,0,22.543436,88.292249,0.7733,4257.8,0.3393,0.54,0.4078,0,0.5928
893cf2c447bffff,22,5,22.521307,88.38761,0.6057,4465.6,0.23,0.5462,0.2499,0.5422,0.474
893cf2c466fffff,10,3,22.497843,88.387635,0.7065,6388.5,0.762,0.4975,0.2971,0.1763,0.5825
893cf2d5d37ffff,7,6,22.593967,88.324817,0.7959,3727.9,0.2855,0.6044,0.4633,0.395,0.6173
893cf2c6893ffff,20,3,22.575825,88.43395,0.5044,1643.2,0.5774,0.4794,0.3193,0.8619,0.592
893cf2c70cfffff,6,6,22.51388,88.331791,0.6688,757.0,0.2186,0.6737,0.273,1.0619,0.607
893cf2c7357ffff,23,3,22.49641,88.352423,0.652,3770.4,0.1656,0.4848,0.2841,0.6556,0.4648
893cf2d4e13ffff,14,1,22.615412,88.317917,0.7708,5673.4,0.4083,0.5801,0.2966,0.0108,0.5499
893cf2d412bffff,17,4,22.625133,88.311032,0.6822,6355.1,0.7988,0.6813,0.3088,0.001,0.5927
893cf2c09a7ffff,14,1,22.479684,88.335269,0.7437,4389.7,0.4863,0.6002,0.2935,0.2307,0.5024
893cf2c55c3ffff,18,3,22.485488,88.365318,0.5977,5246.3,0.8046,0.6351,0.2816,0.3565,0.5457
893cf289163ffff,3,1,22.618359,88.439067,0.6668,4319.0,0.0308,0.5498,0.2089,0.458,0.4193
893cf2c7073ffff,20,2,22.510512,88.340383,0.7177,1615.1,0.8505,0.7507,0.3206,0.4125,0.7269
893cf2c63dbffff,3,5,22.551318,88.379845,0.5725,2669.2,0.2093,0.6151,0.3818,0.3433,0.529
893cf2d4ed7ffff,20,1,22.616593,88.311903,0.7182,6598.8,0.7052,0.5905,0.2327,0.3348,0.5801
893cf28918bffff,23,1,22.630271,88.429602,0.6787,3012.4,0.1388,0.6047,0.347,0.9309,0.5282
893cf2c41c7ffff,10,3,22.522734,88.42283,0.7358,5166.5,0.7539,0.5642,0.347,0.8718,0.5457
893cf2d495bffff,4,1,22.618857,88.360009,0.6629,2460.7,0.0758,0.4389,0.2614,0.7185,0.484
893cf288233ffff,17,1,22.650157,88.447634,0.7806,5550.8,0.8749,0.7316,0.366,0.6228,0.6454
893cf2c6ebbffff,10,3,22.565474,88.418493,0.5922,725.7,0.7608,0.5895,0.3355,0.3467,0.6653
893cf2c7173ffff,6,5,22.517502,88.364422,0.7305,2739.6,0.1645,0.7516,0.3157,0.2604,0.6171
893cf2c6cabffff,17,6,22.585558,88.427066,0.8063,1568.3,0.672,0.4964,0.2189,0.0475,0.7198
893cf2d492bffff,1,6,22.623849,88.377187,0.6843,2472.4,0.0447,0.678,0.3855,1.0205,0.5285
893cf2d5c3bffff,9,2,22.582791,88.296488,0.7414,6006.8,0.5602,0.5076,0.266,0.6254,0.5481
893cf2c4483ffff,23,1,22.537405,88.382438,0.6793,3142.2,0.1505,0.5568,0.2656,0.4265,0.5442
893cf2c282fffff,10,5,22.5148,88.284562,0.5605,2311.5,0.6703,0.3724,0.1566,0.5331,0.539
893cf2c2967ffff,9,1,22.517616,88.304307,0.7469,2355.6,0.7362,0.5563,0.2228,0.6204,0.6324
893cf28921bffff,6,6,22.595665,88.401277,0.5947,2273.6,0.3753,0.6166,0.2433,0.6372,0.567
893cf2c426bffff,19,4,22.481549,88.402254,0.6163,8079.8,0.637,0.6894,0.4564,0.5035,0.5679
893cf28956bffff,0,6,22.630459,88.420148,0.4891,2256.5,0.0353,0.6464,0.2446,0.9108,0.5031
893cf2d5dc3ffff,3,0,22.591152,88.305065,0.641,5828.9,0.0376,0.7452,0.2264,0.7627,0.4505
893cf2d4a4fffff,0,4,22.588422,88.335991,0.5371,3186.8,0.0326,0.4329,0.1881,1.2904,0.4007
893cf2c7357ffff,2,0,22.49641,88.352423,0.7816,3817.8,0.1888,0.7157,0.4159,0.6122,0.5628
893cf2c453bffff,14,0,22.535653,88.416803,0.8245,3725.7,0.4709,0.5906,0.3037,0,0.6141
893cf2c6a63ffff,20,4,22.536269,88.439142,0.6476,4308.8,0.7159,0.5504,0.2233,0.7365,0.5436
893cf2d43bbffff,18,3,22.612595,88.298165,0.5981,7349.9,0.8927,0.5272,0.3412,0.7401,0.6012
893cf2c418bffff,10,1,22.525916,88.423686,0.7049,5029.3,0.7103,0.7102,0.2764,0.8281,0.5443
893cf2d4c97ffff,9,5,22.646209,88.323031,0.8538,7537.7,0.7119,0.7353,0.24,0.1263,0.6039
893cf2c44b7ffff,18,0,22.540399,88.392743,0.5141,3995.1,0.8413,0.563,0.2267,0.5855,0.4901
893cf2c66b7ffff,15,6,22.570965,88.356629,0.8266,1107.4,0.5459,0.6188,0.2621,0.8244,0.6293
893cf289523ffff,17,0,22.640995,88.426154,0.8221,3214.9,0.7415,0.5895,0.3493,0,0.7243
893cf2891d7ffff,21,6,22.629274,88.426165,0.7381,2442.5,0.2732,0.6876,0.2624,0.6715,0.6529
893cf2d416fffff,3,3,22.618774,88.309323,0.6683,6597.0,0,0.7051,0.3359,0.6177,0.4655
893cf2d4eb3ffff,23,6,22.622771,88.323062,0.6749,5587.7,0.1296,0.6619,0.3144,0.4199,0.5235
893cf2d49d3ffff,2,3,22.629579,88.356559,0.5185,4035.2,0.0212,0.599,0.2962,0.9479,0.4559
893cf2c732bffff,12,3,22.497222,88.365304,0.7597,4311.5,0.6039,0.7112,0.2782,0,0.6178
893cf288267ffff,4,6,22.641615,88.448502,0.4722,5270.6,0.0786,0.6715,0.3415,0.439,0.3971
893cf2c70afffff,8,3,22.521058,88.346381,0.7971,1786.3,0.9518,0.7084,0.2282,0.0539,0.7566
893cf2c6477ffff,21,0,22.578325,88.361774,0.8685,834.8,0.3107,0.663,0.4539,0.3999,0.7374
893cf2d5bbbffff,21,2,22.559793,88.328297,0.5233,1763.3,0.348,0.5839,0.5145,0.5632,0.6303
893cf2d4963ffff,3,6,22.61967,88.372896,0.5907,2486.8,0.0253,0.64,0.3298,1.317,0.4612
893cf2d59c3ffff,3,0,22.575882,88.323123,0.7209,3478.1,0.1,0.6784,0.4891,0.7801,0.5366
893cf2c41b3ffff,5,4,22.531093,88.431414,0.8202,4445.1,0.0807,0.6241,0.3147,1.1832,0.4933
893cf2c71c3ffff,6,5,22.523055,88.35325,0.8432,1937.8,0.4115,0.5893,0.2855,0.0623,0.6556
893cf2c6e8fffff,5,2,22.564477,88.415057,0.7096,566.1,0.1077,0.5959,0.2973,0.4053,0.5953
893cf2c6a5bffff,20,2,22.535463,88.426255,0.8456,3487.1,0.5953,0.5285,0.1429,0.8448,0.5884
893cf2c6c57ffff,12,0,22.577201,88.418481,0.6965,934.7,0.583,0.6273,0.1769,0.2713,0.6363
893cf2c711bffff,16,0,22.52187,88.359264,0.8092,2608.5,0.2761,0.4008,0.2547,0.2948,0.561
893cf2c45abffff,23,4,22.541019,88.41508,0.6873,3208.8,0.1027,0.685,0.3634,0.2361,0.5131
893cf28915bffff,10,4,22.617551,88.426176,0.7506,3099.4,0.717,0.6349,0.2753,0.1198,0.6287
893cf2c2943ffff,10,2,22.516799,88.291428,0.7528,2182.0,0.6876,0.659,0.317,0,0.7146
893cf2d496fffff,7,0,22.617489,88.375476,0.8349,1893.4,0.2136,0.6057,0.2493,0.7855,0.6237
893cf2c2993ffff,19,6,22.533891,88.289687,0.5856,3983.8,0.7176,0.5744,0.3208,0.6613,0.5763
893cf2c7043ffff,8,0,22.508514,88.333515,0.6547,1291.7,0.5643,0.5563,0.3555,0.5189,0.6345
893cf2c7073ffff,6,5,22.510512,88.340383,0.6498,1772.8,0.4345,0.6237,0.2059,0.6792,0.5547
893cf2c7263ffff,20,3,22.48605,88.336978,0.6987,3442.9,0.7039,0.5828,0.2982,0.3626,0.5854
893cf28b20bffff,14,5,22.646291,88.373725,0.8174,3314.4,0.4625,0.4757,0.3379,0,0.636
893cf2d6b7bffff,11,2,22.649206,88.333337,0.909,7223.6,0.4176,0.6356,0.2729,0.6478,0.566
893cf2c62a7ffff,4,0,22.553501,88.377266,0.6609,1793.1,0.1181,0.6092,0.2345,0.5784,0.4794
893cf2c2b17ffff,10,5,22.50507,88.291445,0.6062,1134.2,0.769,0.5656,0.3008,0.7271,0.6588
893cf289687ffff,11,4,22.620483,88.385784,0.7392,1747.1,0.4638,0.5863,0.4764,0.5549,0.6409
893cf2d4b13ffff,8,3,22.607135,88.360022,0.7434,2086.2,0.8249,0.4523,0.3298,0.4479,0.6921
893cf2c2967ffff,20,5,22.517616,88.304307,0.5749,2250.9,0.5832,0.6259,0.3266,0.4914,0.6312
893cf2c62abffff,0,4,22.549322,88.372975,0.7088,2008.9,0.1655,0.6474,0.4062,0.211,0.5994
893cf2d5953ffff,0,3,22.57052,88.324847,0.5807,2472.7,0.0084,0.6953,0.2629,0.2896,0.5083
893cf2c6333ffff,18,0,22.554124,88.399602,0.7303,2900.7,0.821,0.5523,0.3381,0.3426,0.6352
893cf2d4a6bffff,7,6,22.587239,88.342006,0.7532,2307.7,0.1471,0.573,0.4469,0.5703,0.5602
893cf2c6047ffff,1,0,22.561049,88.372962,0.7176,1802.0,0.1325,0.5627,0.3174,0.8852,0.5594
893cf2c6483ffff,13,5,22.590235,88.35231,0.5964,1345.4,0.5744,0.6322,0.3324,0.3946,0.6302
893cf2c62abffff,2,4,22.549322,88.372975,0.6625,1799.3,0,0.53,0.3432,0.2327,0.5654
893cf2d492bffff,13,4,22.623849,88.377187,0.6439,2595.1,0.5417,0.461,0.3567,0.4594,0.5949
893cf2c734fffff,13,2,22.491043,88.354147,0.7572,3793.2,0.5762,0.4668,0.4383,0,0.5948
893cf2c0dbbffff,16,5,22.492972,88.31035,0.7183,1047.4,0.6223,0.4268,0.2395,0.9706,0.5569
893cf2d4eabffff,2,4,22.61741,88.324787,0.6494,5289.3,0.089,0.6655,0.2396,0.7003,0.4975
893cf2c4473ffff,15,4,22.524489,88.388465,0.7412,4207.0,0.505,0.724,0.3569,0.296,0.6375
893cf2d4cb3ffff,7,4,22.645028,88.329047,0.8128,7211.0,0.4827,0.6004,0.3047,0.4505,0.5624
893cf2c551bffff,4,3,22.484302,88.371331,0.6861,5946.4,0,0.5766,0.3461,0.8929,0.4594
893cf2c5493ffff,17,3,22.488047,88.343845,0.8873,3778.1,0.7482,0.625,0.453,0.2353,0.6745
893cf2c684fffff,14,1,22.556547,88.438264,0.7448,1951.0,0.5767,0.6335,0.222,0.1412,0.6795
893cf2c656fffff,9,3,22.579949,88.387546,0.6449,1685.1,0.6688,0.6586,0.3012,0.202,0.6282
893cf2c09b7ffff,17,0,22.481868,88.33269,0.6231,3718.9,0.7326,0.5523,0.3805,0.2946,0.5857
893cf2d4e77ffff,9,5,22.608869,88.325657,0.8827,4570.6,0.5107,0.6335,0.2829,0.2946,0.5843
893cf2c5d0bffff,23,4,22.480784,88.440051,0.7905,10277.9,0,0.714,0.3022,0.8266,0.4446
893cf2d5a4fffff,20,5,22.536891,88.299987,0.6979,3562.7,0.7835,0.7359,0.2625,0,0.6434
893cf2d5a97ffff,11,5,22.557162,88.2991,0.7414,4353.7,0.4966,0.6075,0.3241,0.5142,0.5494
893cf2d5857ffff,16,6,22.564524,88.304243,0.7143,4465.4,0.4784,0.7205,0.2878,0.5687,0.5121
893cf2c5c93ffff,12,1,22.486727,88.409979,0.6347,8519.7,0.6019,0.59,0.4218,0.3661,0.5754
893cf289e53ffff,5,1,22.605449,88.445095,0.5185,4797.0,0.0294,0.5637,0.2967,0.7044,0.4036
893cf2c5c93ffff,10,2,22.486727,88.409979,0.6622,8656.2,0.6325,0.5593,0.3009,0.625,0.517
893cf2d4963ffff,11,3,22.61967,88.372896,0.7599,2247.8,0.5578,0.5619,0.3068,0.6864,0.6012
893cf2d412bffff,11,3,22.625133,88.311032,0.8214,6917.7,0.5703,0.5974,0.2238,0.5448,0.5399
893cf2d5bcbffff,2,5,22.550433,88.316285,0.6953,2912.3,0.0391,0.4031,0.3522,0.3354,0.5135
893cf2d6b7bffff,19,5,22.649206,88.333337,0.7277,6903.3,0.7277,0.526,0.2482,0.6311,0.5506
893cf2c663bffff,19,4,22.559239,88.356643,0.6355,212.3,1,0.542,0.4297,1.309,0.6422
893cf2896cbffff,21,0,22.608946,88.376345,0.7137,1133.6,0.4737,0.7122,0.5473,0.7803,0.6802
893cf2d5c8bffff,0,2,22.588334,88.285316,0.7621,7370.3,0.0187,0.547,0.3084,0.4732,0.4866
893cf2c2b6fffff,17,2,22.492156,88.297473,0.5995,1575.7,0.6562,0.5835,0.2234,0.9757,0.5698
893cf2c2b6fffff,6,0,22.492156,88.297473,0.5748,720.3,0.0729,0.4608,0.2496,1.2657,0.5345
893cf2d5b53ffff,8,4,22.548251,88.318864,0.7398,2150.4,0.5966,0.5046,0.2679,0.3453,0.5822
893cf2c721bffff,11,5,22.492601,88.329242,0.5979,3085.6,0.5248,0.5606,0.3644,0.0587,0.5724
893cf2c7083ffff,19,5,22.523427,88.334355,0.4751,651.4,0.6967,0.4566,0.1867,0.9432,0.6021
893cf2c5c8fffff,19,0,22.482356,88.415138,0.4876,9211.5,0.7178,0.6338,0.3764,0.2176,0.5313
893cf289453ffff,15,3,22.629024,88.384915,0.7165,1662.0,0.7085,0.6024,0.3062,0.5269,0.6725
893cf2c6c5bffff,4,4,22.573023,88.414189,0.6148,861.0,0.0785,0.5955,0.4142,0.5687,0.5743
893cf2d5ad3ffff,23,1,22.5488,88.290524,0.5717,4772.2,0,0.3648,0.208,0.7924,0.3808
893cf2d4b27ffff,21,2,22.605766,88.375489,0.6743,1053.3,0.3456,0.6278,0.4904,0.607,0.6395
893cf2c738fffff,11,4,22.505958,88.354988,0.7523,2673.9,0.42,0.6819,0.3322,0.5029,0.6197
893cf2d5b83ffff,10,5,22.560976,88.322283,0.8628,2212.4,0.7655,0.7192,0.2854,0.4226,0.7334
893cf2d6acfffff,15,2,22.648751,88.301551,0.6877,9094.7,0.3159,0.7431,0.2156,0.508,0.4828
893cf2c612bffff,2,4,22.571028,88.407317,0.6066,1493.9,0.0783,0.6185,0.1812,1.1704,0.5058
893cf2d6b67ffff,15,5,22.651204,88.340208,0.9181,6523.9,0.5472,0.6887,0.2934,0.4136,0.5841
893cf2d4c6bffff,8,1,22.624769,88.329932,0.7625,5195.0,0.6882,0.537,0.2941,0.2342,0.5964
893cf2d41cbffff,11,5,22.625495,88.292134,0.8197,8675.1,0.4689,0.5005,0.2513,0.4339,0.4993
893cf2c7097ffff,19,3,22.526609,88.33521,0.5879,897.1,0.5107,0.5227,0.3432,0.6475,0.6137
893cf2d4cb3ffff,10,6,22.645028,88.329047,0.7896,6914.3,0.5977,0.6472,0.4191,0.157,0.5904
893cf2d6acbffff,7,1,22.647751,88.298116,0.8007,9650.2,0.177,0.5958,0.2826,0.2404,0.5168
893cf2c6c53ffff,7,3,22.576204,88.415045,0.7603,789.2,0.4176,0.5292,0.1698,0.2234,0.5992
893cf2d5b67ffff,18,4,22.546883,88.334325,0.5378,1102.8,0.7417,0.5501,0.2709,0.415,0.5979
893cf2c60d3ffff,16,5,22.569781,88.362643,0.5556,1212.9,0.5495,0.6132,0.4427,0.9443,0.624
893cf2c624bffff,5,2,22.534598,88.362684,0.6071,1763.3,0.0262,0.6194,0.2871,0.4451,0.5423
893cf2c606bffff,11,1,22.556683,88.378121,0.5505,1891.7,0.6744,0.7074,0.2746,0.7682,0.6572
893cf28940fffff,3,6,22.632018,88.395224,0.8957,253.1,0.0517,0.8512,0.4975,0.8071,0.6733
893cf2c5d57ffff,1,3,22.479787,88.436616,0.8034,10078.8,0.1288,0.4744,0.291,0.6762,0.4949
893cf2c4047ffff,23,0,22.5082,88.403086,0.6446,6945.2,0.1703,0.6487,0.2318,0.0395,0.4808
893cf2d5b53ffff,22,0,22.548251,88.318864,0.6053,2522.4,0.143,0.5291,0.3686,0.5622,0.5816
893cf2c2917ffff,5,5,22.527345,88.297424,0.5809,2910.7,0.035,0.5711,0.2641,0.8534,0.4853
893cf2c6213ffff,17,4,22.547325,88.366105,0.8358,1475.0,0.7156,0.6873,0.379,0.1849,0.7157
893cf2c65a3ffff,20,4,22.597037,88.385809,0.7736,780.1,0.7954,0.9115,0.5048,0.7447,0.7385
893cf2c75c3ffff,12,3,22.538337,88.335195,0.8038,1611.6,0.6597,0.5406,0.3635,0.0227,0.707
893cf2d5d67ffff,12,4,22.584425,88.322253,0.8004,3814.6,0.4726,0.5269,0.2666,0.2495,0.6123
893cf2c4083ffff,9,4,22.522116,88.400494,0.6739,5180.2,0.6779,0.5795,0.4111,0.6336,0.5889
893cf2c55abffff,9,1,22.489481,88.379055,0.8521,6006.6,0.7332,0.5832,0.3972,0,0.6225
893cf2d5903ffff,16,3,22.575699,88.332571,0.5972,1902.1,0.3602,0.5188,0.2538,0.2286,0.5619
893cf2c7073ffff,8,5,22.510512,88.340383,0.7513,1895.4,0.6978,0.6646,0.2971,1.058,0.6191
893cf2d5babffff,13,5,22.557611,88.330876,0.7181,1245.3,0.3589,0.6838,0.3933,0.4732,0.6889
893cf2d4bc7ffff,5,5,22.606137,88.356587,0.6829,1913.1,0.1769,0.5409,0.3108,0.319,0.5419
893cf2c4e93ffff,2,0,22.515987,88.44002,0.6758,6093.4,0.1089,0.6065,0.2397,0.3503,0.4529
893cf2c44a7ffff,10,0,22.538215,88.395323,0.7559,4613.6,0.9518,0.6132,0.1658,0.1865,0.6458
893cf2c4e93ffff,17,5,22.515987,88.44002,0.8599,6321.2,0.5437,0.5834,0.1617,0,0.5974
893cf2c75abffff,0,1,22.542332,88.348932,0.4205,50,0.0092,0.4496,0.4578,1.7715,0.5111
893cf2c2dafffff,5,6,22.544618,88.286237,0.6181,5458.6,0.177,0.5974,0.3599,0.5013,0.4834
893cf2d58a7ffff,16,4,22.577065,88.317109,0.6715,3511.5,0.5303,0.5921,0.2813,0.3295,0.5774
893cf2c4c83ffff,10,6,22.536077,88.448594,0.8316,4833.5,0.7704,0.5447,0.3389,0.6551,0.6562
893cf2c4e1bffff,21,2,22.505251,88.443466,0.5541,7787.8,0.3811,0.6519,0.2852,0.5993,0.4364
893cf2c63bbffff,9,1,22.558491,88.394442,0.8445,2682.4,0.6335,0.6241,0.3427,0.3685,0.6521
893cf2c426fffff,3,2,22.482547,88.405689,0.6618,8844.6,0.109,0.5571,0.3566,0.5864,0.501
893cf2c612fffff,17,2,22.572025,88.410753,0.725,899.7,0.7747,0.5609,0.2991,0.2398,0.7522
893cf2d5993ffff,16,1,22.585425,88.325687,0.7216,3607.7,0.6594,0.6307,0.3892,0.2572,0.5724
893cf2d49cbffff,7,4,22.624218,88.358284,0.9667,3493.2,0.3449,0.4905,0.2644,0.5376,0.5652
893cf2c743bffff,13,4,22.529976,88.326617,0.589,864.8,0.5912,0.7344,0.381,0.6336,0.6217
893cf2d4197ffff,13,5,22.639213,88.298987,0.7868,8857.8,0.4845,0.586,0.2508,0.329,0.5584
893cf2c5d1bffff,15,3,22.48297,88.437472,0.7665,9729.6,0.496,0.5608,0.31,0.1325,0.5634
893cf2c7593ffff,6,4,22.547882,88.33776,0.7471,568.2,0.3124,0.5813,0.2647,0.8168,0.6146
893cf2d4b57ffff,12,2,22.600775,88.358312,0.8179,1146.5,0.4292,0.5151,0.3672,0,0.6324
893cf2d5c97ffff,22,5,22.594695,88.287024,0.4845,7104.1,0.0106,0.5573,0.413,0.3468,0.4503
893cf2c4363ffff,7,3,22.491714,88.427155,0.6875,8820.3,0.3787,0.6288,0.328,0.1536,0.5651
893cf289397ffff,10,3,22.614371,88.42532,0.7286,2976.9,0.6323,0.654,0.078,0.244,0.5608
893cf2c459bffff,3,5,22.543392,88.403049,0.7736,3478.5,0.0523,0.5487,0.2238,0.065,0.5295
893cf2c6ab7ffff,15,3,22.554363,88.440844,0.8073,2517.8,0.5996,0.7547,0.2274,0.3428,0.6753
893cf2d5867ffff,13,3,22.562159,88.31627,0.7165,2676.0,0.6488,0.5778,0.2458,0.6657,0.6589
893cf2c66afffff,23,1,22.565601,88.358353,0.4681,934.0,0,0.5607,0.1448,3.0697,0.3387
893cf2c55a7ffff,3,2,22.493662,88.383345,0.73,5635.3,0.0968,0.4341,0.3739,0.5729,0.4663
893cf2c6893ffff,17,1,22.575825,88.43395,0.8132,1493.5,0.5367,0.5064,0.2723,1.1834,0.5964
893cf2d4c2fffff,17,2,22.633126,88.338512,0.8194,5330.4,0.7332,0.5364,0.2512,0,0.5813
893cf2c72b7ffff,14,4,22.504147,88.338673,0.7675,1497.7,0.4753,0.6255,0.3115,0.2306,0.6245
893cf2c0d0bffff,7,6,22.483423,88.307787,0.7945,2243.4,0.2348,0.6986,0.3945,0.7186,0.6161
893cf2c2967ffff,23,5,22.517616,88.304307,0.8515,1972.1,0.0533,0.5895,0.3607,0.7042,0.5515
893cf2c5d57ffff,16,3,22.479787,88.436616,0.8295,10283.4,0.509,0.6526,0.2991,0.3869,0.5584
893cf2c624bffff,1,3,22.534598,88.362684,0.6829,1360.7,0.087,0.5408,0.2817,1.0079,0.5555
893cf2896abffff,22,5,22.616119,88.390944,0.6233,1827.7,0.1921,0.6899,0.2875,0.3009,0.5409
893cf2d5d5bffff,15,6,22.582609,88.305936,0.6214,4788.7,0.4748,0.4401,0.2392,0,0.5291
893cf2c2b17ffff,0,4,22.50507,88.291445,0.4337,707.2,0.2073,0.5908,0.2122,1.4794,0.4347
893cf2c766bffff,7,4,22.498153,88.318071,0.7653,1995.2,0.2832,0.6114,0.2866,0.6903,0.5981
893cf28b21bffff,16,2,22.648472,88.371145,0.7892,3783.9,0.2891,0.6911,0.3293,0,0.5777
893cf2c428fffff,13,3,22.497654,88.397084,0.6552,6582.3,0.4725,0.687,0.3343,0.162,0.553
893cf2c654bffff,23,3,22.579137,88.37466,0.5508,564.8,0.1046,0.5957,0.5727,0.9933,0.5741
893cf2c68abffff,10,6,22.570269,88.445127,0.7109,2583.3,0.5657,0.6003,0.11,0.2015,0.6712
893cf2c4563ffff,0,3,22.529289,88.415091,0.7797,4507.9,0.1384,0.5928,0.2524,0.9381,0.47
893cf2d6a6fffff,15,0,22.641031,88.315306,0.6365,7546.3,0.614,0.5516,0.3236,0.1545,0.5656
893cf289517ffff,1,5,22.644363,88.417556,0.5864,2316.0,0.0488,0.5605,0.3224,0.6314,0.4816
893cf2c6d63ffff,4,6,22.58081,88.451133,0.6228,3716.1,0.0559,0.5049,0.2273,0.4078,0.4679
893cf2c6c8fffff,16,2,22.586744,88.42105,0.777,2143.9,0.5282,0.6091,0.2607,0,0.6118
893cf2c642fffff,7,6,22.580322,88.368645,0.7478,217.3,0.478,0.6426,0.4693,0,0.7188
893cf2c6a63ffff,14,3,22.536269,88.439142,0.7392,4221.8,0.4807,0.4785,0.283,0.2241,0.5487
893cf2c413bffff,22,1,22.520358,88.434861,0.7064,6416.8,0.05,0.7209,0.2027,0.7477,0.4559
893cf2c4197ffff,15,0,22.532281,88.425398,0.8148,4271.4,0.6027,0.7015,0.1261,0.1799,0.6267
893cf2c6ddbffff,10,1,22.587552,88.433939,0.8701,2457.3,0.8415,0.6383,0.2686,0.4567,0.6551
893cf2d6acbffff,23,0,22.647751,88.298116,0.7162,9372.6,0,0.5987,0.2652,0.2854,0.5078
893cf2c687bffff,2,2,22.557544,88.441701,0.6078,2346.2,0.1097,0.5388,0.3108,0.4954,0.5513
893cf2c6eafffff,11,3,22.564287,88.424509,0.8084,746.0,0.5127,0.4126,0.2364,0,0.7074
893cf2c6227ffff,7,4,22.545953,88.381569,0.7933,2576.4,0.3646,0.6365,0.3118,0.5398,0.5825
893cf2c75c3ffff,2,3,22.538337,88.335195,0.6052,1758.9,0.175,0.4538,0.2868,0.8691,0.5527
893cf2c5cd7ffff,11,4,22.480361,88.408268,0.6947,9064.6,0.4381,0.6706,0.3194,0.4837,0.5266
893cf2d430bffff,2,4,22.603055,88.295601,0.614,7428.4,0.3472,0.6675,0.2913,0.925,0.4874
893cf2c45abffff,8,1,22.541019,88.41508,0.8636,2734.0,0.7102,0.6031,0.4851,0.3301,0.7063
893cf2c6e5bffff,19,5,22.550753,88.408197,0.5733,2426.8,0.9169,0.7007,0.3303,0.3273,0.6576
893cf288267ffff,12,6,22.641615,88.448502,0.7816,5169.1,0.5134,0.6136,0.44,0.2556,0.6396
893cf2c2967ffff,10,6,22.517616,88.304307,0.6889,1836.1,0.7347,0.494,0.3368,0,0.6796
893cf2d5b97ffff,23,2,22.564157,88.323138,0.6893,2378.1,0.0911,0.5339,0.3049,1.1335,0.5338
893cf2894c3ffff,0,6,22.634386,88.383191,0.6652,1671.9,0.0535,0.6682,0.4293,0.5797,0.5827
893cf2c6dd3ffff,10,1,22.590733,88.434796,0.6694,2908.3,0.5139,0.4938,0.3727,0.0198,0.6817
893cf2d5b0fffff,22,2,22.551248,88.329167,0.7084,1569.3,0.1249,0.4467,0.2815,0.4738,0.5628
893cf2d5b17ffff,6,0,22.556612,88.327442,0.7521,1438.9,0.2848,0.521,0.2422,0.9122,0.5443
893cf28b257ffff,4,0,22.645293,88.370289,0.7018,3579.5,0,0.7449,0.3199,0.8912,0.5028
893cf2d4363ffff,8,2,22.598694,88.300761,0.7968,6438.1,0.7256,0.6331,0.2045,0.5665,0.5823
893cf2d5867ffff,4,1,22.562159,88.31627,0.6711,3185.3,0.2143,0.6829,0.3708,1.0724,0.5142
893cf2c5d57ffff,20,1,22.479787,88.436616,0.6188,10172.5,0.6138,0.6218,0.2732,0.6255,0.561
893cf28b2cbffff,23,3,22.646475,88.364273,0.5983,4173.6,0.079,0.636,0.3816,1.0949,0.4219
893cf2c75abffff,22,0,22.542332,88.348932,0.5078,356.1,0.1824,0.5147,0.4417,2.07,0.5014
893cf2c7417ffff,3,4,22.534341,88.321459,0.699,1585.7,0.1287,0.6355,0.2321,0.5207,0.5246
893cf2c2993ffff,11,3,22.533891,88.289687,0.7367,3617.6,0.4856,0.4423,0.2575,0.0615,0.5523
893cf2c5433ffff,23,2,22.480309,88.357595,0.623,5176.7,0,0.6514,0.3695,0.5538,0.4319
893cf28934fffff,22,0,22.594103,88.426199,0.6137,2800.0,0.1053,0.5202,0.2849,0.4169,0.5358
893cf2d4d6fffff,23,6,22.632759,88.357415,0.6156,4186.0,0.02,0.6179,0.31,0.4116,0.4652
893cf2c68abffff,13,3,22.570269,88.445127,0.6818,2346.3,0.5824,0.5552,0.2906,0.4265,0.6213
893cf2d4e03ffff,16,2,22.613231,88.320497,0.5982,5327.2,0.4789,0.6,0.2953,0.7825,0.5043
893cf2d5a4fffff,14,1,22.536891,88.299987,0.731,3573.6,0.4537,0.6121,0.268,0.2299,0.5456
893cf289297ffff,8,1,22.607389,88.401265,0.6642,2250.7,0.6099,0.5204,0.4104,0.4162,0.5968
893cf2c4557ffff,7,6,22.53266,88.406497,0.8315,4428.5,0.3861,0.7267,0.184,0.4137,0.5335
893cf2c6227ffff,9,0,22.545953,88.381569,0.8303,2782.0,0.7236,0.5799,0.2508,0.2354,0.6986
893cf2c296fffff,14,4,22.514433,88.303452,0.6706,1511.1,0.6012,0.6901,0.281,0.4124,0.6974
893cf2c0da7ffff,0,0,22.49497,88.317217,0.7247,1820.7,0.0086,0.6361,0.3379,0.9185,0.4834
893cf2c70afffff,11,1,22.521058,88.346381,0.8168,1835.5,0.4794,0.6357,0.2642,0,0.6794
893cf2c4c83ffff,2,3,22.536077,88.448594,0.7855,4649.8,0.3849,0.5949,0.4027,1.0159,0.4883
893cf28940fffff,18,5,22.632018,88.395224,0.8174,651.6,0.9491,0.6816,0.6499,0.7715,0.731
893cf2c658fffff,23,5,22.595041,88.378938,0.6607,162.2,0.1807,0.6874,0.5179,0.4594,0.691
893cf2c7593ffff,9,6,22.547882,88.33776,0.6908,584.9,0.7256,0.4752,0.3034,0,0.7662
893cf2d4363ffff,7,3,22.598694,88.300761,0.6951,6092.3,0.1765,0.7004,0.2627,0,0.5431
893cf2c721bffff,13,0,22.492601,88.329242,0.7874,3061.6,0.3916,0.6458,0.3162,0.6748,0.5529
893cf2d48a7ffff,23,2,22.628581,88.353124,0.5076,3921.4,0.0484,0.5188,0.0759,0.9519,0.329
893cf2c42afffff,3,0,22.497464,88.406533,0.7214,7219.5,0,0.6076,0.3253,0.8844,0.4592
893cf2d4ed3ffff,22,5,22.615594,88.308468,0.3872,6109.9,0.2031,0.5613,0.2636,0.3974,0.3847
893cf2d5bc3ffff,10,6,22.553614,88.31714,0.7936,3207.5,0.7559,0.5309,0.3422,0.2239,0.6837
893cf2c639bffff,15,6,22.558679,88.384992,0.7065,2682.9,0.4823,0.5491,0.281,0.392,0.6024
893cf289327ffff,6,3,22.604452,88.441658,0.7453,4350.4,0.2913,0.6277,0.3946,0.1656,0.5568
893cf2d4e77ffff,18,4,22.608869,88.325657,0.6918,4501.4,0.8534,0.4695,0.163,0.17,0.6241
893cf2c62abffff,4,1,22.549322,88.372975,0.7023,2031.3,0.0509,0.7301,0.3317,1.0118,0.5838
893cf2c6223ffff,8,3,22.544955,88.378134,0.6831,2357.4,0.4759,0.8309,0.317,0,0.7086
893cf2c68a3ffff,1,1,22.573451,88.445983,0.4397,2936.6,0.2199,0.5824,0.2601,0.9319,0.5004
893cf2d5d07ffff,19,0,22.591969,88.317948,0.6755,5065.2,0.6319,0.6273,0.3164,0.6979,0.5822
893cf28b25bffff,6,6,22.641115,88.365997,0.847,4084.6,0.3334,0.6978,0.2708,0.9926,0.5424
893cf2d6a43ffff,5,5,22.643392,88.303276,0.5946,8588.8,0.201,0.7075,0.3286,1.0642,0.4068
893cf2896c3ffff,15,1,22.612127,88.3772,0.8956,1356.0,0.4516,0.5976,0.2708,0,0.7099
893cf2c4643ffff,14,0,22.500216,88.375607,0.6755,5287.6,0.4315,0.6733,0.3751,0.3198,0.603
893cf2c6107ffff,20,2,22.575395,88.402157,0.777,1969.6,0.7941,0.6426,0.3481,0.9818,0.6744
893cf2c71a7ffff,5,2,22.531229,88.371278,0.7425,2616.1,0,0.6304,0.2585,0.5027,0.5161
893cf2c71b3ffff,18,2,22.532415,88.365264,0.7669,1704.1,0.5161,0.6774,0.2173,0.3489,0.6225
893cf28b34bffff,20,6,22.64592,88.392631,0.5646,1984.4,0.7907,0.5504,0.3673,0.7292,0.6199
893cf2c41cbffff,11,2,22.518554,88.418538,0.7571,6046.4,0.6438,0.5501,0.3397,0.6849,0.5627
893cf2890afffff,15,4,22.624099,88.418435,0.6687,2283.4,0.382,0.6649,0.3051,0.2063,0.5657
893cf28908fffff,2,3,22.624287,88.408982,0.7676,1092.6,0.2342,0.6583,0.4418,0.8713,0.6003
893cf2c701bffff,3,5,22.514879,88.335224,0.5629,865.8,0.0663,0.5169,0.2127,1.5341,0.4498
893cf2d59afffff,13,1,22.580877,88.340295,0.937,2602.6,0.4166,0.552,0.3293,0.8249,0.6072
893cf2c688bffff,19,4,22.57046,88.435674,0.6143,1744.0,0.6059,0.6464,0.2986,0.7,0.6364
893cf2d40afffff,15,6,22.626675,88.28612,0.7091,8991.6,0.6974,0.8054,0.3373,0.0536,0.6058
893cf2d580fffff,0,0,22.566523,88.311111,0.7484,3670.6,0.1786,0.5459,0.3425,0.2054,0.5422
893cf2d4bafffff,15,2,22.61013,88.370329,0.7243,1897.0,0.2827,0.7858,0.3717,0.3287,0.6216
893cf2d5b97ffff,10,3,22.564157,88.323138,0.5954,2099.7,0.833,0.6157,0.4174,0.8552,0.6838
893cf2d6acfffff,16,0,22.648751,88.301551,0.7102,9468.0,0.5963,0.6104,0.2883,0.7056,0.4914
893cf2d5953ffff,21,0,22.57052,88.324847,0.6591,1991.9,0.3556,0.4577,0.2347,0.2433,0.5717
893cf2d5bbbffff,8,1,22.559793,88.328297,0.7325,1663.8,0.8054,0.6949,0.3611,0.0972,0.7073
893cf2d5c3bffff,7,6,22.582791,88.296488,0.6727,5553.5,0.3846,0.488,0.193,0,0.5147
893cf2c4483ffff,19,0,22.537405,88.382438,0.6797,3361.7,0.7129,0.4972,0.2861,0,0.5643
893cf2d5e7bffff,17,6,22.553163,88.285366,0.7903,5924.7,0.7235,0.6684,0.2552,0.0748,0.6003
893cf2890dbffff,22,6,22.618114,88.397816,0.7663,1481.9,0.1352,0.587,0.5323,0.5999,0.6505
893cf2c09a7ffff,11,4,22.479684,88.335269,0.8002,4469.4,0.49,0.541,0.2711,0.2589,0.5668
893cf2c449bffff,14,4,22.536407,88.379003,0.7868,2950.2,0.621,0.5486,0.3097,0.3175,0.6544
893cf2d4b27ffff,6,4,22.605766,88.375489,0.8736,498.8,0.1498,0.8449,0.4739,0.1728,0.641
893cf2c430fffff,11,2,22.497083,88.425432,0.6064,7846.9,0.5367,0.5211,0.212,0.1767,0.4633
893cf2d59d3ffff,17,6,22.578064,88.320543,0.5377,3505.5,0.7953,0.6304,0.2062,0.6282,0.5801
893cf2c2b67ffff,13,3,22.495339,88.298327,0.7137,696.0,0.5558,0.6609,0.2359,0.4759,0.7068
893cf2d4ccbffff,2,0,22.632492,88.316177,0.6913,7202.4,0.1383,0.6171,0.3059,0.7199,0.4708
893cf2c6333ffff,6,2,22.554124,88.399602,0.7146,2386.4,0.2763,0.6855,0.2916,0.9848,0.5914
893cf2c6423ffff,16,4,22.582504,88.366065,0.8557,590.1,0.5224,0.5964,0.4885,0.5588,0.7188
893cf2d4c87ffff,1,3,22.644029,88.325612,0.664,7231.8,0.2145,0.6476,0.3469,0.926,0.5011
893cf289693ffff,12,1,22.621667,88.379768,0.6598,2511.4,0.34,0.6488,0.2569,0.0186,0.6438
893cf2d6b4fffff,8,4,22.648207,88.329902,0.7136,7593.9,0.6283,0.6206,0.2791,0.1015,0.5801
893cf2c6e2bffff,17,6,22.55574,88.425376,0.7214,1453.7,0.8312,0.8274,0.2165,0.1597,0.7207
893cf2d4c4fffff,9,1,22.625951,88.323917,0.7587,5593.3,0.8082,0.6329,0.2015,0.4617,0.5222
893cf2d41bbffff,8,0,22.634853,88.304147,0.7741,7997.0,0.6089,0.5088,0.252,0.1395,0.5305
893cf2d4d6fffff,6,4,22.632759,88.357415,0.8713,3596.2,0.368,0.6314,0.3956,0.5804,0.5791
893cf2d4ad3ffff,9,6,22.600328,88.326527,0.6784,4512.4,0.7361,0.5872,0.3438,0.2675,0.5378
893cf2c65a7ffff,8,5,22.598035,88.389245,0.805,1057.3,0.5839,0.6712,0.4831,0.2979,0.7441
893cf2c44a7ffff,13,4,22.538215,88.395323,0.8283,4098.5,0.5859,0.6189,0.3429,0.1659,0.6225
893cf2c0d13ffff,19,2,22.488789,88.306063,0.6801,1688.1,0.527,0.5308,0.4018,1.3513,0.6395
893cf2c6ddbffff,3,0,22.587552,88.433939,0.6283,2242.7,0,0.5603,0.3558,0.8971,0.4373
893cf2c649bffff,21,0,22.589236,88.348875,0.6719,1593.2,0.3742,0.5103,0.2677,0.5408,0.6135
893cf2d4e4fffff,7,3,22.603691,88.317933,0.7806,4938.2,0.3517,0.5368,0.257,0.1556,0.5905
893cf2d5e37ffff,7,5,22.564706,88.294796,0.6324,5429.6,0.4033,0.551,0.3513,0.3217,0.5403
893cf2d4e77ffff,10,0,22.608869,88.325657,0.7155,4534.1,0.6863,0.6099,0.2586,0.4096,0.5859
893cf2d430bffff,14,2,22.603055,88.295601,0.7105,7100.3,0.5065,0.7407,0.3602,0.6998,0.5479
893cf2c44cbffff,2,0,22.526861,88.376437,0.6866,3442.2,0.0743,0.5269,0.3307,0.4737,0.5404
893cf2d456fffff,23,3,22.634034,88.291263,0.6825,8835.9,0.0883,0.4442,0.3445,0.5764,0.4451
893cf2d4e77ffff,13,4,22.608869,88.325657,0.7985,4275.8,0.5342,0.4811,0.2862,0.051,0.5425
893cf2d4d1bffff,2,3,22.641483,88.347094,0.5642,5255.2,0.273,0.5628,0.3236,0.7443,0.4644
893cf2c7067ffff,15,5,22.509327,88.346396,0.7888,2331.3,0.5259,0.5234,0.3218,0.0654,0.668
893cf2c4223ffff,8,1,22.492096,88.408256,0.7893,8171.8,0.6472,0.5645,0.229,0.516,0.5604
893cf2d4197ffff,0,4,22.639213,88.298987,0.6585,8582.5,0.0666,0.5918,0.3252,1.1661,0.4373
893cf2d6a6fffff,5,0,22.641031,88.315306,0.504,7440.9,0.1442,0.5433,0.3384,0.7671,0.4671
893cf2c41b3ffff,23,3,22.531093,88.431414,0.6552,4101.9,0.0152,0.7664,0.2888,0.8926,0.4751
893cf2c616bffff,19,5,22.563668,88.402169,0.7521,2013.5,0.6351,0.6763,0.2669,0,0.6733
893cf2c6483ffff,18,2,22.590235,88.35231,0.7143,1309.8,0.9276,0.7086,0.3495,0.2843,0.7377
893cf2c5d0bffff,13,2,22.480784,88.440051,0.7805,10029.5,0.4725,0.574,0.3396,0.598,0.5463
893cf2c0dafffff,1,5,22.491787,88.316362,0.6561,1966.4,0,0.5204,0.2146,0.9976,0.5284
893cf2d48dbffff,23,1,22.619408,88.331657,0.8361,4627.2,0.2488,0.5785,0.2641,0.7711,0.5016
893cf2c701bffff,18,2,22.514879,88.335224,0.577,782.1,0.6689,0.3776,0.3233,0.1785,0.7029
893cf2d492bffff,2,1,22.623849,88.377187,0.5989,2570.7,0.0591,0.6691,0.2845,0.2289,0.5066
893cf2c4367ffff,16,6,22.492711,88.430591,0.7098,8293.8,0.5985,0.6564,0.2682,0.1197,0.5284
893cf2c453bffff,5,6,22.535653,88.416803,0.7318,3486.9,0.0518,0.4957,0.3477,0.0921,0.592
893cf2d4a47ffff,4,6,22.591602,88.336846,0.7505,2752.7,0,0.6317,0.3361,0.3226,0.5455
893cf2c4137ffff,4,5,22.524537,88.439153,0.5751,5362.8,0.0932,0.7178,0.2966,0.6601,0.4361
893cf2c62dbffff,7,6,22.54433,88.355801,0.7728,608.2,0.1071,0.6662,0.3183,0.0532,0.638
893cf2c732bffff,6,2,22.497222,88.365304,0.6297,4231.5,0.3021,0.5095,0.2235,0,0.4894
893cf28915bffff,4,6,22.617551,88.426176,0.7011,3070.6,0.0713,0.3643,0.2826,0.5065,0.4882
893cf2d4943ffff,8,5,22.619856,88.363444,0.8399,2699.9,0.7875,0.5097,0.3707,0.091,0.6831
893cf2d5a3bffff,19,5,22.545253,88.308563,0.6323,3300.7,0.6781,0.5107,0.2779,0.4264,0.5667
893cf2d43b7ffff,5,1,22.616775,88.302454,0.6768,7028.6,0,0.7037,0.3288,0,0.5012
893cf2c45c3ffff,4,2,22.537029,88.401338,0.681,4279.5,0.213,0.6822,0.4056,0.3575,0.5641
893cf2c6883ffff,18,6,22.573641,88.43653,0.5642,1847.1,0.6533,0.6876,0.3177,0.8201,0.5877
893cf2c4223ffff,19,0,22.492096,88.408256,0.6004,7895.4,0.624,0.6473,0.3878,0.2861,0.5319
893cf2d5977ffff,22,2,22.571335,88.33773,0.6494,1683.9,0.0739,0.6383,0.3993,0.7786,0.5388
893cf2d4c97ffff,16,5,22.646209,88.323031,0.7674,7693.5,0.4051,0.6181,0.3514,0.3796,0.644
893cf2893b3ffff,15,6,22.613185,88.431337,0.8187,4140.3,0.4339,0.5589,0.4351,0.5722,0.5529
893cf289233ffff,14,3,22.598658,88.411586,0.6616,2968.5,0.4911,0.7261,0.3577,0.2505,0.6578
893cf2c5c8fffff,9,6,22.482356,88.415138,0.8253,9145.2,0.7192,0.527,0.318,0.3067,0.5909
893cf289017ffff,12,2,22.622105,88.411562,0.7457,1617.7,0.4722,0.5653,0.4474,0.148,0.7123
893cf2c66a7ffff,23,3,22.568782,88.359208,0.4875,1152.9,0,0.5176,0.2344,1.4428,0.4687
893cf2d4d0fffff,15,4,22.640301,88.35311,0.8808,5080.1,0.639,0.7124,0.2678,0.4256,0.6306
893cf289523ffff,0,6,22.640995,88.426154,0.6354,3248.1,0.1393,0.5681,0.3287,0.7641,0.456
893cf2d59d3ffff,16,2,22.578064,88.320543,0.7975,3633.1,0.639,0.5854,0.2119,1.1222,0.5856
893cf2d4943ffff,13,4,22.619856,88.363444,0.6953,2506.3,0.5122,0.7836,0.3033,0,0.6348
893cf2d453bffff,14,3,22.642573,88.290392,0.7454,9697.8,0.4777,0.6695,0.2238,0.7713,0.4979
893cf2d480fffff,17,1,22.618043,88.347122,0.7394,3855.5,0.6708,0.4933,0.2657,0.1726,0.5911
893cf2c4437ffff,5,3,22.532849,88.397047,0.7297,4526.1,0.0566,0.632,0.2563,0.5597,0.4858
893cf2d5ad3ffff,19,6,22.5488,88.290524,0.666,4989.0,0.5742,0.7211,0.1664,0.6326,0.5229
893cf2d5e4fffff,6,4,22.552163,88.281933,0.6683,6079.7,0.3286,0.3771,0.1808,0.2245,0.4797
893cf289193ffff,4,1,22.635633,88.427878,0.5788,2719.3,0.2278,0.7857,0.3182,0.6334,0.5636
893cf2c6853ffff,7,0,22.560916,88.433105,0.6747,1854.5,0.2728,0.6794,0.2764,0.4585,0.5956
893cf289297ffff,5,0,22.607389,88.401265,0.6456,2281.8,0.2672,0.5941,0.3515,0.0517,0.6211
893cf2d5c9bffff,18,1,22.590515,88.282736,0.6262,7126.3,0.5923,0.6164,0.2955,0,0.5199
893cf2c44cbffff,1,4,22.526861,88.376437,0.6097,2925.7,0.2371,0.5404,0.3139,0.6717,0.4959
893cf28934fffff,2,3,22.594103,88.426199,0.5101,2649.7,0.2768,0.5465,0.3124,0.8487,0.5006
893cf2c458fffff,2,2,22.542206,88.409065,0.719,3321.2,0.1926,0.7039,0.3173,0.2782,0.6103
893cf2d5b93ffff,12,6,22.563158,88.319704,0.7302,2125.0,0.4919,0.6518,0.2657,0.0196,0.6122
893cf2890cfffff,17,6,22.616929,88.403833,0.6556,1557.4,0.7505,0.5706,0.4872,0.5297,0.699
893cf2c0dbbffff,0,6,22.492972,88.31035,0.6513,1738.2,0,0.5645,0.3047,1.4963,0.4665
893cf28b20bffff,3,1,22.646291,88.373725,0.65,3338.1,0.2071,0.4712,0.2349,0.2021,0.4935
893cf2c4223ffff,12,2,22.492096,88.408256,0.7058,8094.3,0.422,0.6561,0.2777,0.2817,0.5237
893cf2c41b3ffff,12,2,22.531093,88.431414,0.686,4589.5,0.3999,0.581,0.2445,0.6388,0.5296
893cf2d5857ffff,8,1,22.564524,88.304243,0.7161,3814.6,0.6387,0.4386,0.3782,0.5169,0.6041
893cf2c7097ffff,0,5,22.526609,88.33521,0.7153,1124.8,0.1641,0.7313,0.2505,1.6469,0.519
893cf2c6e2bffff,4,1,22.55574,88.425376,0.4781,2159.4,0.0192,0.64,0.2962,0.3748,0.4997
893cf289163ffff,4,4,22.618359,88.439067,0.6305,4241.7,0.2564,0.3784,0.3014,1.1127,0.4352
893cf2c4457ffff,4,0,22.525676,88.382451,0.8527,3680.1,0.1622,0.549,0.2446,0.6584,0.5302
893cf2d4c47ffff,14,6,22.62913,88.324772,0.8081,6122.8,0.526,0.5207,0.4135,0.3077,0.5493
893cf2d5b03ffff,12,1,22.553431,88.326587,0.7596,1647.1,0.4596,0.6243,0.1922,0,0.6294
893cf2d59c3ffff,1,2,22.575882,88.323123,0.7828,3137.6,0.0135,0.7092,0.1566,1.1966,0.5061
893cf2d4ab7ffff,16,1,22.608503,88.344557,0.7715,2732.8,0.4971,0.731,0.2593,0.5257,0.6047
893cf2d5bd7ffff,8,1,22.556796,88.317994,0.6082,2689.9,0.7868,0.6163,0.3934,0.8165,0.6472
893cf2d450fffff,17,4,22.641573,88.286958,0.7635,9445.6,0.7543,0.6169,0.511,0.2086,0.6183
893cf2c766bffff,21,3,22.498153,88.318071,0.5324,1883.1,0.4201,0.5282,0.2752,0.9982,0.6001
893cf2c4ecfffff,17,5,22.504254,88.44003,0.7758,7541.8,0.6736,0.5716,0.2107,0.1714,0.6261
893cf289167ffff,15,2,22.619356,88.442504,0.7668,4178.6,0.5045,0.6346,0.2876,0,0.5441
893cf2d49c7ffff,10,5,22.628397,88.362575,0.7618,3684.7,0.7001,0.5633,0.3023,0.5974,0.6276
893cf289147ffff,5,4,22.619545,88.43305,0.6986,3412.9,0.1491,0.5618,0.2417,0.2793,0.5059
893cf2c6563ffff,1,5,22.582132,88.384966,0.5713,1272.9,0.1854,0.6053,0.2292,0.2107,0.5855
893cf2d6a73ffff,20,3,22.645391,88.310146,0.7029,8595.1,0.6684,0.5513,0.3536,0.12,0.5337
893cf2d5c97ffff,8,0,22.594695,88.287024,0.8271,7405.6,0.6156,0.6935,0.3128,0.3917,0.6115
893cf2c611bffff,14,6,22.573399,88.395286,0.764,2901.2,0.5795,0.6694,0.262,0.0215,0.6553
893cf2d4bdbffff,3,3,22.60414,88.349716,0.6617,1973.6,0,0.654,0.2695,1.0443,0.5008
893cf2c6227ffff,1,2,22.545953,88.381569,0.4827,2826.8,0.0049,0.673,0.194,0.4647,0.5065
893cf2c0dafffff,2,2,22.491787,88.316362,0.4854,1804.9,0.1746,0.485,0.2534,0.4621,0.4933
893cf2c426fffff,7,6,22.482547,88.405689,0.7736,8824.8,0.3882,0.5458,0.2554,0.6946,0.5036
893cf2c7153ffff,12,3,22.517689,88.354974,0.6401,2938.8,0.5035,0.5306,0.3311,0.0054,0.5733
893cf2c659bffff,6,0,22.596225,88.372922,0.6983,920.3,0.2148,0.8089,0.3689,0.4594,0.6889
893cf2c7043ffff,4,4,22.508514,88.333515,0.5457,1466.8,0,0.6841,0.3063,1.0103,0.5314
893cf2c4e47ffff,20,5,22.499882,88.445189,0.6294,8295.2,0.7661,0.6131,0.331,0.32,0.5419
893cf2c624bffff,9,2,22.534598,88.362684,0.7104,1101.0,0.7086,0.4758,0.3608,0.7676,0.6587
893cf28b2cbffff,6,0,22.646475,88.364273,0.8786,4202.4,0.491,0.639,0.3497,0.8212,0.5775
893cf2c72cfffff,18,2,22.491602,88.325808,0.6556,2643.7,0.6602,0.5601,0.2862,0.7756,0.6026
893cf2c66afffff,17,5,22.565601,88.358353,0.6091,737.5,0.716,0.5357,0.158,0.877,0.6172
893cf2d59a7ffff,17,1,22.584058,88.341151,0.8649,2195.2,0.6875,0.5897,0.3367,0.5562,0.697
893cf2c282fffff,16,3,22.5148,88.284562,0.8224,1898.6,0.4903,0.6101,0.1787,0.1907,0.6984
893cf2d4d0fffff,2,3,22.640301,88.35311,0.6055,5160.3,0.0663,0.6448,0.3806,0.6965,0.4657
893cf28b26bffff,9,6,22.638749,88.37803,0.7364,2657.6,0.8621,0.5609,0.2728,0.6897,0.6809
893cf2c760bffff,0,3,22.505702,88.313768,0.6087,1365.0,0.2073,0.6514,0.2681,0.8549,0.5686
893cf289663ffff,18,5,22.604396,88.390957,0.7059,1262.2,0.9654,0.6139,0.4712,0.7172,0.6808
893cf2c6853ffff,22,2,22.560916,88.433105,0.5639,2108.6,0.0012,0.7345,0.2566,0.5518,0.5576
893cf2c629bffff,15,2,22.551691,88.360946,0.6891,934.4,0.4926,0.6157,0.2218,1.2423,0.5422
893cf2890afffff,8,4,22.624099,88.418435,0.7218,1922.1,0.6758,0.8008,0.2109,0.2264,0.6375
893cf289367ffff,3,2,22.597094,88.436509,0.7944,3720.1,0.0544,0.5657,0.3069,0.1845,0.4957
893cf2c4303ffff,12,5,22.499268,88.422853,0.655,7564.7,0.4894,0.7231,0.4364,0.2393,0.5131
893cf2d5e7bffff,10,4,22.553163,88.285366,0.7808,5707.6,0.5712,0.4015,0.1919,0.0461,0.5404
893cf2c6a43ffff,13,2,22.53646,88.42969,0.5592,3909.3,0.518,0.4683,0.2515,0.2802,0.569
893cf2d5c4fffff,15,0,22.57443,88.287912,0.7481,5954.0,0.3113,0.5087,0.2743,0.1457,0.4992
893cf2c5433ffff,22,5,22.480309,88.357595,0.6022,5478.2,0.0794,0.628,0.2707,0.6848,0.4561
893cf2c6dbbffff,16,1,22.59472,88.448543,0.8151,4094.1,0.4388,0.5757,0.2653,0.3283,0.6019
893cf2d5c3bffff,14,5,22.582791,88.296488,0.7745,5875.7,0.5368,0.6783,0.278,0.5044,0.5572
893cf28908fffff,8,4,22.624287,88.408982,0.7248,1232.3,0.754,0.5884,0.5678,0.0,0.726
893cf2c6303ffff,20,2,22.552128,88.392731,0.6541,3288.1,0.8577,0.556,0.2842,1.0602,0.5966
893cf2c2b37ffff,0,2,22.504886,88.300889,0.43,837.7,0.1235,0.6492,0.271,2.8294,0.3926
893cf2c6e8fffff,13,5,22.564477,88.415057,0.7223,965.7,0.4838,0.5849,0.2088,0,0.6196
893cf2c40cfffff,5,3,22.512569,88.397927,0.509,5682.0,0.1366,0.6731,0.3208,0.5432,0.4258
893cf28b257ffff,22,5,22.645293,88.370289,0.6739,3462.8,0.0554,0.6344,0.227,0.571,0.4764
893cf2890c7ffff,9,5,22.62011,88.404689,0.8229,1110.2,0.7842,0.8735,0.5182,0.35,0.7678
893cf2c5cd7ffff,13,6,22.480361,88.408268,0.6628,8938.0,0.359,0.5388,0.3637,0.1169,0.527
893cf2c65c3ffff,3,2,22.589864,88.371211,0.6717,630.9,0,0.6796,0.3331,1.6084,0.574
893cf2c6863ffff,4,5,22.558541,88.445137,0.5378,2889.1,0.067,0.6615,0.3393,1.1258,0.473
893cf2d4933ffff,19,0,22.62921,88.375463,0.6485,2604.1,0.43,0.6312,0.3363,0.6281,0.55
893cf2c2977ffff,8,3,22.519798,88.301728,0.7621,1901.7,0.6046,0.6361,0.3487,0.5728,0.7296
893cf289273ffff,21,0,22.591299,88.406437,0.5791,2557.9,0.4308,0.6417,0.2194,0.8322,0.5639
893cf2d5a33ffff,7,5,22.548434,88.309417,0.7202,3377.1,0.2963,0.5119,0.3067,0.5628,0.5125
893cf2c4117ffff,9,0,22.524728,88.429701,0.8113,5422.7,0.7122,0.521,0.3177,0.0733,0.5643
893cf289687ffff,4,1,22.620483,88.385784,0.7275,2323.0,0.0352,0.6672,0.3887,0.8783,0.5545
893cf2c65c3ffff,15,5,22.589864,88.371211,0.7656,464.3,0.5478,0.6203,0.3922,0.4388,0.7246
893cf2d4b7bffff,11,6,22.596411,88.363471,0.6864,554.3,0.5357,0.5653,0.2761,0.006,0.7044
893cf289397ffff,23,0,22.614371,88.42532,0.6999,3236.8,0,0.6073,0.2926,1.2288,0.4756
893cf2d496fffff,9,0,22.617489,88.375476,0.6534,1301.7,0.8333,0.5928,0.2743,0.5417,0.6438
893cf2d419bffff,1,6,22.635034,88.294698,0.7223,9283.4,0,0.6116,0.2912,0.3669,0.4752
893cf2c612fffff,3,6,22.572025,88.410753,0.6188,1237.9,0.0838,0.5232,0.3282,0.5529,0.555
893cf2896cbffff,22,2,22.608946,88.376345,0.7307,1315.5,0.0603,0.5654,0.4267,0.7099,0.576
893cf2890cfffff,13,0,22.616929,88.403833,0.8855,1507.2,0.5704,0.7092,0.4071,0.2534,0.7125
893cf2c611bffff,19,5,22.573399,88.395286,0.6813,2682.8,0.6964,0.4572,0.3342,0.1481,0.6159
893cf2c722fffff,5,3,22.49123,88.3447,0.6015,3449.4,0,0.5674,0.1777,0.2827,0.4824
893cf2c688bffff,18,2,22.57046,88.435674,0.6666,1430.4,0.6818,0.5229,0.3008,0.2699,0.6334
893cf2c5d0bffff,2,6,22.480784,88.440051,0.6851,10285.2,0.1056,0.5063,0.2895,0.8105,0.459
893cf2d4807ffff,2,3,22.621223,88.347978,0.5877,3860.2,0.289,0.6354,0.2648,1.0993,0.5048
893cf2d4e8fffff,5,4,22.618592,88.318772,0.5558,5576.5,0.2702,0.607,0.2495,0.4954,0.5283
893cf2d4923ffff,18,5,22.627028,88.378043,0.5852,2239.4,0.6946,0.5065,0.3745,0,0.6468
893cf289017ffff,20,0,22.622105,88.411562,0.605,1228.3,0.5889,0.5502,0.3608,0.5212,0.6438
893cf2894c3ffff,20,3,22.634386,88.383191,0.5466,1685.5,0.6108,0.6911,0.378,0.8505,0.6355
893cf2c44cbffff,19,2,22.526861,88.376437,0.6888,3054.6,0.7885,0.5507,0.2622,0.755,0.6077
893cf2d4d0fffff,7,5,22.640301,88.35311,0.7251,4848.6,0.2995,0.6733,0.3431,0.092,0.5333
893cf2d4ba7ffff,15,1,22.61331,88.371185,0.7819,1851.5,0.5805,0.758,0.2001,0,0.6463
893cf2c6047ffff,2,6,22.561049,88.372962,0.5627,1431.5,0.1732,0.6297,0.184,1.6613,0.4506
893cf2892abffff,19,2,22.600841,88.409005,0.6172,3206.5,0.6902,0.6867,0.162,0,0.574
893cf2c738fffff,5,1,22.505958,88.354988,0.6655,3145.8,0,0.6347,0.1742,0.9018,0.4818
893cf2c6cb3ffff,14,6,22.590922,88.425342,0.7537,2511.9,0.4665,0.6275,0.338,0.4843,0.6031
893cf2c0d13ffff,1,2,22.488789,88.306063,0.535,1286.7,0,0.4527,0.4871,1.4551,0.4447
893cf2d48a7ffff,2,0,22.628581,88.353124,0.7785,4085.9,0.0859,0.7179,0.423,0.5225,0.4994
893cf2d4a43ffff,21,2,22.590603,88.333411,0.5241,3213.6,0.3034,0.725,0.268,0.7469,0.5202
893cf2d4343ffff,19,4,22.598875,88.291313,0.6852,7400.6,0.6677,0.5605,0.3827,0.0422,0.5625
893cf2c68a3ffff,3,4,22.573451,88.445983,0.7085,2271.1,0.1635,0.6472,0.2457,0.927,0.5722
893cf2894bbffff,18,3,22.640559,88.394355,0.5773,1607.3,0.6959,0.7706,0.427,0.7164,0.6244
893cf2d5a63ffff,9,1,22.53889,88.306854,0.8182,3115.5,0.5685,0.501,0.2697,0.578,0.6318
893cf2d5b77ffff,16,5,22.549066,88.331746,0.6968,1031.0,0.6008,0.4841,0.324,0.1614,0.7074
893cf289683ffff,15,0,22.619485,88.382348,0.7337,2072.8,0.4883,0.5776,0.1939,0.0439,0.6455
893cf2c4483ffff,13,2,22.537405,88.382438,0.7696,3194.9,0.5562,0.7172,0.3171,0.1775,0.6018
893cf2c2dbbffff,14,5,22.5458,88.280224,0.7749,5287.0,0.4659,0.6091,0.291,0.6412,0.5214
893cf2c2b87ffff,12,3,22.510435,88.28972,0.7793,1496.5,0.5748,0.5974,0.2577,0.815,0.6069
893cf2d4e03ffff,23,5,22.613231,88.320497,0.5483,5402.2,0.0411,0.6333,0.204,0.3429,0.3939
893cf2c456bffff,8,4,22.526106,88.414235,0.658,4871.7,0.5705,0.6726,0.3815,0.5526,0.507
893cf2c62a7ffff,14,1,22.553501,88.377266,0.746,1747.5,0.4614,0.6193,0.2089,0.5671,0.5717
893cf289017ffff,19,1,22.622105,88.411562,0.7537,1556.1,0.8209,0.5213,0.4555,0.7887,0.662
893cf2c6c53ffff,6,4,22.576204,88.415045,0.6487,1127.5,0.1061,0.6215,0.248,0.8178,0.5444
893cf2c296bffff,10,0,22.513434,88.300019,0.6365,1404.9,0.8551,0.4838,0.2133,0.1338,0.6788
893cf2d4923ffff,23,3,22.627028,88.378043,0.6226,2361.3,0,0.6363,0.2948,0.5842,0.4938
893cf2d4197ffff,23,5,22.639213,88.298987,0.5347,8550.1,0.1056,0.606,0.3017,0.5892,0.4283
893cf2c4e8bffff,8,6,22.510619,88.441743,0.816,6937.7,0.8073,0.5492,0.2888,0.457,0.6283
893cf2d5857ffff,21,6,22.564524,88.304243,0.6013,4742.8,0.3174,0.621,0.2752,0.9564,0.4493
893cf2d5a8bffff,5,0,22.550799,88.297391,0.7166,4611.0,0.0252,0.6523,0.1743,0.7291,0.4166
893cf2d584bffff,22,0,22.558161,88.302534,0.6981,4523.4,0.1801,0.6378,0.2612,0.6612,0.4898
893cf2c639bffff,3,4,22.558679,88.384992,0.5888,2579.6,0.2169,0.5672,0.3123,0.8584,0.5566
893cf2d4acbffff,19,6,22.594966,88.328252,0.7674,4124.9,0.7376,0.7545,0.3165,0.141,0.6409
893cf2d453bffff,15,6,22.642573,88.290392,0.704,9837.0,0.5853,0.5277,0.3359,0.3,0.5674
893cf2d4a67ffff,8,0,22.591418,88.346296,0.7029,1825.8,0.6298,0.5823,0.2051,0.4153,0.6102
893cf2c2dafffff,23,2,22.544618,88.286237,0.699,5159.4,0,0.4288,0.3251,0.7977,0.4047
893cf2c446fffff,2,5,22.520121,88.393624,0.6487,4972.2,0.271,0.5853,0.3633,1.44,0.4432
893cf2c68cfffff,22,6,22.564097,88.433961,0.6495,1598.2,0.0343,0.5967,0.2146,0.6402,0.4915
893cf2d6acfffff,3,5,22.648751,88.301551,0.5167,9369.6,0.1236,0.554,0.3005,1.0633,0.3639
893cf2c737bffff,6,6,22.492042,88.357581,0.6192,3914.6,0.3018,0.6057,0.3056,0.7385,0.5396
893cf2d5acbffff,5,6,22.543436,88.292249,0.6208,4914.7,0,0.5338,0.2866,0.0854,0.4827
893cf2c4e93ffff,8,5,22.515987,88.44002,0.8189,6606.4,0.8523,0.6424,0.3344,0.4962,0.5505
893cf2d4567ffff,2,5,22.637214,88.292118,0.5194,8911.9,0.2493,0.6269,0.2753,0.049,0.4941
893cf289577ffff,20,4,22.636818,88.421861,0.603,2862.2,0.8899,0.5633,0.3041,0,0.6511
893cf2d6a43ffff,23,3,22.643392,88.303276,0.5783,8835.6,0.3575,0.6058,0.171,0.5555,0.4553
893cf2d5bc3ffff,14,4,22.553614,88.31714,0.7863,2701.2,0.391,0.6302,0.1482,0.4366,0.6361
893cf2d5b2fffff,13,4,22.551064,88.338615,0.693,707.9,0.5951,0.5691,0.3126,0.3814,0.7061
893cf2d4c47ffff,9,1,22.62913,88.324772,0.706,5806.4,0.6111,0.4534,0.3546,0.6832,0.5399
893cf2c4e4fffff,10,3,22.496699,88.444333,0.8033,8514.7,0.6782,0.4967,0.259,0.5217,0.5644
893cf2c757bffff,9,0,22.529605,88.345512,0.5523,1055.0,0.7213,0.6754,0.4007,0.2641,0.6604
893cf2d5dc3ffff,6,6,22.591152,88.305065,0.7043,5257.9,0.2951,0.6197,0.4313,0.1049,0.5206
893cf2d4a47ffff,10,6,22.591602,88.336846,0.8267,2607.1,0.6543,0.627,0.1972,0.0357,0.6811
893cf2d59c3ffff,4,3,22.575882,88.323123,0.5731,3224.8,0.0977,0.5967,0.269,0.5902,0.464
893cf2c4407ffff,23,1,22.530854,88.390176,0.6835,4421.3,0.0142,0.5536,0.2582,1.08,0.4233
893cf2c466fffff,12,0,22.497843,88.387635,0.7893,5955.8,0.449,0.5471,0.2793,0.3892,0.5873
893cf2d5a8bffff,15,0,22.550799,88.297391,0.6612,4613.2,0.4331,0.7462,0.3128,0.0431,0.5815
893cf2c6a63ffff,1,2,22.536269,88.439142,0.5408,4370.0,0.1392,0.5937,0.2474,0.7455,0.3965
893cf2c4c4fffff,3,0,22.518978,88.450327,0.6455,6507.0,0.0166,0.5963,0.371,0.8689,0.37
893cf2c426bffff,18,3,22.481549,88.402254,0.5826,8687.0,0.7692,0.7054,0.2926,0,0.5831
893cf2d5e7bffff,4,0,22.553163,88.285366,0.6969,6019.7,0,0.6145,0.2338,0.4548,0.4286
893cf28904fffff,3,6,22.609384,88.408137,0.7181,2439.1,0.311,0.6053,0.212,0.6324,0.5425
893cf2c60afffff,21,6,22.572589,88.382399,0.6389,1967.5,0.1703,0.5789,0.203,0.6323,0.5452
893cf2c45dbffff,1,0,22.536031,88.397902,0.4672,4584.6,0,0.6636,0.3488,0.4751,0.398
893cf2c73c7ffff,0,2,22.501777,88.350699,0.7472,2857.4,0.1875,0.6069,0.1946,0.7815,0.5397
893cf2d4143ffff,11,5,22.621135,88.297294,0.8545,7895.1,0.5232,0.6061,0.2681,0.6,0.5638
893cf2c7473ffff,22,6,22.525794,88.322329,0.5457,1081.0,0.1412,0.5019,0.3122,0.6769,0.5051
893cf2894b7ffff,11,1,22.644736,88.398648,0.6661,1766.1,0.4408,0.5741,0.3951,0,0.6722
893cf2c703bffff,17,2,22.514693,88.344672,0.6967,1366.6,0.5417,0.6342,0.2509,0.7872,0.6074
893cf2d4a67ffff,7,1,22.591418,88.346296,0.8254,2102.5,0.3829,0.5958,0.3083,0.2133,0.6198
893cf2c40cfffff,1,0,22.512569,88.397927,0.688,5876.8,0.1029,0.6046,0.3785,0.819,0.4353
893cf2c6dd3ffff,0,1,22.590733,88.434796,0.5448,2809.5,0.0843,0.7383,0.4327,1.0026,0.5271
893cf2c7513ffff,3,3,22.540335,88.342063,0.7839,844.6,0,0.7914,0.188,0,0.5917
893cf2d5a0fffff,23,4,22.544253,88.305129,0.5965,3858.2,0.1324,0.59,0.2309,0.385,0.4766
893cf2d59a7ffff,13,2,22.584058,88.341151,0.8848,2616.1,0.7819,0.6282,0.2285,0,0.6794
893cf2c6813ffff,1,2,22.568276,88.438254,0.5938,2225.9,0,0.507,0.2473,0.7751,0.4804
893cf2c430fffff,7,3,22.497083,88.425432,0.7494,8336.5,0.2767,0.7334,0.1611,0.0884,0.5641
893cf289193ffff,22,1,22.635633,88.427878,0.6619,3137.0,0,0.6871,0.3118,0.6539,0.4436
893cf2d5c8bffff,4,1,22.588334,88.285316,0.6489,6997.9,0.0217,0.6831,0.3399,1.1404,0.3997
893cf2d4c4bffff,0,3,22.624951,88.320482,0.6782,5909.2,0,0.5556,0.2192,1.0204,0.4434
893cf2c4303ffff,22,5,22.499268,88.422853,0.6846,7861.3,0,0.6858,0.3378,0.6842,0.4752
893cf2d5c6fffff,9,5,22.574249,88.297359,0.7185,5233.8,0.6344,0.5111,0.3614,0.7692,0.5089
893cf2d43b7ffff,6,3,22.616775,88.302454,0.7029,7248.9,0.2708,0.5854,0.2852,0.7231,0.4543
893cf2c0dbbffff,4,3,22.492972,88.31035,0.5237,1356.6,0.0282,0.585,0.2271,0.7985,0.5384
893cf2c4493ffff,1,6,22.539589,88.379858,0.7438,2648.5,0.0071,0.478,0.2851,0.2245,0.5154
893cf289667ffff,14,4,22.605393,88.394393,0.6787,1680.7,0.4374,0.5331,0.2335,0.5247,0.615
893cf2d41a7ffff,6,0,22.636852,88.311017,0.8293,7534.6,0.4001,0.5351,0.3771,0.2794,0.5862
893cf2c7663ffff,1,4,22.501335,88.318926,0.6309,1900.4,0.1181,0.6097,0.2874,0.4772,0.5606
893cf289367ffff,19,3,22.597094,88.436509,0.6614,3182.1,0.6881,0.7176,0.3429,0,0.6345
893cf2d489bffff,11,6,22.626767,88.336802,0.743,4879.5,0.4718,0.608,0.3417,0.8058,0.5215
893cf2d4807ffff,13,6,22.621223,88.347978,0.6182,4087.2,0.7113,0.7036,0.1039,0.2387,0.5332
893cf2c4ec3ffff,12,2,22.50644,88.437451,0.7029,7283.2,0.541,0.7044,0.2685,0.5581,0.5387
893cf2894bbffff,13,6,22.640559,88.394355,0.7117,1253.1,0.5934,0.6522,0.527,0,0.7178
893cf2c55d7ffff,5,5,22.488671,88.366173,0.7345,4959.0,0.2267,0.7103,0.3179,0.3207,0.5588
893cf2d6b67ffff,22,0,22.651204,88.340208,0.6804,6810.1,0.0051,0.7194,0.4327,0.8432,0.4293
893cf2d4e4fffff,19,0,22.603691,88.317933,0.6152,4529.0,0.8166,0.6287,0.2359,0.3132,0.5542
893cf2d5b77ffff,22,2,22.549066,88.331746,0.6956,1279.0,0.1934,0.5731,0.3422,0.5362,0.6164
893cf28934bffff,21,6,22.593105,88.422762,0.5793,2191.4,0.3715,0.6919,0.3358,1.0921,0.579
893cf28912fffff,17,4,22.623533,88.446798,0.7765,4822.5,0.6753,0.4318,0.2672,0.4071,0.5915
893cf2d4bd7ffff,16,6,22.608318,88.354007,0.7458,2712.3,0.4589,0.6445,0.3565,0.1861,0.6227
893cf2d480fffff,22,1,22.618043,88.347122,0.6339,3282.1,0.0896,0.6376,0.2347,0.3487,0.5285
893cf2c663bffff,15,6,22.559239,88.356643,0.6228,549.5,0.5948,0.5605,0.384,0.7411,0.638
893cf2d596fffff,4,1,22.565971,88.339455,0.6432,1196.6,0.1013,0.5617,0.2785,0.3285,0.5378
893cf2896abffff,7,5,22.616119,88.390944,0.7775,1623.5,0.369,0.5919,0.4362,0.7249,0.65
893cf2c46cbffff,5,6,22.504585,88.370449,0.7285,4189.5,0.194,0.5778,0.4334,0.5339,0.5345
893cf2c7367ffff,18,5,22.494039,88.364449,0.6195,4710.7,0.7826,0.6387,0.2466,0.5608,0.5735
893cf2c45a3ffff,7,0,22.544201,88.415936,0.8593,2692.4,0.3528,0.5104,0.4083,0.3544,0.6021
893cf2d59a7ffff,2,5,22.584058,88.341151,0.5288,2547.0,0.0763,0.6025,0.36,0.4728,0.5299
893cf2d4bc7ffff,7,0,22.606137,88.356587,0.8013,1882.5,0.1795,0.6895,0.2122,0.0095,0.6543
893cf2894cfffff,12,2,22.632204,88.385771,0.6621,1348.3,0.6446,0.5871,0.4722,0.2103,0.6175
893cf2d4a4fffff,7,4,22.588422,88.335991,0.7377,2988.7,0.1589,0.4083,0.2493,0.2746,0.4734
893cf2c4083ffff,14,6,22.522116,88.400494,0.7226,5638.1,0.6148,0.4584,0.2245,0.6897,0.5515
893cf2c6eafffff,21,4,22.564287,88.424509,0.6741,529.4,0.2027,0.6797,0.4161,0.2288,0.7067
893cf288233ffff,13,2,22.650157,88.447634,0.9009,5141.9,0.4838,0.5998,0.2854,0.745,0.5443
893cf2d5977ffff,12,6,22.571335,88.33773,0.7424,2243.2,0.4666,0.5794,0.2376,0,0.6463
893cf2c649bffff,16,6,22.589236,88.348875,0.8081,1795.6,0.621,0.4943,0.3097,0.0538,0.6069
893cf2c6483ffff,7,6,22.590235,88.35231,0.7208,1411.3,0.4565,0.6417,0.3352,0.8896,0.6174
893cf289127ffff,8,5,22.626713,88.447655,0.7848,5084.7,0.6039,0.5406,0.2804,0.2367,0.5383
893cf28918bffff,14,5,22.630271,88.429602,0.6817,3115.3,0.4341,0.5492,0.3454,0.21,0.5655
893cf2c09b7ffff,16,4,22.481868,88.33269,0.5604,3812.2,0.5015,0.5184,0.3929,0.145,0.5816
893cf2c6303ffff,22,2,22.552128,88.392731,0.6513,3412.4,0.1437,0.6669,0.2461,1.0012,0.4854
893cf2c629bffff,4,4,22.551691,88.360946,0.5078,875.6,0.0825,0.5955,0.2919,1.8432,0.4771
893cf2c6a43ffff,2,4,22.53646,88.42969,0.7729,3600.8,0.1925,0.5419,0.277,0.2401,0.5219
893cf2c45a3ffff,17,1,22.544201,88.415936,0.7166,2912.9,0.692,0.4721,0.3188,0.6047,0.5835
893cf2c456bffff,0,2,22.526106,88.414235,0.6762,4954.5,0.0304,0.6378,0.2667,0.1322,0.428
893cf2d4b33ffff,20,2,22.60695,88.369473,0.5125,1487.3,0.7879,0.6261,0.3203,0.1385,0.6063
893cf2c4643ffff,11,5,22.500216,88.375607,0.651,5210.9,0.5343,0.6762,0.3037,0.1986,0.5409
893cf289663ffff,2,3,22.604396,88.390957,0.7411,822.8,0.1981,0.5639,0.4821,0.3026,0.6378
893cf2d5b67ffff,22,2,22.546883,88.334325,0.7204,1558.0,0,0.6092,0.2596,1.0961,0.5261
893cf2c65a7ffff,6,6,22.598035,88.389245,0.8587,1166.4,0.3776,0.6582,0.4925,1.083,0.6534
893cf2d49cbffff,22,1,22.624218,88.358284,0.6555,3445.9,0.1239,0.5567,0.4396,0.3841,0.5341
893cf2d5c97ffff,10,3,22.594695,88.287024,0.8586,7474.3,0.698,0.5437,0.2733,0.4602,0.5662
893cf2d5b6fffff,10,2,22.543702,88.333471,0.8161,1580.9,0.8344,0.5514,0.2749,0.454,0.6703
893cf2c0d0fffff,0,4,22.484422,88.311221,0.7987,1798.2,0.1418,0.4809,0.3131,0.7866,0.5651
893cf2c6d43ffff,13,1,22.581,88.44168,0.6702,2524.6,0.4451,0.6519,0.2727,0.7997,0.5734
893cf2d4ed3ffff,23,0,22.615594,88.308468,0.6194,6552.4,0,0.5336,0.3303,1.3132,0.4097
893cf2c6813ffff,15,4,22.568276,88.438254,0.7511,1546.0,0.4073,0.5367,0.3275,0.2663,0.6591
893cf2893b3ffff,14,4,22.613185,88.431337,0.7514,3817.4,0.5634,0.501,0.484,0.0299,0.6063
893cf289163ffff,0,3,22.618359,88.439067,0.8027,4408.4,0.1768,0.5346,0.311,0.5476,0.5294
893cf2c659bffff,4,2,22.596225,88.372922,0.625,702.5,0,0.6956,0.4913,0.5047,0.6672
893cf2896cbffff,3,2,22.608946,88.376345,0.6912,1072.9,0.1481,0.7445,0.4054,0.1399,0.607
893cf2c42dbffff,10,0,22.491477,88.385924,0.8792,6403.0,0.6145,0.6203,0.3115,0.4476,0.5891
893cf289697ffff,11,6,22.622665,88.383203,0.699,1538.5,0.4228,0.5585,0.2294,0,0.6534
893cf2c743bffff,12,4,22.529976,88.326617,0.6849,1056.6,0.5001,0.5692,0.2684,0,0.6532
893cf2890cfffff,12,2,22.616929,88.403833,0.7443,1467.0,0.496,0.5761,0.3313,0.2992,0.6271
893cf2d439bffff,12,5,22.612776,88.288717,0.7264,8267.8,0.4189,0.6104,0.3837,0,0.5374
893cf2c64b7ffff,18,4,22.59323,88.362616,0.5483,553.1,0.5463,0.6829,0.4582,0.481,0.6584
893cf2d5c4fffff,20,1,22.57443,88.287912,0.592,6007.5,0.8404,0.4906,0.4586,0.0686,0.6143
893cf28b35bffff,0,4,22.648102,88.390051,0.7054,2090.7,0.1217,0.7121,0.2831,0.4621,0.5307
893cf2892c7ffff,15,5,22.597848,88.398697,0.703,2011.2,0.5692,0.6607,0.2825,0.3126,0.6472
893cf2d4153ffff,22,0,22.623315,88.294714,0.5533,8078.9,0.1183,0.4929,0.3084,0.8839,0.4238
893cf2c5433ffff,14,2,22.480309,88.357595,0.6619,5337.9,0.4318,0.6826,0.2503,0.9943,0.4286
893cf2d4a8bffff,6,3,22.602326,88.333396,0.7133,3768.7,0.2978,0.4192,0.2288,0.1196,0.5489
893cf289127ffff,3,6,22.626713,88.447655,0.7328,5100.0,0.2696,0.5582,0.4185,0.2683,0.5355
893cf2d4e57ffff,12,6,22.609052,88.316208,0.7764,5505.8,0.5742,0.5604,0.2826,0.4008,0.5707
893cf2d5993ffff,7,2,22.585425,88.325687,0.7066,3637.4,0.1941,0.6608,0.1677,0,0.5476
893cf2c2b37ffff,2,2,22.504886,88.300889,0.5519,581.3,0.1335,0.5146,0.1642,2.1476,0.4385
893cf28b34bffff,3,4,22.64592,88.392631,0.6184,2013.5,0.0711,0.5677,0.3615,0.3484,0.5429
893cf2c434bffff,9,1,22.488722,88.41685,0.8185,8894.8,0.5177,0.6011,0.3943,0.326,0.5815
893cf2d4363ffff,4,1,22.598694,88.300761,0.5374,6201.9,0.079,0.5635,0.2578,0.9569,0.3739
893cf2c430fffff,12,4,22.497083,88.425432,0.7481,7829.1,0.5907,0.6969,0.3343,0.1468,0.5922
893cf289127ffff,1,0,22.626713,88.447655,0.7259,4809.1,0.0309,0.6395,0.3077,0.9043,0.4825
893cf289147ffff,22,0,22.619545,88.43305,0.5468,3520.5,0,0.4565,0.3151,0.5609,0.4371
893cf2c4607ffff,17,5,22.508578,88.384187,0.6978,5318.1,0.592,0.5019,0.2791,0.6899,0.5559
893cf2c2993ffff,13,1,22.533891,88.289687,0.7972,4412.5,0.4945,0.5103,0.3797,0.1865,0.5511
893cf2c2b37ffff,1,1,22.504886,88.300889,0.4939,654.4,0.0656,0.5268,0.3814,2.2315,0.4552
893cf2d4b57ffff,10,6,22.600775,88.358312,0.7159,1338.5,0.6428,0.4826,0.328,0.0642,0.6399
893cf289e53ffff,13,2,22.605449,88.445095,0.6634,4838.4,0.6198,0.4402,0.3461,0.2319,0.5318
893cf2d480fffff,16,0,22.618043,88.347122,0.7242,3343.9,0.3625,0.6355,0.3949,0.2926,0.5651
893cf2d5b6fffff,3,1,22.543702,88.333471,0.7545,1693.3,0.2893,0.6426,0.4003,0.5624,0.6575
893cf2c654bffff,0,5,22.579137,88.37466,0.5842,330.7,0.2015,0.4047,0.5006,0.7608,0.5782
893cf2c2d0fffff,2,6,22.537255,88.281095,0.742,4612.4,0.0452,0.5065,0.354,0.7545,0.4412
893cf2c2d3bffff,20,1,22.538255,88.284529,0.6934,4795.2,0.6324,0.541,0.2625,0.9124,0.5576
893cf2c64b3ffff,5,1,22.592232,88.359181,0.6041,384.2,0.1277,0.724,0.2883,0.7589,0.6158
893cf2d4933ffff,20,0,22.62921,88.375463,0.6808,2267.7,0.754,0.6782,0.4015,0.6517,0.6371
893cf2c425bffff,19,1,22.483924,88.390227,0.7589,7307.3,0.788,0.4786,0.3561,0.3387,0.5884
893cf2c5533ffff,15,5,22.487296,88.381634,0.6264,6518.2,0.4763,0.6977,0.314,0.2924,0.5686
893cf2c629bffff,16,0,22.551691,88.360946,0.7141,810.3,0.4424,0.4205,0.2075,1.1642,0.5671
893cf2c4323ffff,7,3,22.499077,88.432303,0.801,7930.7,0.3728,0.627,0.2985,0.3457,0.5069
893cf2c5c17ffff,23,5,22.48017,88.417717,0.7195,9584.7,0.0376,0.5919,0.278,0.4025,0.4488
893cf2c4c83ffff,23,2,22.536077,88.448594,0.7352,5076.3,0.1083,0.5938,0.3369,0.959,0.4563
893cf2c70cfffff,20,6,22.51388,88.331791,0.6787,887.1,0.7443,0.5337,0.4108,1.5718,0.6089
893cf2c7323ffff,21,1,22.500404,88.36616,0.5476,4709.3,0.3555,0.5283,0.3435,0.3109,0.5133
893cf28945bffff,6,1,22.625845,88.384059,0.7536,1574.6,0.4029,0.5509,0.3494,0.396,0.6347
893cf2d5cc7ffff,17,3,22.585154,88.284462,0.7667,7041.7,0.7572,0.6118,0.3034,0.0626,0.5995
893cf28938fffff,22,2,22.609008,88.427044,0.7447,3742.1,0.0271,0.4549,0.247,0.2227,0.5082
893cf2d4d6fffff,9,4,22.632759,88.357415,0.7723,4548.5,0.8232,0.6554,0.4333,0.7177,0.5972
893cf2d4843ffff,19,5,22.612865,88.339397,0.7291,3782.7,0.7872,0.6467,0.2569,0.6468,0.6223
893cf2d6acbffff,10,6,22.647751,88.298116,0.5945,9277.5,0.7535,0.6757,0.3771,0.6275,0.5556
893cf2c45abffff,7,4,22.541019,88.41508,0.829,3296.6,0.2956,0.5369,0.2769,0.3912,0.6158
893cf289617ffff,12,3,22.615121,88.387508,0.6431,1924.0,0.6589,0.6263,0.2029,0.0702,0.6502
893cf28b277ffff,8,5,22.645108,88.379742,0.6659,2646.2,0.6628,0.5447,0.3016,0.2063,0.5963
893cf2c7617ffff,23,2,22.512067,88.315477,0.6544,1673.7,0.094,0.3758,0.2667,0.7954,0.5615
893cf2d4bdbffff,2,1,22.60414,88.349716,0.8076,2413.6,0.0765,0.5326,0.252,0.6313,0.5603
893cf2d496fffff,13,6,22.617489,88.375476,0.6375,2024.8,0.525,0.6803,0.3344,0,0.6919
893cf2c6233ffff,4,3,22.547138,88.375555,0.6714,2324.6,0.2576,0.6884,0.2824,0.9143,0.5532
893cf2c6e13ffff,16,4,22.561295,88.414201,0.7042,1165.8,0.6323,0.6581,0.2963,0,0.6535
893cf2c6d73ffff,9,4,22.582994,88.448553,0.6044,3062.0,0.6297,0.499,0.3137,0.2009,0.6126
893cf2890c7ffff,0,6,22.62011,88.404689,0.6837,1315.0,0.2445,0.6427,0.6057,0.4275,0.6636
893cf2c6423ffff,10,5,22.582504,88.366065,0.7741,419.4,0.6787,0.6724,0.6112,0.7684,0.7836
893cf2c642fffff,17,2,22.580322,88.368645,0.7658,271.5,0.5817,0.6408,0.5816,0.2925,0.808
893cf2c4513ffff,14,4,22.539024,88.408209,0.681,3675.3,0.4441,0.6226,0.341,0.2509,0.5566
893cf289367ffff,4,5,22.597094,88.436509,0.6375,3426.7,0.2075,0.5178,0.3983,0.6465,0.5128
893cf2c4643ffff,23,5,22.500216,88.375607,0.7421,5318.3,0.0444,0.4512,0.3976,0.9894,0.5016
893cf28934bffff,12,6,22.593105,88.422762,0.7849,2804.5,0.4306,0.5891,0.2374,0.4474,0.5598
893cf2d4e57ffff,2,3,22.609052,88.316208,0.6862,5277.9,0.0454,0.696,0.3041,0.6836,0.491
893cf288233ffff,15,4,22.650157,88.447634,0.6596,5391.7,0.6178,0.5057,0.3069,0.2533,0.6041
893cf2d4bafffff,4,2,22.61013,88.370329,0.6582,1904.7,0.0713,0.71,0.3591,0,0.6252
893cf2d5bd7ffff,18,3,22.556796,88.317994,0.6271,2770.5,0.7346,0.5992,0.2854,0.3492,0.6366
893cf2c742bffff,1,3,22.527793,88.329197,0.6358,761.5,0,0.5448,0.1758,0.9301,0.5296
893cf2d4c6bffff,1,6,22.624769,88.329932,0.7265,5106.4,0.0315,0.556,0.2989,0.7394,0.4959
893cf2c425bffff,14,1,22.483924,88.390227,0.6296,6916.3,0.5477,0.5944,0.3569,0.3725,0.5429
893cf2c6423ffff,4,0,22.582504,88.366065,0.6374,436.2,0.0695,0.6057,0.3723,0.3129,0.5219
893cf2c430fffff,20,6,22.497083,88.425432,0.6535,8116.8,0.5467,0.5415,0.2407,0.591,0.5035
893cf2d5c93ffff,12,2,22.593695,88.283591,0.7859,7780.2,0.3889,0.3029,0.397,0.2139,0.4961
893cf2c4ec3ffff,23,6,22.50644,88.437451,0.6708,7035.1,0.1067,0.5482,0.5008,0.829,0.4545
893cf2d480fffff,8,4,22.618043,88.347122,0.7862,3496.9,0.6251,0.7105,0.2583,0.0546,0.6469
893cf289607ffff,8,0,22.612939,88.390088,0.8131,1792.5,0.6352,0.5007,0.2979,0.1785,0.6399
893cf2c658fffff,19,3,22.595041,88.378938,0.565,391.7,0.7205,0.7247,0.6468,0,0.7568
893cf289167ffff,0,4,22.619356,88.442504,0.7083,4248.9,0.2348,0.6417,0.1895,0.4943,0.5062
893cf2c62a3ffff,18,4,22.552503,88.373831,0.7478,1399.5,0.7838,0.6143,0.379,0.4146,0.6716
893cf2c41cbffff,4,1,22.518554,88.418538,0.6799,5854.4,0,0.589,0.3517,0.8052,0.4543
893cf2d4eb3ffff,7,1,22.622771,88.323062,0.7722,5462.1,0.1027,0.5617,0.2114,0.3412,0.3845
893cf2c7193ffff,9,3,22.532601,88.355815,0.575,1051.2,0.6967,0.7764,0.3457,0.3415,0.7006
893cf2c4ecfffff,20,5,22.504254,88.44003,0.7352,7592.5,0.7061,0.5556,0.3034,0.5709,0.5584
893cf2c0d0fffff,19,6,22.484422,88.311221,0.6926,1707.9,0.6655,0.5524,0.1941,0.5092,0.6408
893cf2d4363ffff,15,6,22.598694,88.300761,0.7678,6730.2,0.5086,0.5613,0.3374,0.3435,0.5251
893cf2c606bffff,15,6,22.556683,88.378121,0.7285,2213.1,0.4459,0.5557,0.3375,0.7177,0.6109
893cf2c290fffff,14,1,22.521981,88.299149,0.8091,2577.6,0.4767,0.69,0.3081,0.2815,0.6673
893cf2c6d43ffff,8,0,22.581,88.44168,0.9383,2720.0,0.5622,0.6129,0.2765,0.2028,0.6916
893cf2c09a7ffff,23,4,22.479684,88.335269,0.6401,4708.6,0.2881,0.6276,0.3237,1.0262,0.5103
893cf2c4283ffff,4,1,22.499839,88.394504,0.6069,6260.7,0.084,0.578,0.348,0.4046,0.4182
893cf2c6aa3ffff,22,0,22.551181,88.439988,0.5381,3232.5,0.196,0.6861,0.3468,1.0211,0.498
893cf2d5973ffff,12,3,22.570336,88.334296,0.8841,1525.6,0.4105,0.6591,0.2432,0.5617,0.6736
893cf2d5c9bffff,12,1,22.590515,88.282736,0.7179,7266.2,0.2306,0.3978,0.2079,0.0467,0.5077
893cf2c756bffff,22,2,22.527422,88.348091,0.6627,1368.3,0.1658,0.7621,0.3032,0.5541,0.6234
893cf2c296fffff,1,1,22.514433,88.303452,0.5181,1562.4,0.0861,0.6637,0.2194,1.758,0.4934
893cf2c292fffff,8,3,22.521797,88.308594,0.7478,2204.8,0.726,0.7267,0.2955,0.6441,0.6248
893cf2c4e93ffff,19,3,22.515987,88.44002,0.5466,6621.1,0.5135,0.5477,0.2948,0.4265,0.4563
893cf2c663bffff,13,2,22.559239,88.356643,0.5916,377.2,0.3825,0.6183,0.465,1.0156,0.6453
893cf2d6acfffff,8,1,22.648751,88.301551,0.8181,8997.9,0.8669,0.5432,0.3957,0.3445,0.6801
893cf2c5557ffff,7,4,22.481119,88.370476,0.6733,6021.5,0.3735,0.6289,0.2252,0.385,0.5269
893cf2c463bffff,22,4,22.506393,88.386767,0.7433,5358.3,0.2094,0.6257,0.2959,1.1018,0.4902
893cf2d4933ffff,22,3,22.62921,88.375463,0.7243,2757.7,0.1024,0.4993,0.2116,0.6624,0.485
893cf2d5bd7ffff,3,3,22.556796,88.317994,0.7456,2657.4,0.1262,0.6314,0.3273,0.7317,0.5126
893cf2d588bffff,6,1,22.573067,88.303372,0.8618,4527.5,0.3055,0.6431,0.3471,0.7122,0.5771
893cf2c658fffff,20,5,22.595041,88.378938,0.7772,842.4,0.7724,0.7185,0.5425,0.4152,0.8528
893cf2d5903ffff,19,2,22.575699,88.332571,0.6418,2879.5,0.7743,0.6106,0.2553,0.1015,0.5834
893cf2d592fffff,7,2,22.573332,88.3446,0.8418,2485.2,0.4244,0.7047,0.3438,0.0705,0.6662
893cf2c703bffff,16,2,22.514693,88.344672,0.717,1840.0,0.4693,0.5725,0.2626,0.625,0.6254
893cf2c7527ffff,3,4,22.538965,88.357526,0.7008,578.9,0.118,0.5612,0.3345,0.4293,0.6105
893cf2896c3ffff,11,1,22.612127,88.3772,0.702,1142.6,0.6424,0.6169,0.223,0.304,0.6531
893cf2d4b57ffff,23,6,22.600775,88.358312,0.621,1226.6,0,0.5771,0.284,0.4551,0.549
893cf2c68abffff,4,5,22.570269,88.445127,0.5055,2655.7,0.2313,0.63,0.3647,0.4219,0.4863
893cf2c43dbffff,19,6,22.498462,88.409968,0.5801,7856.4,0.7459,0.6582,0.3328,0,0.6362
893cf2c0da7ffff,14,1,22.49497,88.317217,0.6802,1997.0,0.5412,0.6355,0.3465,0.4777,0.6339
893cf2d6acbffff,12,6,22.647751,88.298116,0.8051,9371.2,0.4551,0.6195,0.2993,0.5878,0.5355
893cf2c408bffff,9,1,22.518934,88.399638,0.8105,5620.4,0.6605,0.6164,0.334,0.4275,0.5969
893cf2c7297ffff,23,1,22.504333,88.329227,0.7043,2013.1,0.1408,0.5764,0.3351,1.173,0.5235
893cf2c09b7ffff,14,5,22.481868,88.33269,0.8548,4080.4,0.5357,0.4776,0.3377,0.5694,0.5866
893cf2c2dbbffff,21,4,22.5458,88.280224,0.5616,5610.1,0.5106,0.6754,0.2787,0.7269,0.5034
893cf2c71b3ffff,22,0,22.532415,88.365264,0.7578,1643.2,0.1779,0.4628,0.3696,0,0.6633
893cf2d5dabffff,7,3,22.595149,88.318803,0.7482,5004.8,0.2871,0.4977,0.3031,0.3951,0.5171
893cf2894cfffff,14,2,22.632204,88.385771,0.8457,1384.0,0.5785,0.6756,0.5877,0.3624,0.7418
893cf2c5593ffff,22,4,22.495037,88.367883,0.7547,4972.4,0.2585,0.623,0.3687,0.6011,0.5497
893cf2d4b33ffff,1,3,22.60695,88.369473,0.6992,1246.4,0.1645,0.511,0.2875,1.1093,0.5632
893cf2c612fffff,11,4,22.572025,88.410753,0.7358,1246.0,0.6918,0.7029,0.1574,0.6279,0.6603
893cf2c46cfffff,4,6,22.505583,88.373884,0.5336,4168.3,0.1968,0.6164,0.2821,0.3446,0.4947
893cf2c68abffff,3,6,22.570269,88.445127,0.6443,2662.8,0,0.5643,0.2051,0.3593,0.4792
893cf2c6563ffff,22,2,22.582132,88.384966,0.775,1709.7,0.0418,0.6625,0.2793,0.8796,0.5685
893cf2c7097ffff,4,1,22.526609,88.33521,0.5306,951.5,0.2304,0.4635,0.391,1.2209,0.5509
893cf28961bffff,14,4,22.610943,88.383216,0.9758,1521.1,0.4991,0.5606,0.4919,0.56,0.7238
893cf2893b3ffff,2,6,22.613185,88.431337,0.7217,3756.1,0.149,0.5506,0.3891,0.9126,0.504
893cf2c4643ffff,8,6,22.500216,88.375607,0.5442,4941.8,0.6197,0.4882,0.3773,0.2512,0.5332
893cf2c6c93ffff,14,5,22.591111,88.41589,0.723,2375.7,0.5656,0.5355,0.3818,0.1333,0.6579
893cf2c732bffff,18,1,22.497222,88.365304,0.7078,4168.2,0.7516,0.7023,0.3684,0.5638,0.6627
893cf2c72dbffff,9,6,22.492787,88.319796,0.8264,1756.6,0.6972,0.6375,0.1999,0.2502,0.6793
893cf2c611bffff,16,4,22.573399,88.395286,0.7204,2604.5,0.4176,0.7166,0.3616,0.0273,0.6506
893cf2c66a3ffff,21,0,22.567784,88.355773,0.5833,1069.3,0.2235,0.5842,0.2265,1.6169,0.4684
893cf2d4177ffff,23,1,22.624134,88.307598,0.5253,7121.9,0.2867,0.5412,0.3604,0.7989,0.4534
893cf289157ffff,20,5,22.621728,88.43047,0.6871,3301.2,0.8008,0.6226,0.3033,0.6479,0.6275
893cf2c4607ffff,6,5,22.508578,88.384187,0.7415,5022.3,0.401,0.5921,0.2757,1.2613,0.4887
893cf2c7173ffff,17,2,22.517502,88.364422,0.8608,3110.0,0.8264,0.6033,0.3646,0.2537,0.7547
893cf2c6a43ffff,22,4,22.53646,88.42969,0.6926,3862.5,0.1558,0.7316,0.2664,0.5289,0.581
893cf2d6a6fffff,14,6,22.641031,88.315306,0.7508,7625.3,0.5071,0.5971,0.0771,0.3402,0.46
893cf2c66a7ffff,21,4,22.568782,88.359208,0.6489,794.7,0.2149,0.6155,0.1967,1.5065,0.5422
893cf2d4b6fffff,8,6,22.595227,88.369487,0.692,616.8,0.7844,0.579,0.5719,0.6626,0.7509
893cf2d4c4fffff,4,1,22.625951,88.323917,0.6889,6084.3,0,0.72,0.3985,1.0499,0.4699
893cf2c72b7ffff,11,1,22.504147,88.338673,0.6979,1827.2,0.5506,0.619,0.4054,0.2768,0.6405
893cf289523ffff,20,4,22.640995,88.426154,0.6305,2511.9,0.6415,0.6562,0.2762,1.0936,0.5609
893cf2c4e73ffff,7,3,22.500879,88.448625,0.8696,7871.7,0.507,0.651,0.3525,0.355,0.5683
893cf289143ffff,11,5,22.618548,88.429613,0.7537,2897.6,0.5152,0.6203,0.1614,0.2996,0.5714
893cf2d4b27ffff,14,6,22.605766,88.375489,0.7596,795.8,0.6621,0.8689,0.6317,0.3462,0.7448
893cf2d584bffff,20,3,22.558161,88.302534,0.7263,4169.3,0.7728,0.6126,0.3006,1.1135,0.5359
893cf2c6ddbffff,2,1,22.587552,88.433939,0.8495,2282.1,0,0.7524,0.2665,0.19,0.5597
893cf2c738fffff,8,4,22.505958,88.354988,0.7897,3016.9,0.908,0.5894,0.3177,0.056,0.7403
893cf289297ffff,21,1,22.607389,88.401265,0.7087,2042.3,0.2927,0.5742,0.2107,0.4652,0.5884
893cf28904fffff,18,5,22.609384,88.408137,0.52,2083.0,0.6985,0.5529,0.2879,0.4302,0.5854
893cf2d5b83ffff,17,5,22.560976,88.322283,0.7577,2106.4,0.6368,0.5191,0.2838,0.6484,0.5906
893cf2c4513ffff,6,5,22.539024,88.408209,0.731,3274.5,0.3919,0.6415,0.3354,0.7538,0.5576
893cf2c6d43ffff,12,3,22.581,88.44168,0.6105,2725.5,0.439,0.6033,0.1527,0,0.6011
893cf2d596fffff,5,3,22.565971,88.339455,0.6355,1348.7,0.1842,0.4978,0.3486,0.7128,0.5904
893cf289453ffff,12,5,22.629024,88.384915,0.7697,1447.9,0.6018,0.7063,0.4304,0.5386,0.6715
893cf2c687bffff,3,0,22.557544,88.441701,0.6803,2671.8,0.0422,0.8021,0.3824,0.7857,0.5731
893cf2c401bffff,6,5,22.513567,88.401362,0.8723,6325.9,0.2574,0.6014,0.3369,0.7276,0.4924
893cf2c65c3ffff,6,0,22.589864,88.371211,0.6912,666.6,0.323,0.6481,0.2437,0.1624,0.6728
893cf2d4c4bffff,7,3,22.624951,88.320482,0.7757,6079.6,0.5847,0.7852,0.1453,0.5271,0.5712
893cf2c62a3ffff,14,0,22.552503,88.373831,0.7364,1813.8,0.5921,0.5957,0.3293,0.4448,0.7077
893cf2c44cbffff,10,6,22.526861,88.376437,0.7813,3448.8,0.7918,0.6624,0.1637,0.5595,0.662
893cf2d6b7bffff,9,6,22.649206,88.333337,0.7653,7507.3,0.6589,0.5114,0.3117,0.1404,0.5724
893cf288267ffff,13,0,22.641615,88.448502,0.8676,5056.6,0.7077,0.678,0.345,0,0.6864
893cf2c6883ffff,15,4,22.573641,88.43653,0.6713,2018.1,0.4601,0.6852,0.2124,0,0.6363
893cf2d4867ffff,5,5,22.61368,88.352282,0.6067,2994.7,0,0.457,0.3393,1.4989,0.4596
893cf2d4267ffff,2,2,22.592695,88.280157,0.6312,7496.8,0.151,0.6479,0.3496,1.03,0.4106
893cf2c4687ffff,10,3,22.516129,88.379884,0.8574,4234.2,0.7289,0.6589,0.2561,0,0.6645
893cf2c42dbffff,3,0,22.491477,88.385924,0.6339,6235.0,0.2463,0.5513,0.1854,1.2435,0.4367
893cf2c7457ffff,3,3,22.526978,88.316316,0.683,1308.1,0,0.5324,0.2826,1.0675,0.545
893cf2c66afffff,13,1,22.565601,88.358353,0.6459,420.0,0.4765,0.4826,0.2737,1.2404,0.5916
893cf2d4177ffff,9,2,22.624134,88.307598,0.8439,6671.8,0.7587,0.7453,0.281,0.5724,0.6335
893cf2c654bffff,5,0,22.579137,88.37466,0.556,330.0,0.1272,0.6835,0.6201,0.4925,0.7033
893cf2c61d3ffff,23,0,22.576768,88.38669,0.6417,1768.9,0.0656,0.4898,0.3285,0.3744,0.5485
893cf2c5557ffff,0,0,22.481119,88.370476,0.6071,5726.5,0,0.4977,0.3686,0.8871,0.4517
893cf2c5d1bffff,22,4,22.48297,88.437472,0.7102,10138.2,0.1772,0.6156,0.1766,0.6411,0.5023
893cf2c45c3ffff,19,2,22.537029,88.401338,0.5467,4165.9,0.8444,0.6451,0.3504,0.8679,0.5408
893cf289233ffff,19,3,22.598658,88.411586,0.5674,3276.5,0.7221,0.5901,0.3302,0.217,0.5994
893cf2c6a87ffff,15,4,22.552369,88.433972,0.6818,2593.9,0.6312,0.6775,0.3567,0.878,0.6361
893cf289167ffff,16,2,22.619356,88.442504,0.7186,4646.1,0.6172,0.6298,0.3398,0.2057,0.5515
893cf289693ffff,9,0,22.621667,88.379768,0.7505,2385.4,0.7457,0.6255,0.2613,0.3912,0.6059
893cf2c41cbffff,0,6,22.518554,88.418538,0.6295,6085.3,0,0.599,0.2668,0.8001,0.3603
893cf2d598fffff,8,2,22.581061,88.330846,0.6874,3131.8,0.8014,0.6071,0.2737,0.0717,0.6797
893cf2d5cc7ffff,0,0,22.585154,88.284462,0.6252,6657.2,0,0.5321,0.3395,0.7989,0.4068
893cf2d5d37ffff,9,2,22.593967,88.324817,0.8376,3973.6,0.6587,0.5804,0.2244,0.5303,0.6115
893cf2d5d5bffff,0,0,22.582609,88.305936,0.6987,4530.1,0.0102,0.5911,0.21,0.4687,0.4654
893cf2d4c57ffff,8,3,22.631311,88.322192,0.7774,6341.6,0.7601,0.5377,0.3683,0.3748,0.5786
893cf2d4c4fffff,18,5,22.625951,88.323917,0.6376,5909.5,0.628,0.7127,0.3563,0.1014,0.5346
893cf2c09b3ffff,21,5,22.480869,88.329256,0.6721,3939.9,0.4137,0.5816,0.2692,0.4097,0.5494
893cf28938fffff,8,2,22.609008,88.427044,0.6823,3412.3,0.7044,0.5392,0.2403,1.0304,0.5438
893cf2c7513ffff,23,2,22.540335,88.342063,0.6467,521.2,0.0507,0.5003,0.4776,0.9561,0.595
893cf2c55abffff,4,5,22.489481,88.379055,0.7336,6295.3,0.0224,0.6924,0.3693,0.7309,0.4688
893cf2d4b0fffff,10,4,22.602772,88.365182,0.9201,1350.3,0.803,0.7374,0.4031,0.923,0.7532
893cf2c6cabffff,19,1,22.585558,88.427066,0.6648,2028.0,0.7256,0.5549,0.3318,0,0.6868
893cf2d49d3ffff,20,0,22.629579,88.356559,0.5852,4131.3,0.7291,0.6416,0.2875,1.4863,0.5393
893cf2d5e37ffff,2,3,22.564706,88.294796,0.5652,5085.9,0.0419,0.6706,0.2459,0.9322,0.3636
893cf2d5a77ffff,23,3,22.542071,88.307708,0.6676,3554.5,0.1353,0.598,0.2653,0.937,0.4219
893cf289e5bffff,21,4,22.602268,88.444239,0.5606,4096.8,0.2268,0.4467,0.245,1.0236,0.4516
893cf2d4bcbffff,23,4,22.601958,88.352296,0.7714,1712.7,0.0612,0.6697,0.3284,0.6189,0.5738
893cf289397ffff,12,1,22.614371,88.42532,0.8073,3077.5,0.3756,0.5371,0.3039,0.9222,0.5342
893cf2c2b6fffff,1,5,22.492156,88.297473,0.5956,534.9,0,0.743,0.227,1.9119,0.4806
893cf2d450fffff,19,0,22.641573,88.286958,0.7278,9541.2,0.5462,0.6112,0.4327,0.3802,0.5756
893cf289577ffff,7,4,22.636818,88.421861,0.7059,2431.0,0.2131,0.7154,0.1774,0.3382,0.5371
893cf2c7457ffff,1,5,22.526978,88.316316,0.7201,1556.3,0.1593,0.7132,0.2159,1.1048,0.5544
893cf2c6a5bffff,9,5,22.535463,88.426255,0.6886,3975.3,0.8115,0.5476,0.2973,0.3385,0.6225
893cf2d5d07ffff,1,0,22.591969,88.317948,0.7255,4930.0,0.0646,0.6042,0.2726,0.5868,0.5073
893cf2d6a43ffff,13,3,22.643392,88.303276,0.7339,8870.4,0.4023,0.6474,0.2431,0.2603,0.5251
893cf2c6573ffff,12,4,22.584314,88.382386,0.8777,1359.3,0.4891,0.5181,0.2342,0,0.708
893cf2c6423ffff,20,3,22.582504,88.366065,0.5146,443.1,0.8091,0.721,0.4263,0.9345,0.7043
893cf2c7527ffff,5,0,22.538965,88.357526,0.7376,866.9,0.0888,0.5918,0.4109,0.7198,0.6232
893cf2c6233ffff,23,0,22.547138,88.375555,0.598,2261.7,0.2306,0.5785,0.3249,0.99,0.5076
893cf2d5d67ffff,2,0,22.584425,88.322253,0.6406,3942.7,0.1531,0.6251,0.1779,0.9718,0.4679
893cf2d4cb3ffff,15,1,22.645028,88.329047,0.7446,7131.0,0.4396,0.5838,0.3521,0.5129,0.5645
893cf2d5a2fffff,17,1,22.54407,88.314576,0.8801,3118.6,0.7304,0.762,0.2876,0.4801,0.6557
893cf2d596fffff,17,3,22.565971,88.339455,0.5759,1141.0,0.714,0.7486,0.3667,0,0.6937
893cf289617ffff,23,0,22.615121,88.387508,0.7891,1581.6,0.1343,0.7519,0.3264,0.6926,0.5773
893cf2c2b23ffff,20,6,22.501704,88.300035,0.5492,359.7,0.6781,0.6739,0.3091,1.7009,0.6254
893cf2d4b73ffff,12,4,22.599591,88.364327,0.7815,1540.5,0.4914,0.569,0.3208,0.2918,0.6512
893cf2d4943ffff,23,3,22.619856,88.363444,0.6089,2777.0,0.2006,0.5199,0.329,0.4897,0.5291
893cf2d4acbffff,15,0,22.594966,88.328252,0.9072,3847.9,0.4193,0.52,0.17,0.2189,0.5979
893cf2d4b33ffff,22,5,22.60695,88.369473,0.6691,1573.7,0.2307,0.6392,0.2601,0.4534,0.586
893cf2d419bffff,11,3,22.635034,88.294698,0.7782,8928.8,0.4547,0.6594,0.278,0.5498,0.5104
893cf2c703bffff,21,2,22.514693,88.344672,0.6139,1693.1,0.1654,0.5851,0.2632,0.571,0.5715
893cf2d5d53ffff,23,3,22.58579,88.306791,0.6527,4843.9,0.0827,0.4856,0.3557,0.6277,0.4741
893cf2c6387ffff,18,4,22.560675,88.391863,0.6513,2874.2,0.5254,0.493,0.3321,0.0859,0.6075
893cf2c4e73ffff,9,1,22.500879,88.448625,0.8172,7826.5,0.9177,0.6065,0.2781,0.3337,0.6364
893cf2c5557ffff,10,5,22.481119,88.370476,0.8093,5943.9,0.5762,0.6916,0.3054,0.1144,0.594
893cf2c296fffff,8,1,22.514433,88.303452,0.7874,1417.8,0.8239,0.6018,0.4685,0.464,0.7651
893cf2c6ebbffff,11,6,22.565474,88.418493,0.8557,685.8,0.512,0.632,0.305,0.4385,0.6857
893cf2d489bffff,4,5,22.626767,88.336802,0.5801,5246.9,0.1875,0.7611,0.3013,0.8079,0.3887
893cf2c413bffff,4,6,22.520358,88.434861,0.675,5996.3,0.0682,0.5585,0.3204,0.2107,0.4873
893cf2c55c3ffff,14,4,22.485488,88.365318,0.8436,5679.1,0.4392,0.7557,0.246,0.6335,0.5421
893cf289387ffff,21,5,22.612188,88.4279,0.6335,3650.3,0.2734,0.643,0.2925,0.5265,0.524
893cf2d5b03ffff,3,6,22.553431,88.326587,0.6159,1682.1,0.071,0.3986,0.3344,0.5297,0.5483
893cf2d4957ffff,10,2,22.623035,88.3643,0.8941,3150.4,0.7603,0.5877,0.3761,0.0243,0.7071
893cf28915bffff,15,3,22.617551,88.426176,0.612,2546.5,0.3966,0.7277,0.1761,0,0.6061
893cf2d4c67ffff,23,4,22.628948,88.334222,0.7017,5647.3,0.0505,0.6794,0.2559,0.8473,0.4935
893cf2c54b3ffff,15,5,22.48786,88.353292,0.7971,3948.4,0.4236,0.6512,0.2201,0.6053,0.5218
893cf2d4b57ffff,15,4,22.600775,88.358312,0.7965,1550.5,0.4493,0.5515,0.3245,0.071,0.6514
893cf2c7463ffff,18,2,22.523612,88.324908,0.621,838.0,0.7485,0.5799,0.278,1.3831,0.6127
893cf2d4d2fffff,16,4,22.640117,88.362561,0.7126,3807.8,0.5617,0.5715,0.29,0,0.5705
893cf2c4437ffff,8,6,22.532849,88.397047,0.8336,4748.6,0.6032,0.4537,0.2906,0.5719,0.5764
893cf2c54b3ffff,12,0,22.48786,88.353292,0.6886,4511.1,0.6861,0.6445,0.3633,0.7285,0.5589
893cf2c6a63ffff,16,1,22.536269,88.439142,0.7651,4306.7,0.4642,0.6546,0.3774,0.1787,0.5668
893cf2d4353ffff,5,1,22.601056,88.288733,0.6099,7764.3,0,0.552,0.2886,0.6369,0.4215
893cf2d59afffff,12,3,22.580877,88.340295,0.7057,2942.4,0.4669,0.5902,0.2812,0,0.5993
893cf28956bffff,15,3,22.630459,88.420148,0.809,1736.4,0.7204,0.5918,0.3151,0.8794,0.6867
893cf289157ffff,2,5,22.621728,88.43047,0.7597,3317.0,0.1652,0.519,0.4602,1.2715,0.5449
893cf2c41b3ffff,8,6,22.531093,88.431414,0.7917,4343.7,0.7549,0.5688,0.3283,0.4961,0.6275
893cf2d49cbffff,16,4,22.624218,88.358284,0.7076,3290.5,0.5217,0.6644,0.288,0.6078,0.5836
893cf2c4c4fffff,0,4,22.518978,88.450327,0.6255,6402.5,0,0.4584,0.3243,0.7062,0.4318
893cf2c737bffff,5,0,22.492042,88.357581,0.7114,3921.3,0.0799,0.5223,0.3615,0.7318,0.4595
893cf2c757bffff,11,3,22.529605,88.345512,0.5991,1593.9,0.5616,0.4976,0.2232,0.1486,0.6633
893cf2d5d37ffff,5,6,22.593967,88.324817,0.7437,3883.4,0.0768,0.5541,0.1943,0.6153,0.4747
893cf2d5d2bffff,4,3,22.587606,88.323107,0.7028,4076.4,0.0245,0.7262,0.228,1.2699,0.5098
893cf2c43cbffff,13,2,22.496276,88.412547,0.6742,7830.5,0.3047,0.6891,0.3237,0.2172,0.5225
893cf289cd7ffff,5,3,22.636252,88.450225,0.6483,5050.6,0.2456,0.4413,0.338,0.4266,0.4812
893cf2c6183ffff,18,2,22.581944,88.394418,0.6713,2449.0,0.7522,0.7413,0.2435,0.803,0.6369
893cf2c608fffff,14,4,22.572775,88.372949,0.6232,1162.2,0.5373,0.5095,0.2385,0.5484,0.6281
893cf2c4ec3ffff,15,2,22.50644,88.437451,0.7902,6797.6,0.5879,0.5353,0.1942,0.3639,0.5643
893cf2893b3ffff,11,2,22.613185,88.431337,0.7802,3449.1,0.5077,0.7561,0.1883,0.2712,0.6406
893cf2c4197ffff,19,4,22.532281,88.425398,0.6271,4314.8,0.7078,0.6308,0.271,0.1597,0.5784
893cf2c734fffff,6,5,22.491043,88.354147,0.8225,4038.1,0.2554,0.679,0.2326,0.7819,0.4946
893cf289163ffff,18,4,22.618359,88.439067,0.7082,4379.1,0.6375,0.5702,0.2881,0.0689,0.5811
893cf2c2963ffff,10,3,22.516616,88.300873,0.7853,1855.0,0.7959,0.6271,0.3273,0.0275,0.7726
893cf2d41cbffff,10,4,22.625495,88.292134,0.6167,8439.1,0.6269,0.5246,0.2218,0.3062,0.506
893cf2d6acfffff,6,1,22.648751,88.301551,0.8243,9103.2,0.391,0.6421,0.4245,1.1081,0.5453
893cf2c65a7ffff,4,1,22.598035,88.389245,0.57,947.6,0.0835,0.7712,0.4641,0.678,0.5784
893cf2c4e1bffff,19,2,22.505251,88.443466,0.5837,7232.6,0.6211,0.5428,0.2707,0.2463,0.54
893cf2d59c3ffff,5,3,22.575882,88.323123,0.6231,3254.9,0.0798,0.583,0.3784,0.3867,0.5149
893cf289133ffff,6,3,22.627899,88.441637,0.7429,4171.2,0.4242,0.6843,0.3776,0.3967,0.6144
893cf2d4567ffff,6,5,22.637214,88.292118,0.6964,9137.4,0.3043,0.5545,0.2827,0.3485,0.525
893cf2d4d0fffff,19,1,22.640301,88.35311,0.6761,4903.6,0.7965,0.6732,0.2325,0.5065,0.5481
893cf2d4b7bffff,9,6,22.596411,88.363471,0.7251,461.6,0.4712,0.6322,0.3451,0,0.733
893cf2d4bd7ffff,1,1,22.608318,88.354007,0.6823,2240.5,0,0.6676,0.2309,0.9361,0.533
893cf2c7173ffff,8,0,22.517502,88.364422,0.6924,2961.8,0.6334,0.607,0.142,0.1749,0.5971
893cf2c6183ffff,6,0,22.581944,88.394418,0.7861,2632.3,0.2274,0.5872,0.2044,0.4945,0.5504
893cf2c60d3ffff,1,5,22.569781,88.362643,0.5203,1206.1,0.0131,0.5907,0.2301,1.9354,0.4552
893cf2c45a3ffff,16,6,22.544201,88.415936,0.7338,3260.0,0.6069,0.719,0.401,0.6194,0.6688
893cf2d5b6fffff,20,4,22.543702,88.333471,0.7635,1914.3,0.7026,0.6345,0.2904,0.9769,0.626
893cf2c6203ffff,16,4,22.545142,88.368685,0.6075,2182.6,0.5004,0.5368,0.2469,0.6303,0.5681
893cf2c76b3ffff,9,0,22.518431,88.317186,0.9034,1241.2,0.5844,0.5981,0.3897,0,0.7647
893cf2c737bffff,13,5,22.492042,88.357581,0.7062,4525.8,0.5058,0.6798,0.3164,0,0.547
893cf2d4c67ffff,11,6,22.628948,88.334222,0.6761,5653.0,0.4112,0.4451,0.352,0.0499,0.5241
893cf288257ffff,4,5,22.643987,88.436466,0.533,4369.6,0.1526,0.6281,0.3553,1.2778,0.4403
893cf2c62a3ffff,12,2,22.552503,88.373831,0.7733,1423.3,0.5127,0.7642,0.3308,0,0.696
893cf2d5b53ffff,21,1,22.548251,88.318864,0.5955,2905.1,0.4742,0.5482,0.3732,0.3468,0.541
893cf2c408bffff,4,1,22.518934,88.399638,0.5626,5661.2,0.0738,0.6605,0.3784,0.8297,0.3954
893cf2c703bffff,12,1,22.514693,88.344672,0.7867,1593.5,0.4621,0.5953,0.204,0.1842,0.5943
893cf2d6a73ffff,6,0,22.645391,88.310146,0.7018,8189.0,0.4262,0.5914,0.2754,0.4031,0.5165
893cf2c6813ffff,13,5,22.568276,88.438254,0.7286,1996.8,0.4861,0.5362,0.3073,0.1068,0.6301
893cf2c464bffff,16,2,22.497034,88.374752,0.8501,5162.5,0.7312,0.5425,0.3136,0.0436,0.6668
893cf2d4b27ffff,22,4,22.605766,88.375489,0.6259,446.3,0,0.7318,0.5494,0.5307,0.6453
893cf2893b3ffff,7,4,22.613185,88.431337,0.7735,3580.8,0.1061,0.5348,0.244,0.9256,0.483
893cf2c0d3bffff,10,2,22.485422,88.314654,0.7252,2100.5,0.7561,0.6547,0.3007,0.5375,0.67
893cf2c6a27ffff,14,6,22.544626,88.447727,0.7744,4286.8,0.5833,0.7571,0.2215,0.3461,0.5742
893cf2c70d7ffff,4,2,22.519246,88.330066,0.5126,72.6,0.097,0.4391,0.4218,3.3468,0.4572
893cf2c5d1bffff,17,1,22.48297,88.437472,0.7385,9466.7,0.6767,0.6002,0.3411,0.7203,0.5495
893cf2896c3ffff,17,3,22.612127,88.3772,0.7439,971.1,1,0.7101,0.4667,0,0.8272
893cf2c0d3bffff,16,1,22.485422,88.314654,0.7221,2289.3,0.5429,0.5984,0.2045,0,0.6529
893cf2c6c2bffff,21,1,22.578009,88.43137,0.6364,1884.8,0.3994,0.6238,0.3787,0.6549,0.5911
893cf2890c7ffff,5,2,22.62011,88.404689,0.7414,1130.3,0,0.7209,0.3864,0.3233,0.6539
893cf289273ffff,11,1,22.591299,88.406437,0.7799,2335.4,0.4058,0.425,0.2881,0.5151,0.6184
893cf2d5bafffff,19,3,22.55861,88.334311,0.6242,853.9,0.8371,0.6445,0.2197,0.2925,0.7527
893cf2d41d7ffff,13,4,22.631855,88.293843,0.7521,8762.9,0.4476,0.6137,0.4603,0.5315,0.5795
893cf2d5c4fffff,7,0,22.57443,88.287912,0.7079,5921.3,0.2902,0.6644,0.2568,0.6019,0.4914
893cf2891c3ffff,23,4,22.626094,88.425309,0.6877,2324.3,0.1257,0.5559,0.4032,1.2159,0.5062
893cf2c6c93ffff,18,6,22.591111,88.41589,0.5877,2305.2,0.6839,0.6255,0.1954,0.3143,0.5942
893cf2c613bffff,1,0,22.573211,88.404737,0.69,1698.9,0,0.6987,0.2692,0.1967,0.5113
893cf289cd7ffff,6,2,22.636252,88.450225,0.6413,4912.0,0.2021,0.5654,0.186,0.3675,0.5133
893cf2c60b3ffff,19,0,22.576955,88.37724,0.7144,882.5,0.7302,0.6283,0.1825,0.7082,0.6733
893cf2c6c3bffff,7,0,22.580193,88.42879,0.8399,1161.3,0.3276,0.572,0.1513,0.1563,0.6188
893cf2c464bffff,15,4,22.497034,88.374752,0.7846,5302.3,0.5661,0.4424,0.2974,0.5033,0.5587
893cf2c721bffff,12,1,22.492601,88.329242,0.7019,2832.0,0.5156,0.5036,0.3349,0.1644,0.6103
893cf28956bffff,16,2,22.630459,88.420148,0.6323,1897.1,0.4309,0.5446,0.1044,0.7469,0.5399
893cf2d580fffff,5,4,22.566523,88.311111,0.5525,3265.9,0.0945,0.6063,0.3032,0.6957,0.4624
893cf2d453bffff,7,0,22.642573,88.290392,0.7513,9165.6,0.1806,0.547,0.3974,0.6301,0.45
893cf2c7457ffff,12,4,22.526978,88.316316,0.8195,1422.4,0.5298,0.57,0.3097,0.4937,0.6923
893cf2c4473ffff,16,2,22.524489,88.388465,0.7888,4319.4,0.5611,0.6953,0.3443,0.6083,0.6008
893cf2c2917ffff,0,1,22.527345,88.297424,0.6843,3246.9,0,0.6521,0.2095,0.683,0.4737
893cf2d5c3bffff,19,5,22.582791,88.296488,0.5728,5892.0,0.6727,0.4792,0.1702,0.4022,0.4706
893cf2c428fffff,4,6,22.497654,88.397084,0.6783,6564.9,0.0459,0.6337,0.3354,0.8326,0.3961
893cf28b34bffff,7,0,22.64592,88.392631,0.6725,1767.6,0.337,0.6242,0.2345,0.5199,0.592
893cf2c68abffff,12,0,22.570269,88.445127,0.8069,2644.3,0.5342,0.607,0.3203,0,0.6368
893cf2c2b47ffff,4,0,22.495522,88.288882,0.4959,1303.0,0.0271,0.5067,0.2962,1.3218,0.4473
893cf2d4ed7ffff,7,1,22.616593,88.311903,0.7966,6425.0,0.319,0.5481,0.2263,0.3165,0.5023
893cf28b21bffff,11,6,22.648472,88.371145,0.8461,3532.2,0.4159,0.5823,0.2044,0.4836,0.586
893cf2c76d3ffff,19,5,22.511251,88.302598,0.53,1604.1,0.6259,0.7044,0.2468,0.4563,0.63
893cf2d43b7ffff,2,3,22.616775,88.302454,0.4626,6922.8,0.1042,0.7269,0.2065,0.5963,0.3947
893cf289683ffff,0,4,22.619485,88.382348,0.4342,2132.9,0.0304,0.6652,0.2273,0.6354,0.4145
893cf2d6a73ffff,9,2,22.645391,88.310146,0.8265,8304.8,0.8452,0.6405,0.1896,0.7446,0.5936
893cf2c6883ffff,10,6,22.573641,88.43653,0.6387,1618.1,0.8761,0.6278,0.2963,0.5912,0.6494
893cf2d5ccfffff,8,6,22.581973,88.283607,0.8284,6617.5,0.5526,0.5996,0.3642,0.5476,0.6387
893cf2d49a3ffff,18,1,22.634571,88.373738,0.5652,2490.1,0.5182,0.5903,0.3054,0.5272,0.5467
893cf2d4943ffff,3,1,22.619856,88.363444,0.6929,2653.6,0.2342,0.6541,0.3306,0.7442,0.5994
893cf2c73a7ffff,8,3,22.508954,88.365291,0.7906,3563.3,0.804,0.5869,0.4447,0.6272,0.6606
893cf2c7097ffff,2,6,22.526609,88.33521,0.5561,846.4,0.2493,0.6306,0.2426,1.2123,0.5298
893cf2d5a0fffff,3,0,22.544253,88.305129,0.6727,3729.0,0.0285,0.6378,0.3029,0.5206,0.456
893cf2c425bffff,17,3,22.483924,88.390227,0.7152,7621.1,0.7405,0.5853,0.2151,0.6494,0.4914
893cf2d5a0fffff,13,2,22.544253,88.305129,0.879,3882.7,0.4474,0.4635,0.2772,0.5498,0.6194
893cf28904fffff,22,6,22.609384,88.408137,0.5893,2676.5,0.1572,0.4736,0.45,0.2488,0.5422
893cf2c4407ffff,11,5,22.530854,88.390176,0.8358,4494.2,0.4508,0.6531,0.2878,0.3172,0.5629
893cf2d4b13ffff,22,0,22.607135,88.360022,0.4427,1860.2,0.1536,0.5545,0.1832,0.6043,0.51
893cf2d430bffff,18,3,22.603055,88.295601,0.7757,6920.7,0.6153,0.6993,0.1866,0.176,0.6055
893cf2c4e4fffff,19,2,22.496699,88.444333,0.6652,8399.9,0.6676,0.5465,0.3975,0.3881,0.5764
893cf2c456bffff,21,0,22.526106,88.414235,0.7328,4889.1,0.2422,0.5862,0.2535,0.7149,0.5603
893cf2d4ba3ffff,20,4,22.612312,88.367749,0.5827,1716.2,0.8387,0.6607,0.4187,0.4982,0.6753
893cf2c4047ffff,20,1,22.5082,88.403086,0.6831,6679.7,0.6576,0.4655,0.3325,0.4891,0.5274
893cf2d59afffff,7,0,22.580877,88.340295,0.7968,2976.5,0.4944,0.5037,0.316,0.2204,0.5709
893cf289233ffff,9,3,22.598658,88.411586,0.8299,3032.4,0.534,0.5748,0.2579,0.5004,0.603
893cf2c74abffff,13,6,22.53534,88.324893,0.7351,1785.9,0.4558,0.5071,0.1729,0.3123,0.6092
893cf2d5bc3ffff,1,4,22.553614,88.31714,0.5949,2526.8,0.1033,0.568,0.3202,0.7651,0.5103
893cf2c42dbffff,8,1,22.491477,88.385924,0.8257,6601.9,0.564,0.5144,0.3226,0,0.6091
893cf2c708bffff,0,2,22.520245,88.3335,0.5419,193.8,0.1216,0.5099,0.3271,2.8621,0.451
893cf2d5b0fffff,11,4,22.551248,88.329167,0.8716,1585.4,0.6548,0.58,0.3005,0.7477,0.6791
893cf2d5bcbffff,10,1,22.550433,88.316285,0.8168,2912.9,0.785,0.5973,0.3055,0.4204,0.7306
893cf2d59c3ffff,17,6,22.575882,88.323123,0.8531,3332.5,0.7292,0.6013,0.3166,0.0306,0.655
893cf2d4b53ffff,18,0,22.599776,88.354876,0.7234,1468.3,0.4334,0.5587,0.3541,0.6702,0.5806
893cf289143ffff,15,4,22.618548,88.429613,0.6735,3282.6,0.3049,0.4031,0.214,0.4786,0.4601
893cf2c6cabffff,23,6,22.585558,88.427066,0.6506,1762.1,0.1927,0.6371,0.4051,0.3057,0.5617
893cf2c46cbffff,22,2,22.504585,88.370449,0.6739,4305.3,0.065,0.4835,0.2829,0.2745,0.545
893cf289697ffff,16,6,22.622665,88.383203,0.8774,1691.4,0.6138,0.7128,0.3001,0.3729,0.7008
893cf2c7417ffff,23,1,22.534341,88.321459,0.6558,1640.0,0,0.6207,0.2685,0.6927,0.5498
893cf2c2927ffff,22,5,22.524979,88.309449,0.6409,2286.1,0.2934,0.599,0.2646,0.3039,0.5655
893cf2c5dc3ffff,14,2,22.484159,88.431458,0.8191,9700.0,0.4616,0.6183,0.2802,0.676,0.523
893cf28955bffff,11,3,22.632829,88.408114,0.8506,1055.0,0.3962,0.7629,0.6142,0.4509,0.7591
893cf2c4407ffff,14,4,22.530854,88.390176,0.6709,4087.0,0.483,0.496,0.2135,0.8478,0.4884
893cf2c7323ffff,6,5,22.500404,88.36616,0.6809,4472.4,0.3785,0.4897,0.2896,0.5777,0.4676
893cf2c734fffff,17,5,22.491043,88.354147,0.7865,3952.2,0.7299,0.4642,0.3304,0.4689,0.612
893cf2d4eabffff,15,2,22.61741,88.324787,0.8265,4895.6,0.5281,0.6949,0.3753,0.252,0.624
893cf2c7323ffff,9,4,22.500404,88.36616,0.8654,4131.2,0.6572,0.3978,0.2333,0.4876,0.5949
893cf2d4c2fffff,0,5,22.633126,88.338512,0.5172,5522.2,0.1913,0.6015,0.4367,0.9721,0.4692
893cf2c2dafffff,3,1,22.544618,88.286237,0.6414,5152.0,0.045,0.6285,0.3286,1.5883,0.4213
893cf28934bffff,4,0,22.593105,88.422762,0.6648,2620.5,0.25,0.5625,0.2132,0.733,0.5692
893cf2d5dc7ffff,1,6,22.592151,88.3085,0.6773,5624.2,0.0556,0.5541,0.2444,0.3286,0.418
893cf2c296bffff,12,6,22.513434,88.300019,0.8776,1267.9,0.5116,0.4573,0.3216,0.5011,0.6618
893cf289133ffff,15,0,22.627899,88.441637,0.8368,3935.8,0.6727,0.5659,0.3672,0.0082,0.5829
893cf2d4353ffff,12,0,22.601056,88.288733,0.825,7496.1,0.5682,0.6402,0.3268,0.4515,0.6324
893cf2c6a87ffff,14,6,22.552369,88.433972,0.6413,2479.4,0.5964,0.7111,0.22,0.0938,0.595
893cf2c76b3ffff,6,2,22.518431,88.317186,0.7204,1074.5,0.3048,0.5445,0.2237,0.3581,0.5784
893cf2c6cb3ffff,6,4,22.590922,88.425342,0.667,2627.6,0.2445,0.4602,0.2797,0.1078,0.5534
893cf2c0d0bffff,12,1,22.483423,88.307787,0.6969,2012.4,0.4146,0.6081,0.2714,0.44,0.6301
893cf2d5b53ffff,17,3,22.548251,88.318864,0.7236,2722.6,0.607,0.5781,0.1901,0.2374,0.5937
893cf2c7577ffff,8,5,22.533786,88.349801,0.6582,605.6,0.5958,0.5788,0.3289,0.701,0.6396
893cf2d5ea3ffff,22,3,22.569068,88.289637,0.4863,5353.0,0.0918,0.6302,0.2702,0.898,0.4116
893cf2c734fffff,19,4,22.491043,88.354147,0.5288,4354.3,0.6063,0.5077,0.3353,0.3954,0.5111
893cf2d580fffff,22,2,22.566523,88.311111,0.7641,3627.0,0.1459,0.6067,0.372,0.7185,0.5948
893cf2c5c37ffff,7,5,22.479979,88.427166,0.835,9794.4,0.2947,0.5599,0.3467,0.5923,0.5701
893cf2882c7ffff,13,2,22.649348,88.434741,0.7771,4179.3,0.6718,0.561,0.2572,0.3256,0.5937
893cf2c72b7ffff,16,1,22.504147,88.338673,0.7689,2641.9,0.5139,0.5715,0.2688,0.2402,0.675
893cf2c6287ffff,15,4,22.553688,88.367816,0.6199,1119.8,0.364,0.6754,0.2985,0.5601,0.6378
893cf2c6203ffff,13,0,22.545142,88.368685,0.8377,1726.1,0.3659,0.6074,0.3786,0.6495,0.681
893cf2c6853ffff,0,2,22.560916,88.433105,0.756,1754.7,0,0.5983,0.2611,1.2736,0.5517
893cf2c434bffff,22,4,22.488722,88.41685,0.6767,9093.3,0.111,0.6354,0.1491,0.9206,0.4226
893cf2c6c97ffff,22,1,22.592108,88.419326,0.7352,2184.3,0.213,0.6349,0.4049,0.8202,0.6503
893cf289397ffff,9,0,22.614371,88.42532,0.6894,3403.6,0.6809,0.5985,0.2863,0,0.6695
893cf2c4687ffff,16,6,22.516129,88.379884,0.7132,3991.7,0.4384,0.6445,0.4475,0.1139,0.6622
893cf2d4353ffff,18,4,22.601056,88.288733,0.556,7792.9,0.6827,0.6481,0.4089,0.396,0.4953
893cf28b277ffff,1,5,22.645108,88.379742,0.6743,2526.4,0.1261,0.6382,0.2647,0.7591,0.5597
893cf2d41bbffff,2,2,22.634853,88.304147,0.6012,8031.7,0,0.6679,0.236,0.6234,0.4194
893cf2c7097ffff,7,6,22.526609,88.33521,0.8263,774.3,0.3739,0.5908,0.264,0.879,0.6422
893cf2d4a8bffff,3,3,22.602326,88.333396,0.625,3534.5,0.0313,0.6218,0.3276,0.7545,0.5329
893cf2c45dbffff,5,0,22.536031,88.397902,0.7277,4301.7,0,0.6263,0.1391,0.7997,0.4484
893cf2d456fffff,5,5,22.634034,88.291263,0.5896,9071.8,0.0175,0.5227,0.2806,0.1539,0.4584
893cf2c426fffff,2,6,22.482547,88.405689,0.7166,8592.4,0.15,0.7446,0.289,0.5881,0.4756
893cf2d5bcbffff,13,2,22.550433,88.316285,0.7688,2970.5,0.6764,0.455,0.2972,0.2565,0.6444
893cf2c44b7ffff,21,5,22.540399,88.392743,0.7975,3831.8,0.249,0.6709,0.3236,0.6586,0.5513
893cf2c4543ffff,19,4,22.529478,88.405641,0.5859,4616.8,0.7166,0.6661,0.3315,0.0508,0.584
893cf2c0da7ffff,3,3,22.49497,88.317217,0.6722,2113.3,0.1231,0.4556,0.254,0.5941,0.4997
893cf2d43bbffff,11,1,22.612595,88.298165,0.775,7413.1,0.5088,0.6375,0.3042,0.58,0.5148
893cf2c618fffff,17,5,22.579761,88.396997,0.6801,2567.8,0.851,0.5503,0.2781,0.1014,0.69
893cf2c55abffff,3,5,22.489481,88.379055,0.5368,5991.8,0.0975,0.6886,0.3278,0.4771,0.4248
893cf2c55abffff,21,6,22.489481,88.379055,0.7123,5941.2,0.32,0.6188,0.268,0.4992,0.5034
893cf2c61a7ffff,17,1,22.582754,88.407305,0.6921,1780.2,0.6756,0.5657,0.3633,0.1272,0.6972
893cf2c665bffff,14,1,22.552063,88.342049,0.8122,257.5,0.5151,0.4534,0.5865,0.0892,0.7112
893cf2c6613ffff,14,5,22.562605,88.348049,0.6845,1275.4,0.4619,0.7297,0.2592,0.8036,0.5845
893cf2c4563ffff,20,3,22.529289,88.415091,0.8409,4601.9,0.8731,0.6938,0.4948,0.2972,0.6527
893cf2c7173ffff,20,1,22.517502,88.364422,0.6184,2444.1,0.753,0.5743,0.3321,0.4277,0.72
893cf2c656fffff,15,0,22.579949,88.387546,0.7654,1841.1,0.5396,0.7959,0.3667,0.3716,0.6255
893cf2c612bffff,11,2,22.571028,88.407317,0.7485,1322.6,0.5866,0.7603,0.2174,0,0.7216
893cf2d5d53ffff,4,1,22.58579,88.306791,0.7278,5347.0,0.0591,0.6666,0.2344,1.1857,0.4044
893cf2c4407ffff,0,5,22.530854,88.390176,0.7325,4292.8,0.07,0.7919,0.1799,0.5594,0.4959
893cf2c6233ffff,1,0,22.547138,88.375555,0.6095,1954.6,0.0753,0.6923,0.3214,1.0108,0.4929
893cf289617ffff,3,5,22.615121,88.387508,0.6765,2137.9,0.215,0.7295,0.1221,0.5256,0.5489
893cf2c7513ffff,15,1,22.540335,88.342063,0.7987,648.8,0.5909,0.5743,0.2358,0.7696,0.726
893cf2c654bffff,20,0,22.579137,88.37466,0.7063,509.4,0.6934,0.7123,0.444,0.6662,0.7169
893cf2c7563ffff,9,6,22.530604,88.348946,0.8328,915.4,0.7654,0.5665,0.3925,0.5853,0.7399
893cf2893c3ffff,0,1,22.603833,88.419314,0.5888,3495.2,0.242,0.6885,0.182,1.1618,0.5106
893cf2c5c37ffff,22,0,22.479979,88.427166,0.6167,9959.4,0,0.4538,0.3724,0.6247,0.4213
893cf2c5d1bffff,2,0,22.48297,88.437472,0.6092,9995.3,0,0.5914,0.3083,0.5366,0.391
893cf2c7417ffff,18,6,22.534341,88.321459,0.6375,2079.8,0.637,0.5737,0.272,0,0.6516
893cf2d4933ffff,17,2,22.62921,88.375463,0.6668,2511.7,0.6075,0.6368,0.3467,0.4106,0.6473
893cf2d4357ffff,21,4,22.602055,88.292167,0.6143,7613.8,0.2343,0.7371,0.2824,1.2739,0.4015
893cf2c453bffff,8,4,22.535653,88.416803,0.758,3700.8,0.7604,0.6595,0.3161,0.067,0.6921
893cf2c4563ffff,8,6,22.529289,88.415091,0.57,4700.6,0.5665,0.5891,0.2328,0.5423,0.563
893cf2c54b3ffff,10,0,22.48786,88.353292,0.6888,4256.2,0.5728,0.3745,0.3045,0.7592,0.5187
893cf2d5a3bffff,2,3,22.545253,88.308563,0.7037,3726.6,0.078,0.5219,0.283,1.0365,0.4683
893cf28b257ffff,9,6,22.645293,88.370289,0.7204,3733.8,0.6375,0.7624,0.3003,0.273,0.6487
893cf289377ffff,20,2,22.599277,88.433928,0.5708,3553.5,0.6588,0.5351,0.3536,0.0725,0.5635
893cf2c447bffff,2,0,22.521307,88.38761,0.6623,4089.0,0.0617,0.6558,0.2055,0.4916,0.4481
893cf2c7297ffff,21,3,22.504333,88.329227,0.5784,2059.4,0.3598,0.6307,0.3017,0.8345,0.5764
893cf2d5d5bffff,4,5,22.582609,88.305936,0.5601,5008.2,0.009,0.5858,0.3351,0.7723,0.3937
893cf2d5babffff,21,4,22.557611,88.330876,0.6092,1415.7,0.2959,0.6477,0.2976,1.0271,0.5735
893cf2c2d3bffff,10,6,22.538255,88.284529,0.6459,4600.8,0.6569,0.6063,0.2822,0.1749,0.5443
893cf2c46cfffff,17,4,22.505583,88.373884,0.6587,4461.7,0.8557,0.6022,0.1943,0.4667,0.5836
893cf2c4457ffff,2,5,22.525676,88.382451,0.6319,3510.4,0.17,0.6937,0.3255,1.0129,0.477
893cf2d4843ffff,4,0,22.612865,88.339397,0.6101,3504.0,0.0479,0.5675,0.339,1.1668,0.4159
893cf28938fffff,18,5,22.609008,88.427044,0.6306,3269.3,0.6288,0.4975,0.2982,0.1766,0.5627
893cf2d4e03ffff,19,3,22.613231,88.320497,0.7778,5156.3,0.6633,0.4885,0.3609,0.5602,0.6034
893cf2d4bdbffff,1,3,22.60414,88.349716,0.7304,2196.3,0.0182,0.6127,0.2654,0.0726,0.539
893cf2d4e03ffff,5,4,22.613231,88.320497,0.5527,5109.5,0,0.6645,0.2708,1.008,0.3284
893cf2c430fffff,13,2,22.497083,88.425432,0.7217,8054.0,0.364,0.5399,0.3069,0.065,0.5368
893cf2c7043ffff,5,0,22.508514,88.333515,0.7357,1154.1,0,0.676,0.3291,0.852,0.5646
893cf2c665bffff,1,5,22.552063,88.342049,0.5329,197.1,0.1123,0.4146,0.3939,0.429,0.5279
893cf2c5dc3ffff,7,3,22.484159,88.431458,0.7236,9498.5,0.4542,0.7134,0.2924,0.7448,0.5068
893cf2c2dbbffff,16,2,22.5458,88.280224,0.8029,5523.3,0.4317,0.4846,0.3044,0.0415,0.5069
893cf2d5b17ffff,15,3,22.556612,88.327442,0.8908,1715.9,0.4176,0.6308,0.3648,0,0.6976
893cf2d5a97ffff,21,3,22.557162,88.2991,0.7137,4225.1,0.2969,0.3575,0.3617,0,0.5252
893cf2c55c3ffff,2,2,22.485488,88.365318,0.6479,5340.4,0.1503,0.5136,0.2393,0.4521,0.4099
893cf2d4bbbffff,22,6,22.611314,88.364313,0.6975,2356.5,0.0308,0.5353,0.3322,0.7411,0.5469
893cf2d5bafffff,11,0,22.55861,88.334311,0.8695,980.7,0.4485,0.5849,0.3074,0,0.6837
893cf2c551bffff,10,6,22.484302,88.371331,0.6942,5906.9,0.6447,0.5663,0.2904,0.0918,0.6152
893cf2c4363ffff,1,3,22.491714,88.427155,0.6283,8739.0,0.0958,0.5239,0.2697,0.3174,0.4181
893cf2c6507ffff,4,4,22.590676,88.384098,0.6011,966.0,0,0.7027,0.3955,0.7235,0.5577
893cf2d4eb3ffff,19,2,22.622771,88.323062,0.6412,5241.4,0.7334,0.5559,0.374,0.3009,0.5796
893cf2c760bffff,15,6,22.505702,88.313768,0.6758,1642.3,0.5094,0.4954,0.2069,0.5542,0.6118
893cf2c09a7ffff,9,6,22.479684,88.335269,0.675,4145.6,0.725,0.5871,0.2968,0.3989,0.5991
893cf2c55a7ffff,7,2,22.493662,88.383345,0.748,6205.1,0.5213,0.6168,0.2439,0.4455,0.5168
893cf2c447bffff,21,4,22.521307,88.38761,0.5613,4337.3,0.2104,0.5793,0.3885,0.0041,0.5502
893cf2c665bffff,8,1,22.552063,88.342049,0.7769,207.4,0.5179,0.6109,0.4214,0.3178,0.7828
893cf2c728bffff,12,0,22.497968,88.327517,0.6419,2552.7,0.6809,0.5923,0.182,0.6831,0.5472
893cf2c4e47ffff,17,2,22.499882,88.445189,0.783,8035.4,0.7648,0.533,0.2542,0.6934,0.5546
893cf2c6e2bffff,14,1,22.55574,88.425376,0.8283,1796.3,0.5517,0.564,0.2012,0.0072,0.6868
893cf2d5e7bffff,18,4,22.553163,88.285366,0.6954,5673.6,0.8363,0.5791,0.2012,0.2235,0.5376
893cf2d4357ffff,3,0,22.602055,88.292167,0.6454,7543.9,0.1341,0.5325,0.2161,0.3794,0.4545
893cf2c73c7ffff,22,4,22.501777,88.350699,0.6347,3091.5,0.1839,0.5943,0.3366,0.779,0.4841
893cf2c4207ffff,17,2,22.493284,88.402242,0.7589,7377.6,0.5593,0.6982,0.2759,0.8455,0.5554
893cf289617ffff,15,3,22.615121,88.387508,0.6631,2006.6,0.6401,0.5828,0.3932,0.5803,0.5998
893cf288257ffff,6,5,22.643987,88.436466,0.8361,4018.2,0.3844,0.7108,0.2148,0.4143,0.5609
893cf2c4133ffff,4,6,22.52354,88.435717,0.4541,5698.0,0.0485,0.6842,0.3201,1.089,0.4431
893cf2894c3ffff,13,1,22.634386,88.383191,0.8426,1658.2,0.438,0.7477,0.2824,0.6399,0.6326
893cf28945bffff,17,4,22.625845,88.384059,0.6693,1494.4,0.8672,0.6154,0.3034,0.0961,0.6781
893cf2c7317ffff,2,4,22.503774,88.357567,0.6557,3446.3,0,0.6879,0.2971,0.3599,0.483
893cf28960bffff,9,6,22.60876,88.385796,0.9943,1325.7,0.6438,0.6285,0.3052,0.6052,0.7591
893cf2d40afffff,5,2,22.626675,88.28612,0.7504,8775.8,0.0833,0.5156,0.3633,0.7092,0.4322
893cf2d5d67ffff,5,4,22.584425,88.322253,0.6409,3657.7,0.0432,0.6164,0.2625,0.4499,0.4716
893cf288233ffff,22,5,22.650157,88.447634,0.732,5522.0,0.1654,0.5945,0.2903,0.4701,0.5177
893cf2c722fffff,13,0,22.49123,88.3447,0.8021,3806.4,0.3825,0.5211,0.1981,0.0242,0.5889
893cf2c6893ffff,16,6,22.575825,88.43395,0.7579,1580.0,0.6927,0.626,0.287,0.7157,0.6608
893cf2c6eafffff,1,0,22.564287,88.424509,0.7502,1241.5,0.1466,0.601,0.4055,0.4681,0.6397
893cf2c6047ffff,20,4,22.561049,88.372962,0.6637,1362.8,0.668,0.6047,0.2441,0.4111,0.6513
893cf2c618fffff,11,5,22.579761,88.396997,0.746,2883.8,0.4135,0.6056,0.2566,0.1308,0.6109
893cf2d5d07ffff,11,0,22.591969,88.317948,0.7246,4644.9,0.5902,0.534,0.3769,0.6232,0.5882
893cf289033ffff,19,3,22.620919,88.417579,0.6754,2183.0,0.6772,0.5741,0.2089,0,0.6697
893cf2c7617ffff,4,0,22.512067,88.315477,0.8681,2086.9,0.0454,0.6014,0.2596,0.4778,0.6084
893cf2c64b3ffff,11,2,22.592232,88.359181,0.625,50,0.427,0.6607,0.3246,0.5214,0.6434
893cf2d59c3ffff,22,0,22.575882,88.323123,0.6062,2787.1,0.1001,0.4884,0.4572,0.5312,0.5133
893cf2c60b3ffff,18,5,22.576955,88.37724,0.7091,1338.3,0.6937,0.6164,0.3372,0.7094,0.6966
893cf2c6e13ffff,1,4,22.561295,88.414201,0.5177,807.1,0.0165,0.6518,0.3037,0.8631,0.5229
893cf2c44b7ffff,20,5,22.540399,88.392743,0.7565,3750.9,0.7231,0.5679,0.4737,0.7566,0.6325
893cf2c44a7ffff,18,5,22.538215,88.395323,0.5653,4171.6,0.8831,0.6017,0.1137,0.7248,0.5625
893cf2d415bffff,3,4,22.620136,88.29386,0.6082,8041.7,0.1257,0.7015,0.3133,0.4278,0.4909
893cf2c6863ffff,16,3,22.558541,88.445137,0.7633,2634.3,0.4749,0.6663,0.2889,0.1845,0.5796
893cf2c731bffff,14,2,22.499593,88.353278,0.7847,3309.5,0.6354,0.5559,0.3878,0,0.6255
893cf2c734fffff,7,5,22.491043,88.354147,0.6978,4071.0,0.149,0.5691,0.2867,0.1417,0.4964
893cf2c4643ffff,16,4,22.500216,88.375607,0.7403,5125.4,0.388,0.5486,0.3181,0.3891,0.5253
893cf2c296bffff,20,6,22.513434,88.300019,0.6491,1777.5,0.6411,0.5485,0.3055,0.5316,0.6089
893cf2d480fffff,6,5,22.618043,88.347122,0.8157,3711.8,0.1745,0.6083,0.3489,0.4205,0.5636
893cf289397ffff,21,0,22.614371,88.42532,0.7861,2920.4,0.3171,0.5895,0.382,0.9479,0.5762
893cf2d495bffff,2,6,22.618857,88.360009,0.6026,2972.7,0.1338,0.5492,0.3176,0.8596,0.4509
893cf2c5dc3ffff,0,2,22.484159,88.431458,0.6343,10181.2,0,0.484,0.3105,0.9736,0.4188
893cf2c6d63ffff,14,3,22.58081,88.451133,0.5817,3852.3,0.4495,0.5523,0.2949,0.3411,0.498
893cf2c2b47ffff,6,4,22.495522,88.288882,0.6998,1475.4,0.2931,0.5336,0.2807,0.9247,0.5355
893cf2894b7ffff,14,5,22.644736,88.398648,0.8851,1586.0,0.6027,0.6034,0.3944,0.012,0.7419
893cf2c2b93ffff,12,6,22.511617,88.283708,0.7321,2220.9,0.617,0.4878,0.2159,0.3773,0.657
893cf2d49a3ffff,1,4,22.634571,88.373738,0.6418,2604.8,0,0.7594,0.3995,1.0722,0.4849
893cf2c649bffff,3,3,22.589236,88.348875,0.6441,1739.7,0.1226,0.5275,0.2654,0.851,0.5726
893cf28934fffff,5,2,22.594103,88.426199,0.5732,2603.0,0.122,0.6272,0.4362,0.752,0.515
893cf2c2b6fffff,13,1,22.492156,88.297473,0.767,836.6,0.4656,0.7163,0.2147,0,0.6937
893cf2d4ad3ffff,4,3,22.600328,88.326527,0.7556,4010.7,0.2023,0.7019,0.1854,0.7171,0.4967
893cf2d4ddbffff,4,5,22.641666,88.337643,0.6425,6865.3,0.1602,0.5562,0.1778,0.1535,0.4223
893cf2d450fffff,22,3,22.641573,88.286958,0.5432,9881.7,0.0511,0.5506,0.2155,0.2956,0.4281
893cf2d5903ffff,13,2,22.575699,88.332571,0.8138,2002.4,0.3572,0.7957,0.3385,0.3241,0.6905
893cf289607ffff,15,3,22.612939,88.390088,0.5899,1437.9,0.5175,0.6973,0.3111,0.3924,0.6824
893cf2c6287ffff,16,6,22.553688,88.367816,0.7763,685.3,0.5631,0.5043,0.3915,0.5566,0.6628
893cf2c756bffff,4,4,22.527422,88.348091,0.7164,1343.2,0.1922,0.6098,0.2963,0.8507,0.5711
893cf2c44b7ffff,9,4,22.540399,88.392743,0.7783,3960.0,0.6587,0.6294,0.24,0.2093,0.5867
893cf2d4a43ffff,1,0,22.590603,88.333411,0.6088,3178.9,0.0965,0.6468,0.2945,0.5671,0.4602
893cf28b257ffff,8,2,22.645293,88.370289,0.6948,3513.7,0.5327,0.6278,0.2852,0.1781,0.5266
893cf2d5a77ffff,17,3,22.542071,88.307708,0.7575,3162.6,0.772,0.7137,0.3786,0.0818,0.7244
893cf289377ffff,3,6,22.599277,88.433928,0.6412,3427.8,0.1221,0.6716,0.1456,1.0429,0.5085
893cf2c4edbffff,18,4,22.505443,88.434015,0.6654,7829.7,0.8136,0.549,0.3132,0.3885,0.5481
893cf2c658fffff,7,2,22.595041,88.378938,0.8236,753.6,0.4378,0.7971,0.4646,0,0.7694
893cf2d4323ffff,8,2,22.606054,88.305904,0.7327,6262.4,0.5376,0.556,0.2962,0.4748,0.5849
893cf2d4357ffff,20,2,22.602055,88.292167,0.8322,7480.1,0.8056,0.5965,0.3304,0.5338,0.6474
893cf289157ffff,7,4,22.621728,88.43047,0.8647,3030.8,0.0683,0.5184,0.3748,0,0.5605
893cf2c62dbffff,10,4,22.54433,88.355801,0.7019,681.3,0.6731,0.3477,0.3295,0.174,0.6387
893cf2d5ea3ffff,23,5,22.569068,88.289637,0.6815,5382.7,0,0.6731,0.2835,0.7143,0.4221
893cf2d43bbffff,3,1,22.612595,88.298165,0.5841,7248.8,0.1341,0.7422,0.3214,0.5063,0.4077
893cf2c65a7ffff,16,5,22.598035,88.389245,0.8263,1072.7,0.5597,0.4883,0.4561,0,0.6924
893cf2d592fffff,17,5,22.573332,88.3446,0.6591,1529.4,0.7599,0.438,0.4008,0.3434,0.6659
893cf2c4513ffff,17,1,22.539024,88.408209,0.7046,3550.6,0.6331,0.6166,0.2478,0.1694,0.6653
893cf2d5bafffff,8,3,22.55861,88.334311,0.8286,970.8,0.7762,0.6149,0.203,0.171,0.7264
893cf2c434bffff,0,4,22.488722,88.41685,0.6074,9078.5,0.0444,0.4695,0.3343,1.3223,0.3774
893cf2c6dbbffff,12,0,22.59472,88.448543,0.7936,4014.7,0.4803,0.5103,0.3438,0.3343,0.5915
893cf2c6c93ffff,15,2,22.591111,88.41589,0.6225,2361.1,0.4647,0.5815,0.2874,0,0.6342
893cf2d4c97ffff,11,2,22.646209,88.323031,0.9115,7604.8,0.6487,0.6259,0.2642,0.0242,0.6006
893cf2c6c3bffff,9,5,22.580193,88.42879,0.7215,1225.3,0.6212,0.6052,0.2655,0.7251,0.6291
893cf2d4363ffff,3,6,22.598694,88.300761,0.613,6600.9,0.0627,0.5754,0.2543,1.0526,0.4053
893cf2c4133ffff,15,0,22.52354,88.435717,0.8033,5249.6,0.3296,0.6935,0.1885,0.231,0.5697
893cf2c4ecfffff,21,1,22.504254,88.44003,0.8602,7821.7,0.4699,0.6594,0.232,0.2443,0.5749
893cf2c76b3ffff,17,4,22.518431,88.317186,0.7393,1434.0,0.6524,0.5854,0.3719,0.359,0.687
893cf2c618fffff,21,0,22.579761,88.396997,0.5932,2350.3,0.3659,0.5276,0.3673,1.2068,0.5327
893cf2c6cb3ffff,2,6,22.590922,88.425342,0.6841,2274.8,0.1874,0.4482,0.336,0.0042,0.5922
893cf2d4933ffff,7,5,22.62921,88.375463,0.8919,2419.5,0.2457,0.5582,0.2412,0.3817,0.5838
893cf2c5d0bffff,8,2,22.480784,88.440051,0.6747,9986.8,0.8341,0.5878,0.3173,0.3375,0.6552
893cf2c45dbffff,10,0,22.536031,88.397902,0.7672,4275.8,0.9317,0.6266,0.2413,0.0395,0.6323
893cf2c738fffff,18,0,22.505958,88.354988,0.5907,3252.2,0.7194,0.4928,0.2392,0.5414,0.5981
893cf2c65a7ffff,0,3,22.598035,88.389245,0.6708,895.1,0.0236,0.6317,0.4309,0.9369,0.6064
893cf2d5e37ffff,15,4,22.564706,88.294796,0.854,5370.5,0.6832,0.6669,0.2913,0.6334,0.6132
893cf2891d7ffff,12,1,22.629274,88.426165,0.7414,2626.3,0.7037,0.6886,0.2442,0.3772,0.664
893cf2c2d3bffff,17,2,22.538255,88.284529,0.709,4403.2,0.6726,0.669,0.2942,1.1153,0.4967
893cf2c6203ffff,10,1,22.545142,88.368685,0.6949,1514.1,0.7401,0.6181,0.3282,0.0873,0.6979
893cf2d5c6fffff,20,5,22.574249,88.297359,0.6553,4998.2,0.6797,0.5782,0.3496,0.6908,0.5137
893cf2c4083ffff,12,5,22.522116,88.400494,0.7416,5503.1,0.4867,0.5746,0.3312,0.1262,0.577
893cf2c2b93ffff,23,3,22.511617,88.283708,0.5994,2082.2,0,0.6598,0.2225,0.627,0.5579
893cf2d5c93ffff,10,0,22.593695,88.283591,0.8596,7490.9,0.6038,0.679,0.3453,0.7279,0.5441
893cf2d49d3ffff,17,5,22.629579,88.356559,0.7663,4054.3,0.8649,0.7722,0.2623,0.2408,0.5911
893cf2d4a67ffff,22,6,22.591418,88.346296,0.6384,1832.0,0.1254,0.6885,0.2386,0.2456,0.5603
893cf2c608fffff,20,5,22.572775,88.372949,0.5094,1254.3,1,0.5878,0.1854,1.4086,0.5793
893cf2d5a2fffff,5,4,22.54407,88.314576,0.6795,2946.0,0.0223,0.6138,0.3332,0.3631,0.4946
893cf2c2b6fffff,21,5,22.492156,88.297473,0.6479,998.9,0.2104,0.7291,0.1848,1.5723,0.547
893cf2c6233ffff,0,6,22.547138,88.375555,0.7928,2171.7,0.1235,0.687,0.3451,1.2011,0.5516
893cf289127ffff,19,5,22.626713,88.447655,0.6673,5101.3,0.6802,0.6153,0.2286,0.5228,0.5408
893cf2d40afffff,20,4,22.626675,88.28612,0.64,8874.8,0.647,0.6296,0.2937,0.3717,0.521
893cf289143ffff,22,6,22.618548,88.429613,0.5821,3302.0,0,0.7653,0.1851,0.6777,0.4335
893cf2c4483ffff,7,4,22.537405,88.382438,0.8307,3001.2,0.1504,0.6375,0.3931,0.3155,0.5666
893cf2c629bffff,11,4,22.551691,88.360946,0.5544,1234.0,0.6843,0.5595,0.3699,0.6747,0.6245
893cf2c6e03ffff,7,1,22.559111,88.41678,0.7172,1284.7,0.2668,0.6395,0.28,0,0.6501
893cf289017ffff,2,5,22.622105,88.411562,0.6888,1339.8,0.262,0.5834,0.4458,0.7765,0.5907
893cf2c7323ffff,19,4,22.500404,88.36616,0.6805,4014.9,0.7132,0.7112,0.403,0.4511,0.6267
893cf2c5c8bffff,21,5,22.481359,88.411703,0.6308,9356.2,0.3873,0.7015,0.2473,0.6085,0.4791
893cf2c2967ffff,5,3,22.517616,88.304307,0.6191,1833.4,0.1631,0.7586,0.3234,0.7094,0.5614
893cf2c2977ffff,22,5,22.519798,88.301728,0.6213,2038.8,0.194,0.6407,0.2616,0.7359,0.5234
893cf2c5c93ffff,8,6,22.486727,88.409979,0.574,8216.5,0.6004,0.657,0.1978,0.8399,0.4443
893cf2d4e4bffff,5,3,22.602692,88.314498,0.6672,5358.5,0.2321,0.4839,0.3057,0.5763,0.4486
893cf2c7527ffff,18,0,22.538965,88.357526,0.6255,928.6,0.715,0.5542,0.3836,0.0401,0.7414
893cf2d4a4fffff,5,4,22.588422,88.335991,0.7007,2797.0,0.0871,0.4299,0.3234,0.4601,0.4765
893cf28921bffff,21,0,22.595665,88.401277,0.6601,2200.3,0.3521,0.6631,0.324,0.2412,0.6149
893cf2d4ed3ffff,19,6,22.615594,88.308468,0.6886,6702.3,0.6689,0.6774,0.3095,0,0.6195
893cf2d43bbffff,21,6,22.612595,88.298165,0.5771,7477.3,0.2719,0.7638,0.1766,0.5897,0.4323
893cf2c7193ffff,20,3,22.532601,88.355815,0.4468,1321.2,0.6102,0.5744,0.1998,0.3967,0.6079
893cf2c42dbffff,15,6,22.491477,88.385924,0.7332,6622.2,0.4707,0.5251,0.2963,0,0.5557
893cf2c4083ffff,2,5,22.522116,88.400494,0.5849,5697.9,0.287,0.5845,0.1968,0.4363,0.4603
893cf2c612bffff,12,1,22.571028,88.407317,0.6524,1424.0,0.5272,0.6358,0.2772,0.655,0.6246
893cf2c610fffff,13,4,22.572214,88.401301,0.6984,2433.0,0.5636,0.6453,0.1828,0.1625,0.672
893cf28b21bffff,13,2,22.648472,88.371145,0.8307,3496.8,0.4734,0.6034,0.3268,0.473,0.5513
893cf2c6e5bffff,13,1,22.550753,88.408197,0.7379,2231.9,0.5411,0.51,0.3725,0.5767,0.6514
893cf2c6c53ffff,18,3,22.576204,88.415045,0.6878,695.7,0.4096,0.6912,0.2815,0.4193,0.7217
893cf2c7663ffff,6,6,22.501335,88.318926,0.7212,2008.9,0.4239,0.5858,0.2892,0.7314,0.601
893cf2d5b17ffff,21,3,22.556612,88.327442,0.7372,1347.9,0.2024,0.5569,0.3943,0.5297,0.6537
893cf289297ffff,23,0,22.607389,88.401265,0.6926,2183.8,0.1263,0.6604,0.4362,0.7411,0.5856
893cf2c60d3ffff,22,3,22.569781,88.362643,0.4772,913.9,0.1496,0.7527,0.3903,1.7664,0.5902
893cf2d5b0fffff,8,0,22.551248,88.329167,0.8425,1905.8,0.6293,0.6471,0.29,0,0.6665
893cf2d489bffff,12,0,22.626767,88.336802,0.7114,4844.7,0.5569,0.5621,0.3175,0.3076,0.5439
893cf2c6337ffff,16,2,22.555121,88.403037,0.6897,2158.3,0.5717,0.5985,0.3138,0.4625,0.6571
893cf2c701bffff,9,6,22.514879,88.335224,0.6886,1113.1,0.6737,0.5423,0.0919,0.7529,0.6496
893cf2d416fffff,21,1,22.618774,88.309323,0.6408,6341.7,0.2422,0.6659,0.1602,0.2316,0.5118
893cf2893d7ffff,21,6,22.607013,88.420171,0.7171,3051.0,0.3253,0.7213,0.1832,0.5149,0.5517
893cf2d5dc7ffff,16,5,22.592151,88.3085,0.71,5528.3,0.38,0.6415,0.2854,0.1594,0.5538
893cf289357ffff,20,5,22.599467,88.424475,0.5522,3272.3,0.6397,0.5909,0.3093,0.8765,0.4858
893cf2c46cfffff,2,3,22.505583,88.373884,0.6069,4804.8,0.1622,0.571,0.3246,0.9969,0.4425
893cf28945bffff,4,5,22.625845,88.384059,0.6527,2085.5,0.1363,0.625,0.5233,0.9874,0.5955
893cf2c606bffff,16,5,22.556683,88.378121,0.8097,1751.4,0.3109,0.5898,0.4377,0.0769,0.7023
893cf2c757bffff,6,1,22.529605,88.345512,0.7322,1075.8,0.4113,0.5223,0.4131,1.0128,0.6011
893cf2c721bffff,18,3,22.492601,88.329242,0.728,2904.5,0.7497,0.7056,0.3144,0.0844,0.6316
893cf2d4923ffff,20,2,22.627028,88.378043,0.5707,2274.7,0.7374,0.6634,0.3288,1.2172,0.5917
893cf2c74abffff,6,2,22.53534,88.324893,0.8569,1606.6,0.0922,0.5752,0.2849,0.3724,0.6226
893cf2c7263ffff,5,1,22.48605,88.336978,0.8047,3542.5,0.0073,0.6341,0.3936,0.0141,0.5233
893cf2c4133ffff,12,6,22.52354,88.435717,0.7549,5490.4,0.564,0.5187,0.3701,0.2337,0.548
893cf2c6c97ffff,20,2,22.592108,88.419326,0.5862,2359.2,0.6183,0.6247,0.3109,0.468,0.6047
893cf289357ffff,16,6,22.599467,88.424475,0.707,3433.4,0.5029,0.5622,0.2532,0.1783,0.6391
893cf2c4c9bffff,18,6,22.535081,88.445158,0.665,4492.9,0.879,0.6638,0.2764,0.6401,0.572
893cf2d4153ffff,23,4,22.623315,88.294714,0.5602,8612.8,0.219,0.6619,0.2659,0.5856,0.538
893cf289453ffff,8,3,22.629024,88.384915,0.8192,1470.7,0.7203,0.6937,0.3194,0.141,0.6849
893cf2d4177ffff,19,6,22.624134,88.307598,0.5725,7319.3,0.8833,0.6693,0.2675,0.0264,0.57
893cf2c618fffff,13,4,22.579761,88.396997,0.7505,2591.3,0.5518,0.6209,0.2591,0.3088,0.6667
893cf2890d3ffff,11,2,22.621294,88.398672,0.8538,1072.5,0.5568,0.7269,0.4444,0.08,0.7614
893cf2c6813ffff,22,1,22.568276,88.438254,0.7179,1852.0,0.2063,0.6496,0.2619,1.2935,0.5
893cf2d4bafffff,9,6,22.61013,88.370329,0.8166,1778.0,0.8293,0.5226,0.1859,0.6398,0.6597
893cf2c7463ffff,4,1,22.523612,88.324908,0.515,680.3,0.1095,0.4304,0.2844,1.7641,0.4436
893cf2d5a8bffff,0,1,22.550799,88.297391,0.6499,4849.2,0.1752,0.5539,0.2227,0.7326,0.4795
893cf2c72cfffff,19,5,22.491602,88.325808,0.5396,2723.0,0.5575,0.6225,0.3044,0.6455,0.5686
893cf289693ffff,17,5,22.621667,88.379768,0.7282,1831.5,0.5979,0.4935,0.4441,0.6115,0.639
893cf2c70d7ffff,5,3,22.519246,88.330066,0.3761,349.3,0.1595,0.4143,0.3968,1.9654,0.4089
893cf28b20bffff,23,1,22.646291,88.373725,0.6858,2997.8,0.2347,0.538,0.339,0.7854,0.5191
893cf2c4037ffff,15,5,22.517557,88.415103,0.6308,5911.7,0.4477,0.6368,0.2509,0.3297,0.4894
893cf2c66a7ffff,12,6,22.568782,88.359208,0.6466,959.7,0.3331,0.4514,0.2704,1.2836,0.5335
893cf2c731bffff,15,0,22.499593,88.353278,0.6542,3142.8,0.4406,0.6101,0.1992,0.3672,0.5398
893cf289537ffff,8,4,22.644175,88.427011,0.782,3166.4,0.7278,0.6938,0.1842,0.0163,0.7104
893cf2c55d7ffff,16,4,22.488671,88.366173,0.6219,5066.7,0.5115,0.6285,0.3618,0.3284,0.5472
893cf2c612bffff,3,1,22.571028,88.407317,0.6987,1078.0,0.0785,0.4894,0.3429,0.2599,0.5312
893cf289193ffff,15,4,22.635633,88.427878,0.7429,2704.8,0.4778,0.6441,0.176,0.089,0.6192
893cf2c6ebbffff,21,5,22.565474,88.418493,0.6604,304.0,0.5329,0.5823,0.1931,1.1515,0.6578
893cf2c653bffff,9,1,22.588493,88.386678,0.6713,1362.8,0.7526,0.6035,0.3506,0.3805,0.6688
893cf2c766bffff,9,5,22.498153,88.318071,0.704,1984.8,0.8965,0.6267,0.2855,0.6468,0.6909
893cf2c612bffff,4,1,22.571028,88.407317,0.7327,1146.9,0.1087,0.6984,0.2769,1.2967,0.5521
893cf2c6aa3ffff,12,6,22.551181,88.439988,0.7159,2616.7,0.5085,0.5881,0.3223,0.4947,0.66
893cf2c296fffff,23,0,22.514433,88.303452,0.6284,1423.8,0.2275,0.5073,0.2838,0.6062,0.5745
893cf2c2927ffff,20,0,22.524979,88.309449,0.6996,2369.7,0.7899,0.6468,0.1956,0.4903,0.6692
893cf2d4b7bffff,12,3,22.596411,88.363471,0.8955,538.4,0.4409,0.6218,0.3984,0.0873,0.7392
893cf2c714bffff,3,2,22.512323,88.356698,0.6709,2670.5,0.0711,0.601,0.2997,0.4755,0.5985
893cf2c7357ffff,11,0,22.49641,88.352423,0.6693,3730.4,0.6457,0.6209,0.3571,0.6738,0.6001
893cf2c6647ffff,3,2,22.55406,88.348918,0.6249,631.8,0.0748,0.5404,0.3032,1.2567,0.5616
893cf2d4d6fffff,12,3,22.632759,88.357415,0.6253,4283.0,0.3795,0.6626,0.32,0.6786,0.5354
893cf2d49a3ffff,21,6,22.634571,88.373738,0.6877,2531.4,0.1865,0.5339,0.2144,0.8728,0.4739
893cf2d4987ffff,5,6,22.635754,88.367722,0.5968,3460.1,0.1676,0.5824,0.3011,0.2467,0.5026
893cf2c76b3ffff,22,2,22.518431,88.317186,0.6236,1264.3,0.0679,0.4558,0.316,0.1793,0.5391
893cf289377ffff,1,4,22.599277,88.433928,0.8218,3467.4,0.0298,0.6808,0.2875,0.4897,0.5103
893cf2c62dbffff,5,3,22.54433,88.355801,0.6092,1013.3,0.0593,0.6341,0.3081,0,0.581
893cf2d4d67ffff,3,6,22.635939,88.35827,0.7286,4434.3,0.1063,0.7382,0.1669,0.8182,0.5103
893cf2c610fffff,15,2,22.572214,88.401301,0.737,1642.1,0.5215,0.439,0.2539,0.3752,0.6334
893cf2c6d63ffff,7,1,22.58081,88.451133,0.681,3358.5,0.2867,0.669,0.3331,0.2087,0.5766
893cf2c7617ffff,22,0,22.512067,88.315477,0.6755,1748.5,0.1573,0.5037,0.3694,0.6365,0.5659
893cf2c6ed7ffff,17,3,22.562482,88.408185,0.6561,1633.7,0.7254,0.6761,0.2476,0.4784,0.6245
893cf2d4e13ffff,15,1,22.615412,88.317917,0.7787,5878.3,0.4531,0.6285,0.1422,0.618,0.5266
893cf289357ffff,1,2,22.599467,88.424475,0.7439,2960.1,0,0.6026,0.2132,1.0297,0.4961
893cf2c4197ffff,12,3,22.532281,88.425398,0.7401,4689.2,0.4046,0.5502,0.402,0.4426,0.5725
893cf2d5c97ffff,5,0,22.594695,88.287024,0.6582,6815.0,0.1694,0.5582,0.2375,0.3263,0.5028
893cf2c6183ffff,1,4,22.581944,88.394418,0.6161,2623.0,0,0.5265,0.3107,0.43,0.4771
893cf2c0d13ffff,13,1,22.488789,88.306063,0.7471,1363.5,0.3472,0.4716,0.3148,0.3985,0.6337
893cf289397ffff,3,5,22.614371,88.42532,0.6671,2944.1,0.2162,0.5904,0.2326,0.4567,0.5605
893cf2c659bffff,1,4,22.596225,88.372922,0.7195,836.2,0.1344,0.742,0.408,0.5275,0.6165
893cf2c42dbffff,23,6,22.491477,88.385924,0.8043,6269.6,0.1259,0.5459,0.4795,0.2494,0.5291
893cf2c4ecfffff,3,6,22.504254,88.44003,0.6148,7631.3,0.3553,0.5135,0.3871,0.6152,0.4887
893cf2c6c5bffff,19,0,22.573023,88.414189,0.6682,605.7,0.6467,0.5035,0.1912,0.1067,0.7009
893cf2d5a17ffff,14,6,22.549617,88.303404,0.6644,4307.5,0.4257,0.6294,0.3679,0.4535,0.5104
893cf289297ffff,14,2,22.607389,88.401265,0.6767,2294.1,0.3605,0.6808,0.3066,0.091,0.6476
893cf28b257ffff,1,6,22.645293,88.370289,0.6917,3640.8,0.0665,0.6165,0.2729,0.6806,0.4831
893cf2c6e13ffff,13,2,22.561295,88.414201,0.759,832.2,0.6468,0.5837,0.312,0.3321,0.7283
893cf2d5d2bffff,16,0,22.587606,88.323107,0.9426,4374.5,0.399,0.6184,0.3605,0.1279,0.6578
893cf2c70afffff,18,5,22.521058,88.346381,0.6169,1646.7,0.6769,0.5465,0.316,0.6249,0.601
893cf2d5d07ffff,15,1,22.591969,88.317948,0.6963,5244.2,0.5364,0.6074,0.3319,0.4373,0.5038
893cf2c7063ffff,3,4,22.508329,88.342962,0.5544,1993.4,0.0733,0.5435,0.2486,0.9057,0.4713
893cf2893d7ffff,20,1,22.607013,88.420171,0.7628,3177.4,0.5762,0.5106,0.3791,0.6883,0.6406
893cf2d5b17ffff,20,2,22.556612,88.327442,0.7965,1799.2,0.7401,0.6532,0.3234,0.1597,0.7412
893cf2d496fffff,14,2,22.617489,88.375476,0.6328,1926.7,0.5382,0.4566,0.3184,0,0.6601
893cf2d4d1bffff,14,1,22.641483,88.347094,0.7135,5656.4,0.3822,0.6592,0.3725,0.3519,0.5695
893cf28961bffff,1,0,22.610943,88.383216,0.6968,1498.4,0.1702,0.4499,0.4333,0.5552,0.5692
893cf2d4c87ffff,21,2,22.644029,88.325612,0.605,7199.9,0.2804,0.3758,0.2065,0.3815,0.4625
893cf2d5b2fffff,21,6,22.551064,88.338615,0.5488,718.8,0.3138,0.4817,0.3832,0.2872,0.5894
893cf2d419bffff,5,4,22.635034,88.294698,0.5969,8951.6,0.1649,0.4601,0.3196,0.1097,0.437
893cf2d41d7ffff,20,6,22.631855,88.293843,0.6922,8788.2,0.5756,0.5678,0.2764,0.7931,0.5345
893cf2c6e5bffff,20,0,22.550753,88.408197,0.5504,2408.3,0.5698,0.6134,0.2499,0.4684,0.619
893cf2c76abffff,15,4,22.513066,88.318911,0.7891,1404.3,0.5255,0.619,0.2195,0.5398,0.7189
893cf2c4457ffff,22,6,22.525676,88.382451,0.5665,3408.4,0.1388,0.6131,0.2092,0.1549,0.5441
893cf2c6a87ffff,16,3,22.552369,88.433972,0.7396,2099.7,0.4903,0.5724,0.2733,0.4827,0.6339
893cf2c5593ffff,9,2,22.495037,88.367883,0.6932,4847.6,0.6428,0.5966,0.2621,0.4314,0.5361
893cf2c6cb3ffff,3,4,22.590922,88.425342,0.7232,2668.8,0.1912,0.5967,0.176,0.6288,0.5578
893cf2c6183ffff,2,1,22.581944,88.394418,0.546,2599.3,0.1912,0.5261,0.3589,0.9946,0.5223
893cf2c4513ffff,9,2,22.539024,88.408209,0.7303,3617.5,0.5528,0.6119,0.3859,0.2238,0.6649
893cf2d4ba3ffff,12,6,22.612312,88.367749,0.7329,1529.4,0.6411,0.5955,0.2471,0.1723,0.7078
893cf2c446fffff,18,6,22.520121,88.393624,0.6463,4683.2,0.5741,0.6537,0.2941,0.0934,0.5855
893cf2d5a2fffff,2,1,22.54407,88.314576,0.6005,3440.0,0.062,0.6542,0.2627,1.2941,0.3872
893cf289017ffff,18,2,22.622105,88.411562,0.6473,1432.3,0.5197,0.5974,0.4331,0.1765,0.6984
893cf2d5dabffff,13,2,22.595149,88.318803,0.747,4641.6,0.4195,0.6233,0.3271,0.4462,0.5669
893cf2c6a43ffff,18,5,22.53646,88.42969,0.6543,3816.7,0.6644,0.7535,0.3212,0.0081,0.5654
893cf2d4ccbffff,19,0,22.632492,88.316177,0.66,6947.1,0.4802,0.565,0.2096,0.7426,0.478
893cf2c616bffff,1,0,22.563668,88.402169,0.6193,1688.9,0.0626,0.6171,0.3089,0.4465,0.5072
893cf2894c3ffff,19,6,22.634386,88.383191,0.6766,1901.3,0.7206,0.7523,0.4159,0.6597,0.6358
893cf2c721bffff,19,6,22.492601,88.329242,0.6682,3075.4,0.7033,0.5669,0.3858,0.5591,0.5929
893cf2c659bffff,12,2,22.596225,88.372922,0.7679,1230.3,0.8202,0.6851,0.4433,0.3177,0.7495
893cf2c6337ffff,23,2,22.555121,88.403037,0.5945,2605.9,0.0453,0.5894,0.1416,0.4804,0.4633
893cf2d4ddbffff,22,6,22.641666,88.337643,0.6821,6502.3,0.0924,0.6216,0.3368,0,0.4693
893cf2c6d73ffff,16,0,22.582994,88.448553,0.7815,3097.8,0.4654,0.661,0.4955,0.1619,0.6728
893cf2c75abffff,14,0,22.542332,88.348932,0.6028,496.5,0.7279,0.5765,0.4017,1.0467,0.6421
893cf2d5ad3ffff,2,0,22.5488,88.290524,0.6245,4930.0,0.049,0.6061,0.2793,0.4644,0.5109
893cf2c292fffff,14,5,22.521797,88.308594,0.6783,2200.4,0.5281,0.4771,0.3941,0.2006,0.5924
893cf2c0da7ffff,11,3,22.49497,88.317217,0.7126,1946.5,0.5663,0.5384,0.2236,0,0.6248
893cf2c62a7ffff,1,5,22.553501,88.377266,0.5656,1875.5,0.1019,0.7823,0.299,0.5225,0.5421
893cf2d5dabffff,1,6,22.595149,88.318803,0.6632,4820.4,0.1097,0.6571,0.3271,0.83,0.4596
893cf2c6573ffff,2,6,22.584314,88.382386,0.7382,1481.0,0.0642,0.5361,0.339,1.4463,0.5375
893cf2c62a7ffff,10,4,22.553501,88.377266,0.8977,1384.7,0.6425,0.6633,0.3325,0,0.7453
893cf2c4c9bffff,17,1,22.535081,88.445158,0.6963,4511.5,0.6556,0.6105,0.2305,0.6722,0.5265
893cf2c62a3ffff,20,3,22.552503,88.373831,0.7968,1321.0,0.6709,0.8043,0.3398,1.0602,0.7325
893cf2d4267ffff,4,1,22.592695,88.280157,0.5358,7594.5,0,0.7085,0.3718,0.7731,0.4196
893cf2d5bc3ffff,2,3,22.553614,88.31714,0.5539,2611.6,0.0353,0.6665,0.2516,0.787,0.4954
893cf2d4357ffff,5,6,22.602055,88.292167,0.6494,7315.6,0.1433,0.4731,0.2275,0.0227,0.4976
893cf2d430bffff,13,6,22.603055,88.295601,0.8651,7153.3,0.5558,0.585,0.4726,0.113,0.6259
893cf289667ffff,2,2,22.605393,88.394393,0.6065,1149.7,0,0.4918,0.2644,0.7305,0.5244
893cf2d5d2bffff,1,5,22.587606,88.323107,0.5692,4068.1,0.0169,0.7253,0.2441,0.9348,0.439
893cf2d41bbffff,19,1,22.634853,88.304147,0.5557,7904.4,0.6739,0.4705,0.3039,0.3647,0.5896
893cf2c7317ffff,20,2,22.503774,88.357567,0.6667,3368.6,0.5425,0.5124,0.2523,0.41,0.5718
893cf2d5bbbffff,3,2,22.559793,88.328297,0.6514,1582.6,0.1625,0.6417,0.3261,0.4788,0.6532
893cf2d4e43ffff,20,0,22.605872,88.315353,0.6069,5583.6,0.6178,0.6439,0.3717,0.8539,0.4778
893cf2d4a53ffff,23,1,22.592785,88.330832,0.6375,3426.4,0.107,0.5834,0.3362,0.6227,0.4911
893cf2c7577ffff,12,0,22.533786,88.349801,0.6984,515.9,0.5338,0.6631,0.4274,0.2279,0.7255
893cf2c6337ffff,22,1,22.555121,88.403037,0.6929,2030.2,0.0747,0.5232,0.2908,0.2567,0.5376
893cf2c6a27ffff,2,2,22.544626,88.447727,0.6357,4195.1,0.1532,0.6267,0.3074,0.4576,0.4692
893cf288233ffff,14,5,22.650157,88.447634,0.6873,5367.5,0.5339,0.5821,0.2924,0.2677,0.5074
893cf28904fffff,13,3,22.609384,88.408137,0.7768,2573.7,0.4376,0.607,0.3152,0.8039,0.6124
893cf2c6e2bffff,11,3,22.55574,88.425376,0.7433,1466.1,0.4717,0.6895,0.3036,0.123,0.6916
893cf2d419bffff,6,6,22.635034,88.294698,0.7771,8706.7,0.3159,0.6014,0.2677,0.4889,0.4782
893cf2c7083ffff,14,6,22.523427,88.334355,0.6645,870.6,0.5642,0.6007,0.3193,0.6105,0.6103
893cf2c6333ffff,20,0,22.554124,88.399602,0.5295,2642.0,0.7956,0.4559,0.3854,0.6676,0.6074
893cf2893c3ffff,21,3,22.603833,88.419314,0.7697,3259.4,0.3267,0.5297,0.3111,0,0.6187
893cf2c45a3ffff,4,5,22.544201,88.415936,0.7278,3018.1,0.0559,0.5737,0.3506,1.035,0.4637
893cf2c09a7ffff,10,4,22.479684,88.335269,0.7734,4374.0,0.6628,0.5792,0.3245,0.7157,0.5234
893cf2c6a27ffff,9,5,22.544626,88.447727,0.7954,4076.3,0.6952,0.6313,0.1949,0.1658,0.6084
893cf2c55c3ffff,16,0,22.485488,88.365318,0.722,5431.3,0.5561,0.6574,0.3103,0.2803,0.5631
893cf2c6ed7ffff,21,2,22.562482,88.408185,0.6294,1081.0,0.4171,0.5107,0.3441,0.3204,0.6854
893cf28904fffff,0,6,22.609384,88.408137,0.6669,2650.9,0.0166,0.7247,0.3069,0.979,0.5055
893cf2d6acbffff,15,0,22.647751,88.298116,0.7223,9329.6,0.5618,0.4387,0.227,0.5925,0.524
893cf2d43bbffff,23,3,22.612595,88.298165,0.6394,7141.9,0.17,0.6123,0.3376,1.2183,0.463
893cf28913bffff,19,4,22.624719,88.440781,0.6857,3982.1,0.7258,0.6628,0.3384,0.2475,0.5981
893cf2d4eb3ffff,6,6,22.622771,88.323062,0.7253,5385.9,0.2595,0.4719,0.2509,0.6254,0.4377
893cf2c4197ffff,14,3,22.532281,88.425398,0.7188,4208.2,0.6942,0.6104,0.3338,0.199,0.6415
893cf2d580bffff,12,4,22.565523,88.307677,0.8017,3731.9,0.5368,0.6467,0.2342,0.9823,0.5433
893cf2d4987ffff,19,2,22.635754,88.367722,0.8452,3226.9,0.6379,0.4864,0.4088,0.1834,0.6997
893cf289297ffff,11,1,22.607389,88.401265,0.8688,2514.4,0.453,0.6477,0.2806,0.103,0.6624
893cf2c732bffff,3,4,22.497222,88.365304,0.5887,4451.8,0.1362,0.6036,0.2195,0.8684,0.4223
893cf2c64b3ffff,13,6,22.592232,88.359181,0.7549,632.5,0.5018,0.6269,0.3067,0.7265,0.703
893cf2c61d3ffff,1,3,22.576768,88.38669,0.6914,1386.0,0,0.5281,0.3372,0,0.5942
893cf2c644bffff,17,5,22.572149,88.350614,0.7915,1606.4,0.7348,0.5961,0.287,0.306,0.7066
893cf2c6cabffff,18,4,22.585558,88.427066,0.6148,1778.7,0.7343,0.613,0.2138,0.2466,0.6972
893cf2d5c8bffff,18,0,22.588334,88.285316,0.5784,6835.5,0.8218,0.6588,0.2069,0.7075,0.5253
893cf2d4177ffff,7,3,22.624134,88.307598,0.8832,6859.7,0.2904,0.569,0.4628,0.3676,0.5984
893cf2891d7ffff,5,3,22.629274,88.426165,0.6126,2269.2,0,0.7127,0.4034,0.3837,0.5078
893cf2c66a7ffff,22,4,22.568782,88.359208,0.6164,1032.3,0.0989,0.5538,0.2197,1.2431,0.5417
893cf28913bffff,7,2,22.624719,88.440781,0.8228,4346.6,0.2602,0.6846,0.3092,0,0.5689
893cf2d4b0fffff,20,2,22.602772,88.365182,0.6831,1775.0,0.6013,0.6241,0.2576,0.3108,0.6951
893cf2c5c8fffff,20,5,22.482356,88.415138,0.6588,9006.6,0.6742,0.4916,0.3724,0,0.5747
893cf28912fffff,10,6,22.623533,88.446798,0.7222,4843.5,0.683,0.6196,0.283,0.4674,0.5355
893cf2894b7ffff,22,3,22.644736,88.398648,0.7555,1717.5,0.0855,0.8242,0.4601,0.5592,0.6233
893cf2c45a3ffff,10,5,22.544201,88.415936,0.7423,2532.4,0.5277,0.5838,0.2836,0.273,0.5965
893cf2c7317ffff,4,0,22.503774,88.357567,0.525,3206.5,0.1509,0.5998,0.3918,1.079,0.5464
893cf2d5babffff,1,2,22.557611,88.330876,0.5465,1632.1,0.2538,0.4943,0.3515,0.821,0.5533
893cf2c5493ffff,20,1,22.488047,88.343845,0.6452,3702.7,0.8098,0.5268,0.1477,0.1904,0.549
893cf2c2943ffff,22,2,22.516799,88.291428,0.6725,2052.1,0,0.4759,0.3603,0.6489,0.5177
893cf2c731bffff,5,6,22.499593,88.353278,0.7756,3327.6,0.2509,0.5519,0.3348,0.2296,0.5695
893cf2c426bffff,11,0,22.481549,88.402254,0.8325,8297.0,0.5894,0.6653,0.4051,0.1997,0.6043
893cf2d4567ffff,22,2,22.637214,88.292118,0.5326,9291.6,0.1057,0.7049,0.3203,0.7578,0.4155
893cf2c7097ffff,18,0,22.526609,88.33521,0.6607,933.8,0.8233,0.4949,0.2457,0.4688,0.6231
893cf2c6883ffff,21,6,22.573641,88.43653,0.7154,2390.3,0.2738,0.5703,0.2696,0.2857,0.5942
893cf28938fffff,16,0,22.609008,88.427044,0.7234,3796.5,0.5085,0.4999,0.3408,0.1965,0.6234
893cf2c6047ffff,9,6,22.561049,88.372962,0.6947,1249.2,0.7549,0.5644,0.2697,0,0.6896
893cf2d4363ffff,11,4,22.598694,88.300761,0.7633,6562.2,0.4474,0.6825,0.3511,0,0.6176
893cf2c75abffff,5,1,22.542332,88.348932,0.6085,90.8,0,0.5186,0.4177,1.1168,0.5722
893cf2c6c93ffff,4,5,22.591111,88.41589,0.5478,2349.8,0.109,0.6276,0.3438,0.861,0.4637
893cf2c41b3ffff,21,1,22.531093,88.431414,0.8023,4424.2,0.2517,0.4737,0.3399,0.7911,0.5365
893cf2c5c8fffff,2,3,22.482356,88.415138,0.5228,9415.1,0.0807,0.4872,0.3112,0.7264,0.3545
893cf2d5a33ffff,2,1,22.548434,88.309417,0.5816,3447.1,0.1123,0.5616,0.2617,0.8734,0.5004
893cf2d4ad7ffff,14,3,22.601327,88.329962,0.8062,3440.2,0.6693,0.6132,0.2722,0.4432,0.6188
893cf2d4153ffff,20,3,22.623315,88.294714,0.6361,8079.2,0.4602,0.6501,0.3618,0.2742,0.4888
893cf2c6303ffff,2,6,22.552128,88.392731,0.6896,3393.0,0.2514,0.5616,0.3973,0.8097,0.5326
893cf2d4a87ffff,19,3,22.606505,88.337686,0.6345,2949.7,0.7191,0.7631,0.3039,0.4221,0.6452
893cf2c71a7ffff,10,1,22.531229,88.371278,0.6265,2157.8,0.6936,0.5971,0.232,0.2052,0.6443
893cf2d495bffff,8,0,22.618857,88.360009,0.7392,2971.8,0.8591,0.3581,0.3875,0.4027,0.6219
893cf2d412bffff,18,2,22.625133,88.311032,0.7014,7062.8,0.6108,0.4614,0.4026,0.4419,0.5628
893cf2d4963ffff,14,0,22.61967,88.372896,0.6983,2169.1,0.5619,0.6704,0.2848,0.3308,0.6615
893cf2d4bbbffff,20,2,22.611314,88.364313,0.356,1870.7,0.7253,0.7176,0.3508,0.5928,0.5953
893cf2d5ea3ffff,5,1,22.569068,88.289637,0.7008,5452.0,0.1286,0.7139,0.2537,0.2963,0.4738
893cf2c7457ffff,11,0,22.526978,88.316316,0.6412,1387.3,0.5364,0.6065,0.3119,0.0252,0.6265
893cf289367ffff,21,1,22.597094,88.436509,0.5636,3117.9,0.4915,0.5682,0.3459,0.5751,0.5745
893cf2c6c93ffff,13,0,22.591111,88.41589,0.755,2230.7,0.6568,0.5942,0.2749,0.4426,0.6811
893cf2c63dbffff,4,3,22.551318,88.379845,0.7689,2538.4,0.1408,0.4956,0.2542,0.4094,0.5463
893cf2c43cbffff,15,0,22.496276,88.412547,0.8621,7831.7,0.4819,0.5314,0.267,0.6753,0.6435
893cf2c0d0fffff,2,2,22.484422,88.311221,0.6537,1876.9,0.213,0.6349,0.2417,0.6713,0.5515
893cf2c4ec3ffff,9,2,22.50644,88.437451,0.7766,7387.2,0.6115,0.6056,0.3069,0.0593,0.5594
893cf289167ffff,12,4,22.619356,88.442504,0.6551,4888.3,0.4944,0.6842,0.2656,0.0148,0.537
893cf2d5977ffff,21,4,22.571335,88.33773,0.7203,1799.1,0.2234,0.583,0.2422,0.8455,0.6297
893cf2c737bffff,15,2,22.492042,88.357581,0.8707,4491.7,0.3714,0.7854,0.2533,0.5637,0.5361
893cf2c62dbffff,23,6,22.54433,88.355801,0.6149,841.6,0.1143,0.7034,0.1902,0.6871,0.5022
893cf2c464bffff,18,1,22.497034,88.374752,0.6186,5106.9,0.6398,0.6919,0.3595,0.3171,0.5863
893cf289e5bffff,14,6,22.602268,88.444239,0.7726,4165.4,0.5547,0.5453,0.3731,0.5834,0.6009
893cf2d59afffff,15,4,22.580877,88.340295,0.659,2469.7,0.3127,0.6646,0.2962,0.4854,0.6077
893cf2c458fffff,4,3,22.542206,88.409065,0.5467,3584.5,0.1444,0.7083,0.3414,0.3025,0.5171
893cf2d5993ffff,20,0,22.585425,88.325687,0.5439,3644.9,0.7399,0.667,0.3219,0.7205,0.5491
893cf2d4343ffff,3,4,22.598875,88.291313,0.7524,6985.0,0.0385,0.6019,0.3511,0.9709,0.4407
893cf2d4bbbffff,13,5,22.611314,88.364313,0.7898,1772.7,0.1974,0.6053,0.4017,0.5997,0.6373
893cf2d4843ffff,21,2,22.612865,88.339397,0.6659,3724.6,0.4293,0.5633,0.3847,0.803,0.5532
893cf2c6213ffff,16,1,22.547325,88.366105,0.8276,1467.3,0.575,0.5909,0.2982,0.1092,0.6783
893cf2896c3ffff,10,6,22.612127,88.3772,0.6677,1452.3,0.7684,0.632,0.3023,0.5416,0.659
893cf2d4323ffff,4,4,22.606054,88.305904,0.6097,6475.7,0.1422,0.4025,0.3946,0.5006,0.4368
893cf2c2dbbffff,7,6,22.5458,88.280224,0.8194,5357.7,0.1973,0.5911,0.3061,0.5021,0.5111
893cf2d5867ffff,11,0,22.562159,88.31627,0.9004,2887.5,0.3526,0.6682,0.2622,0.3434,0.5583
893cf2d4ab7ffff,12,3,22.608503,88.344557,0.8241,3089.9,0.3851,0.5997,0.2876,0.5084,0.6043
893cf2c76b3ffff,7,0,22.518431,88.317186,0.7489,1223.3,0.4798,0.5362,0.3829,0.0248,0.6734
893cf2c426fffff,22,1,22.482547,88.405689,0.6488,8510.7,0.0063,0.7038,0.2537,0.926,0.4373
893cf2c76abffff,19,5,22.513066,88.318911,0.5844,1830.1,0.7929,0.5814,0.1984,0.6721,0.6049
893cf2896afffff,17,1,22.617116,88.39438,0.7629,1814.2,0.7176,0.9226,0.485,0.3914,0.7204
893cf2d5a0fffff,0,3,22.544253,88.305129,0.6641,3664.7,0,0.6087,0.3597,0.2871,0.4787
893cf28b26bffff,3,5,22.638749,88.37803,0.6573,2277.4,0.1218,0.5576,0.3272,0.9472,0.5271
893cf2d4ab7ffff,22,4,22.608503,88.344557,0.718,2539.4,0.0994,0.6445,0.1946,0.3409,0.5406
893cf2d4307ffff,4,3,22.607235,88.29989,0.7251,6471.5,0.2338,0.6481,0.3221,0.6302,0.4727
893cf2d5a2fffff,8,5,22.54407,88.314576,0.7684,3267.3,0.7437,0.6691,0.2949,0.6415,0.6464
893cf2c44a7ffff,17,3,22.538215,88.395323,0.715,4126.8,0.5949,0.5393,0.3133,0.5699,0.5322
893cf2d4b6fffff,19,2,22.595227,88.369487,0.7125,609.5,0.5249,0.6153,0.3756,0.2864,0.673
893cf2c623bffff,15,6,22.543956,88.374699,0.7915,2037.9,0.4602,0.5527,0.3017,0.9692,0.584
893cf289617ffff,17,5,22.615121,88.387508,0.7549,1913.9,0.6322,0.5741,0.3863,0.302,0.6383
893cf2892abffff,0,3,22.600841,88.409005,0.6402,2939.5,0,0.6537,0.224,0.9943,0.4567
893cf2d49c7ffff,1,2,22.628397,88.362575,0.5812,3712.9,0.1764,0.4906,0.3698,1.1559,0.4698
893cf2c4493ffff,4,1,22.539589,88.379858,0.6808,3124.0,0.2222,0.684,0.2942,1.029,0.5559
893cf2c743bffff,23,0,22.529976,88.326617,0.6382,1333.8,0.1668,0.6381,0.2586,1.0678,0.5275
893cf289033ffff,1,0,22.620919,88.417579,0.7024,1883.1,0,0.6251,0.2755,0.2872,0.5607
893cf289033ffff,22,5,22.620919,88.417579,0.7897,2134.1,0.0717,0.5935,0.296,0.9231,0.5141
893cf2d4e4bffff,21,2,22.602692,88.314498,0.6392,5441.5,0.437,0.5613,0.3141,0.9984,0.4466
893cf289367ffff,18,4,22.597094,88.436509,0.6857,3502.5,0.7229,0.6392,0.3106,0.2592,0.6422
893cf2891d7ffff,22,4,22.629274,88.426165,0.672,2771.0,0.119,0.6206,0.2599,0.8089,0.5368
893cf289617ffff,20,0,22.615121,88.387508,0.6892,2312.1,0.581,0.6978,0.3758,0.6289,0.6551
893cf2c2917ffff,11,3,22.527345,88.297424,0.805,3153.8,0.5722,0.5254,0.2505,0.2152,0.6581
893cf2d43abffff,13,0,22.610415,88.300745,0.7687,7043.5,0.5713,0.4973,0.1328,0.5547,0.5171
893cf2d4c4bffff,2,3,22.624951,88.320482,0.7082,5804.3,0.2267,0.6319,0.3169,0.7242,0.4685
893cf2c6573ffff,21,1,22.584314,88.382386,0.8005,1439.5,0.235,0.5901,0.218,0.7187,0.6267
893cf2d59afffff,20,6,22.580877,88.340295,0.5888,2663.8,0.8497,0.7949,0.3509,0.3394,0.6416
893cf2c608fffff,22,5,22.572775,88.372949,0.4735,891.7,0.0206,0.6011,0.302,1.6783,0.4837
893cf289517ffff,15,2,22.644363,88.417556,0.7187,2513.3,0.6396,0.6065,0.3996,0.9108,0.5667
893cf2d6acfffff,11,6,22.648751,88.301551,0.6258,9483.7,0.5067,0.638,0.2106,0.5689,0.4933
893cf2d492fffff,19,0,22.624847,88.380623,0.5772,1936.4,0.8138,0.604,0.2844,0.8337,0.6058
893cf2d4d2fffff,12,3,22.640117,88.362561,0.7422,3750.6,0.4547,0.592,0.4709,0.0304,0.5877
893cf2c0da7ffff,6,0,22.49497,88.317217,0.8556,1998.7,0.3495,0.6113,0.3283,0.6556,0.5965
893cf2c456bffff,6,3,22.526106,88.414235,0.6134,4839.1,0.4047,0.5816,0.3776,0.3076,0.5353
893cf2d5e37ffff,4,2,22.564706,88.294796,0.5809,5197.6,0.1034,0.6418,0.3814,0.712,0.4466
893cf289377ffff,9,4,22.599277,88.433928,0.7102,3408.0,0.7311,0.6508,0.3482,0.7109,0.6072
893cf2890afffff,1,3,22.624099,88.418435,0.6477,2059.6,0.1025,0.586,0.2561,0,0.5581
893cf2c7457ffff,20,3,22.526978,88.316316,0.712,1370.7,0.6005,0.6535,0.2996,0.5989,0.6662
893cf2c43cbffff,10,2,22.496276,88.412547,0.8649,8212.6,0.8753,0.6959,0.2468,0.3983,0.6436
893cf2c6647ffff,12,0,22.55406,88.348918,0.835,702.5,0.2146,0.5544,0.2178,0.6802,0.5996
893cf2d584bffff,18,6,22.558161,88.302534,0.5243,4234.4,0.6407,0.7011,0.2695,0.4266,0.4749
893cf2d430bffff,16,2,22.603055,88.295601,0.6453,7217.6,0.5116,0.5615,0.3109,0.7897,0.523
893cf2d5857ffff,12,0,22.564524,88.304243,0.7963,4175.4,0.4723,0.552,0.2957,0.3424,0.5707
893cf2d5ccfffff,18,5,22.581973,88.283607,0.6736,6583.3,0.6639,0.6086,0.2664,0,0.5565
893cf2c55abffff,5,3,22.489481,88.379055,0.6262,5982.3,0.0251,0.6008,0.2894,0,0.4324
893cf2d5a77ffff,15,1,22.542071,88.307708,0.8157,3464.8,0.5244,0.6414,0.2607,0.7323,0.5721
893cf28961bffff,21,4,22.610943,88.383216,0.5549,1197.0,0.1883,0.6337,0.2464,0.6706,0.5299
893cf2d4307ffff,13,1,22.607235,88.29989,0.6932,7036.8,0.5939,0.7102,0.1798,0,0.5199
893cf28912fffff,2,2,22.623533,88.446798,0.7156,4837.0,0.1535,0.6613,0.2908,0.9302,0.4942
893cf2c296bffff,16,2,22.513434,88.300019,0.8775,1160.8,0.4147,0.6802,0.3523,0.1471,0.6783
893cf2d580fffff,12,2,22.566523,88.311111,0.7432,3753.5,0.4901,0.4906,0.3219,0.3689,0.5852
893cf289397ffff,4,2,22.614371,88.42532,0.646,3080.6,0.2191,0.6801,0.2591,0.7708,0.5148
893cf2c72cfffff,9,5,22.491602,88.325808,0.7346,2676.8,0.6466,0.6043,0.3749,0.0762,0.7009
893cf2c2b93ffff,19,1,22.511617,88.283708,0.7384,2125.6,0.6576,0.7756,0.306,0,0.6506
893cf2d5a97ffff,8,6,22.557162,88.2991,0.6888,4734.4,0.782,0.7538,0.2729,0.4657,0.5586
893cf2d5e4fffff,7,6,22.552163,88.281933,0.7452,6491.9,0.488,0.5258,0.2436,0.283,0.4861
893cf2c6613ffff,16,0,22.562605,88.348049,0.6118,1038.7,0.6703,0.5852,0.3763,0.2659,0.6841
893cf2d4ad3ffff,10,2,22.600328,88.326527,0.8108,4054.7,0.8017,0.5533,0.2683,0.3539,0.6173
893cf2d415bffff,0,1,22.620136,88.29386,0.6367,8235.5,0.0964,0.6185,0.327,0.9158,0.4455
893cf2d4987ffff,11,4,22.635754,88.367722,0.8387,3488.2,0.5496,0.6042,0.3199,0.1533,0.6279
893cf2c65a3ffff,12,4,22.597037,88.385809,0.7318,478.6,0.4786,0.7619,0.5911,0.4276,0.7791
893cf2c5cd7ffff,22,6,22.480361,88.408268,0.7129,8856.6,0,0.5752,0.2569,0.3183,0.4601
893cf2c6477ffff,3,6,22.578325,88.361774,0.6543,862.0,0.0889,0.8613,0.333,0.555,0.5764
893cf2d4bbbffff,8,4,22.611314,88.364313,0.7235,1813.8,0.5304,0.4993,0.2439,0,0.6697
893cf28b26bffff,13,1,22.638749,88.37803,0.7603,2156.0,0.5537,0.6619,0.3039,0.3816,0.6416
893cf2c4373ffff,22,5,22.4939,88.424576,0.6503,8517.6,0.0969,0.5078,0.3445,0,0.5371
893cf2c464bffff,19,2,22.497034,88.374752,0.7385,5507.6,0.622,0.7233,0.2656,0.4443,0.5827
893cf2c6507ffff,10,5,22.590676,88.384098,0.7345,815.7,0.702,0.5982,0.3512,0.2515,0.6803
893cf2c54b3ffff,1,5,22.48786,88.353292,0.698,4252.3,0.361,0.6176,0.2185,0.6988,0.5481
893cf2d41bbffff,23,5,22.634853,88.304147,0.5443,7864.2,0,0.5547,0.3455,0.8028,0.3657
893cf2896abffff,18,4,22.616119,88.390944,0.6197,1601.2,0.7427,0.5603,0.4373,0.6379,0.6749
893cf2891c3ffff,0,0,22.626094,88.425309,0.4554,2794.1,0.2259,0.7206,0.2614,0.6721,0.5042
893cf2c65a3ffff,4,3,22.597037,88.385809,0.6784,901.3,0.1371,0.7471,0.5586,0,0.6735
893cf2c418bffff,5,3,22.525916,88.423686,0.6463,4812.0,0.1733,0.4528,0.2437,0.441,0.4385
893cf2c291bffff,10,0,22.523163,88.293136,0.7468,2704.2,0.6785,0.5005,0.3168,0,0.6624
893cf2c705bffff,10,0,22.507515,88.330081,0.6263,1306.0,0.8875,0.4606,0.3854,0.4193,0.6793
893cf2c6a27ffff,15,2,22.544626,88.447727,0.6902,4236.1,0.5383,0.7279,0.358,0.5206,0.5065
893cf2c2b47ffff,23,2,22.495522,88.288882,0.6188,1293.9,0.3832,0.4311,0.2839,0.9416,0.5182
893cf2d41a7ffff,14,2,22.636852,88.311017,0.8203,7491.0,0.5071,0.6267,0.2688,0.2306,0.5585
893cf2c0d0bffff,1,4,22.483423,88.307787,0.5534,1923.5,0.0769,0.5486,0.342,1.1994,0.4947
893cf2c6813ffff,0,5,22.568276,88.438254,0.7363,1990.6,0.0026,0.5855,0.2677,0.7609,0.5281
893cf2c6d73ffff,19,2,22.582994,88.448553,0.5171,3122.3,0.7042,0.6374,0.2823,0,0.5609
893cf2c6203ffff,15,3,22.545142,88.368685,0.6102,1604.7,0.4477,0.6419,0.3295,0.3678,0.6303
893cf289127ffff,0,0,22.626713,88.447655,0.5738,5080.4,0.1179,0.6224,0.3098,0.8883,0.3711
893cf289453ffff,4,2,22.629024,88.384915,0.7113,1583.3,0.132,0.7915,0.5606,0.3221,0.6452
893cf2c447bffff,5,1,22.521307,88.38761,0.6142,4163.3,0.1356,0.6095,0.2768,0.6998,0.4147
893cf2c4cdbffff,20,6,22.52772,88.440009,0.7004,5055.6,0.5977,0.6538,0.335,0.9871,0.5249
893cf2d4ac7ffff,6,3,22.599146,88.332541,0.8659,3200.7,0.1771,0.7063,0.0788,0.6125,0.5377
893cf2c71b3ffff,0,4,22.532415,88.365264,0.6538,1677.3,0.0614,0.5288,0.4079,0.5398,0.522
893cf2891c3ffff,13,3,22.626094,88.425309,0.7701,2622.9,0.4865,0.6738,0.3051,0.5088,0.6235
893cf2d4b33ffff,0,0,22.60695,88.369473,0.7186,1416.8,0,0.6251,0.3249,0.7459,0.5663
893cf2890dbffff,1,3,22.618114,88.397816,0.7197,1350.0,0.1558,0.7719,0.3362,0.8009,0.5461
893cf2c456fffff,10,5,22.527104,88.417671,0.8241,5101.3,0.7194,0.6606,0.2282,0.3086,0.5399
893cf2c464bffff,20,1,22.497034,88.374752,0.7046,5093.8,0.7337,0.4874,0.2703,0.0377,0.5543
893cf28b277ffff,3,2,22.645108,88.379742,0.6431,2530.9,0.0927,0.6668,0.3777,0.8898,0.5583
893cf2d4153ffff,7,4,22.623315,88.294714,0.906,8129.1,0.3303,0.6795,0.2864,0.0658,0.6069
893cf2d4bcbffff,12,2,22.601958,88.352296,0.9115,1758.6,0.5172,0.5978,0.3722,0.928,0.7129
893cf2c2b47ffff,14,0,22.495522,88.288882,0.6839,1633.5,0.393,0.4423,0.4246,0.6806,0.592
893cf2c6a5bffff,3,5,22.535463,88.426255,0.6293,3902.5,0.1361,0.6434,0.3162,0.7213,0.5002
893cf2d5a4fffff,3,3,22.536891,88.299987,0.7827,3869.6,0.1013,0.656,0.3159,0.2142,0.5635
893cf2c687bffff,18,4,22.557544,88.441701,0.5735,2858.2,0.5852,0.6662,0.3295,0.3633,0.5187
893cf2c4687ffff,18,4,22.516129,88.379884,0.8205,4011.7,0.8096,0.5592,0.2516,0,0.6978
893cf2c4edbffff,13,3,22.505443,88.434015,0.9049,7199.5,0.2671,0.6648,0.3826,0.5219,0.5281
893cf2c434bffff,10,0,22.488722,88.41685,0.8689,8625.1,0.6338,0.5616,0.3448,0,0.6175
893cf2c4133ffff,17,3,22.52354,88.435717,0.7309,5452.2,0.672,0.6888,0.3029,0.3519,0.5939
893cf2c2963ffff,6,3,22.516616,88.300873,0.8171,2008.8,0.2626,0.5996,0.4317,0.4071,0.6517
893cf2c5d57ffff,23,6,22.479787,88.436616,0.6001,10345.0,0.1904,0.6221,0.2925,0.6881,0.4549
893cf2c4563ffff,16,3,22.529289,88.415091,0.6397,4648.9,0.5214,0.6374,0.3631,0.2292,0.5289
893cf2d4a87ffff,15,2,22.606505,88.337686,0.8122,3613.2,0.4896,0.4872,0.2345,0.4393,0.5951
893cf2c6c97ffff,21,1,22.592108,88.419326,0.7491,2618.8,0.2793,0.4081,0.3637,0.4658,0.5403
893cf289663ffff,10,3,22.604396,88.390957,0.7355,1095.9,0.7405,0.769,0.3897,0.7222,0.691
893cf2d6a43ffff,8,0,22.643392,88.303276,0.7595,8812.3,0.9645,0.5291,0.3949,0,0.6813
